"","journeyID","pathPoints2_oct_surf","pathPoints2_oct_20","pathPoints2_oct_50","pathPoints2_year_surf","pathPoints2_year_20","pathPoints2_year_50"
"1","BAR_CDOU",0.115687448704793,0.0435691183540541,-0.0289078402167574,0.0948915858747773,0.015717631168124,-0.0398028183713285
"2","BAR_CHAM",0.118300025494815,0.0438525717922454,-0.0272832197187264,0.0981707812810356,0.0162150847715964,-0.0370746666961611
"3","BAR_CMAR",0.176631173798031,0.132882598563149,0.06467265848234,0.174154617083136,0.111488961860699,0.0500372151889844
"4","BAR_CORA",0.110738138415713,0.120469793809757,0.0752966459701998,0.14356875921145,0.139295909309685,0.0783972796853518
"5","BAR_CUEV",-0.0535485015933226,0.0150937276213309,-0.00102391652662247,-0.0295469124183564,0.0325411496224321,0.0139241550135006
"6","BAR_DAPH",0.0796582444127095,0.085194989427975,0.048619396289407,0.120381658476527,0.104771777675989,0.0507505362191404
"7","BAR_EGAS",0.142340015834071,0.111663102048655,0.0495117025062594,0.15389683493384,0.104948820219492,0.0422528296985118
"8","BAR_ELI",0.0350378799297933,0.0237566439964747,0.00694269763904299,0.0357351475970287,0.0149072499132836,0.00311435562598628
"9","BAR_GARD",-0.0728543860862364,0.000337120128528326,-0.00062036993297614,-0.0605504497895518,0.00763198241679697,0.00629762085593838
"10","BAR_PCAL",0.151332264081362,0.136900957347524,0.0656858083752408,0.191649366572823,0.160071241939171,0.0770128119795495
"11","BAR_PESP",0.0524283574345225,0.0222357444350695,0.00238457055476467,0.0582945194592978,0.0193042879387965,0.00267681485984949
"12","BAR_PIN",0.189759679602092,0.159728083621681,0.0719073098433302,0.212659997720504,0.164190482746141,0.0691382534923514
"13","BAR_PLAZ",0.0668610835620634,0.0985695042766869,0.0427396168417021,0.117091313383185,0.123015064927162,0.055776651665051
"14","BAR_PMAN",0.0572690867781809,0.0266706442496904,0.00886022933376554,0.0610704436705551,0.0198510518153039,0.00788032654622962
"15","BAR_PMOR",0.0769977691176083,0.037421232933905,0.0124868836776758,0.0701313327110232,0.023705084956084,0.00711432804410539
"16","BAR_PROJ",0.107000823890125,0.0855086002346065,0.0397896934052503,0.140856536216374,0.100451566910553,0.0436728811180493
"17","BAR_PVIC",0.0908912767666162,0.039171825200788,-0.0275531439490226,0.0716460497417578,0.0126990218844716,-0.0342443503975815
"18","BAR_RED",0.0918874117382799,0.0305045911115935,-0.0643244797796497,0.0808081661650647,0.0103320175546564,-0.0612929509546771
"19","BAR_SOMB",0.0946786851058262,0.0830822421022755,0.0436490732284525,0.140446533454899,0.111437607376275,0.0542579619832647
"20","BAR_STAFE",0.0597976403718546,0.105866984183689,0.0423274952235434,0.114371811049987,0.136883953626616,0.065489752990147
"21","BAR_SUAR",-0.0723139152234883,0.000890373068368992,-0.000466744654285093,-0.0586414882563102,0.00911104084865144,0.00690328180295065
"22","BAR_TOR",0.0881586783978351,0.126672079345085,0.063395382606329,0.141777811691683,0.146317998139968,0.061329968773036
"23","CDOU_BAR",-0.120575542212851,-0.0463829290987352,0.027936700623788,-0.0992194840328113,-0.0177342420999813,0.0392874509274982
"24","CDOU_CHAM",-0.0991797629056876,-0.0480790044891294,0.0218477327780781,-0.0823474896337785,-0.0238127728426793,0.0387644480518689
"25","CDOU_CMAR",-0.0548381164224957,-0.0502148220314769,-0.0800715196611457,-0.0644155476113583,-0.0600548483025317,-0.0709576943088195
"26","CDOU_CORA",-0.122865822963099,-0.0776813145910918,-0.031051821679646,-0.141838360919903,-0.0844792548695717,-0.0377627756336895
"27","CDOU_CUEV",-0.0831392748256388,-0.0128258523880449,0.0167346965786198,-0.059110047284676,0.0108849345610156,0.0301548200009551
"28","CDOU_DAPH",-0.148034577840417,-0.106921407406843,-0.0752807100115824,-0.160265092762304,-0.112246970840102,-0.0752135388634217
"29","CDOU_EGAS",-0.158227500233582,-0.127932569306257,-0.103177463463284,-0.166887502741141,-0.129645046400671,-0.0982560443904833
"30","CDOU_ELI",-0.0768684959600889,-0.0215005612544515,0.0110492287735815,-0.0766336205311501,-0.0215610224112414,0.0123498053961972
"31","CDOU_GARD",-0.086014684915616,-0.0128942408208167,0.0119362979146452,-0.0686516360167577,0.00332684324856662,0.0212845145498616
"32","CDOU_PCAL",-0.127094945632365,-0.0908747096486235,-0.0579116297279922,-0.148141585305844,-0.0996955410773122,-0.0580503021201526
"33","CDOU_PESP",-0.0412118390743623,0.00205065324516843,0.0086564396716649,-0.0398201734143738,-0.00552283769534295,0.00221385696464538
"34","CDOU_PIN",-0.00874527045239861,0.00624005983814998,-0.0486996240047357,-0.0259378555137963,-0.0137863337708745,-0.0789758443059712
"35","CDOU_PLAZ",-0.138860503303027,-0.0970065557220179,-0.0658822722608608,-0.151176038442694,-0.10307119157056,-0.0672746339728133
"36","CDOU_PMAN",-0.0383600106168261,-0.000395808211011065,0.0185606406569578,-0.0430787766069695,-0.0083991260304092,0.0124498080316768
"37","CDOU_PMOR",-0.123501373116515,-0.0548036860116651,0.0162831275742433,-0.0976475645662834,-0.0251733540144604,0.035225905351363
"38","CDOU_PROJ",-0.168688876216381,-0.129897100267629,-0.0962162988112832,-0.165847522016489,-0.121290766637288,-0.088197072195124
"39","CDOU_PVIC",0.0188729985049329,0.0300676407282287,-0.0275327443763946,0.00092039799688576,0.00408556867041488,-0.0199162812561594
"40","CDOU_RED",0.0437857865256812,0.0055809252633865,-0.119921199279436,0.0497758796359877,-0.00024324561244009,-0.0916720144680097
"41","CDOU_SOMB",-0.153377186951945,-0.116079050678941,-0.0859375284334866,-0.149421528335185,-0.108068673708279,-0.0786857866499634
"42","CDOU_STAFE",-0.0165940089436354,0.0405520336757746,0.0374647297688398,0.0229524902478947,0.0703561328639723,0.0550036052582084
"43","CDOU_SUAR",-0.0856171165727147,-0.0126729953625333,0.0117963494201201,-0.0681398377082443,0.00362306869235956,0.0212813668525021
"44","CDOU_TOR",-0.0622822705208812,0.0016236334106569,0.0396573326441198,-0.032736180126635,0.0279468673769949,0.0476686623878763
"45","CHAM_BAR",-0.114448969993069,-0.0407175176061936,0.0294677329638854,-0.0923621156142009,-0.0121267881346909,0.0402597387046799
"46","CHAM_CDOU",0.103911285450542,0.0475684346591603,-0.0241168418776883,0.0877726545266841,0.0242965332580346,-0.0410207879942214
"47","CHAM_CMAR",-0.0222908528393977,-0.0318303519630451,-0.0705727399132738,-0.0327044840473452,-0.0438959986681646,-0.0661151970306397
"48","CHAM_CORA",-0.105184012648848,-0.0682452075882111,-0.0312134897474389,-0.123673894293759,-0.0760771638678326,-0.038625011113842
"49","CHAM_CUEV",-0.080504441042617,-0.00953089323558153,0.0155226953952504,-0.0557464698780204,0.0143426016797949,0.0289689418035205
"50","CHAM_DAPH",-0.00603711939314112,0.0291899719097913,0.0397365265768618,0.0258828223422724,0.0522636391971828,0.0455957192478694
"51","CHAM_EGAS",-0.125428686303375,-0.106409443190218,-0.0939201598175054,-0.135100138049367,-0.110713243520987,-0.0917211662039407
"52","CHAM_ELI",-0.102285207092178,-0.0265097545467576,0.00316025718112387,-0.0837583641784007,-0.0156468225283818,0.00655707491298108
"53","CHAM_GARD",-0.0840625042990394,-0.00989951860316385,0.010481575334924,-0.0673159848642213,0.00507506861427632,0.0192503702483876
"54","CHAM_PCAL",-0.0993514802696771,-0.0739042108642282,-0.053593561637123,-0.120387724432279,-0.0850457394574343,-0.0556523130791713
"55","CHAM_PESP",0.0260586765514293,0.0240847601620381,-0.00601510562105857,0.0182695460579559,0.00852813126742671,-0.0177928941147509
"56","CHAM_PIN",0.00377983153137129,0.0100773922910349,-0.0466786877802022,-0.01327072632829,-0.0101902789150031,-0.0752159313591454
"57","CHAM_PLAZ",-0.00794459401075536,0.0429731553833473,0.0393980950042191,0.0314160296066708,0.0700922042774226,0.0515534170560236
"58","CHAM_PMAN",-0.0889206481716557,-0.0305356101568956,0.00464935888348789,-0.0612157692240563,-0.0103208950289997,0.0173856442472295
"59","CHAM_PMOR",-0.136527332720877,-0.058292792610439,0.0141105398694318,-0.105954135714378,-0.0259374175698268,0.0337018075146125
"60","CHAM_PROJ",-0.136717788806408,-0.109015826270165,-0.0867685245324079,-0.136203704910841,-0.104105827761576,-0.0817660588443452
"61","CHAM_PVIC",0.0509024543591244,0.0358249616419062,-0.0274590523651283,0.0336782970220484,0.0106352307975329,-0.030155877942927
"62","CHAM_RED",0.0576607018754479,0.0132550781913219,-0.102300876725619,0.0591465188543421,0.00421760170065318,-0.0844251759937516
"63","CHAM_SOMB",-0.127290148193579,-0.099890837561812,-0.0811364307436859,-0.125057826069,-0.0948444245748066,-0.0761069186825616
"64","CHAM_STAFE",-0.0100775922497124,0.0480690267915323,0.039078698607512,0.0319308207020909,0.0787544586083452,0.0569602899386126
"65","CHAM_SUAR",-0.0840561197214833,-0.0102241025883235,0.0107116093173393,-0.0665208768291628,0.00555008072627213,0.01978022432635
"66","CHAM_TOR",-0.0586836002301484,0.00678946908448108,0.0402680764575793,-0.0275371973433507,0.0336249312546235,0.0476197912985435
"67","CMAR_BAR",-0.17401856118282,-0.130829800298475,-0.063576181229595,-0.171379944639226,-0.109602304717033,-0.0490458123535325
"68","CMAR_CDOU",0.0567241628281237,0.0540140294326051,0.0839982533954436,0.0649148619929826,0.0623598913634342,0.0735680514104977
"69","CMAR_CHAM",0.0245199487064527,0.0329382588245972,0.070117922601933,0.0348531597467804,0.044750062043421,0.0655006329306485
"70","CMAR_CORA",-0.104501109109309,-0.0427296098663698,0.0199549886428639,-0.115061108730818,-0.0389474647310574,0.0097608121680057
"71","CMAR_CUEV",-0.272345290111173,-0.196918329735244,-0.0870866435872837,-0.262953334130296,-0.169894175949384,-0.0762800217910829
"72","CMAR_DAPH",-0.185761962080973,-0.116486325963042,-0.0498245998031455,-0.201699182709377,-0.121205259277654,-0.0585638179051944
"73","CMAR_EGAS",-0.27136631397093,-0.194265384507503,-0.10208694190346,-0.272094857981203,-0.176777368619742,-0.0977867374756446
"74","CMAR_ELI",-0.0379168272226244,0.00484650576626729,0.0458552401769419,-0.039348415055971,0.00704038131326723,0.0410487797310707
"75","CMAR_GARD",-0.204464775182969,-0.124058431642718,-0.0412803277762354,-0.205383814866512,-0.114465519005186,-0.0448649997190646
"76","CMAR_PCAL",-0.100122283903267,-0.0474507587166664,-0.003730006537835,-0.106737483506109,-0.0403055844416336,-0.0038311982589798
"77","CMAR_PESP",-0.000229998997618268,0.0299403137660776,0.0597673544618586,-0.00347925568775918,0.0299936324659695,0.0514103403845892
"78","CMAR_PIN",0.099955282646151,0.112593146964925,0.0556802861851955,0.113141894582631,0.123964322459363,0.033459818933147
"79","CMAR_PLAZ",-0.165557538022171,-0.0990685277724732,-0.0393992165447028,-0.18110749779841,-0.104633278559758,-0.0485886602924901
"80","CMAR_PMAN",-0.00618974139586982,0.0257184202840381,0.0558736943820062,-0.0113956802736815,0.0232376032566618,0.0467540426702829
"81","CMAR_PMOR",-0.0116679346215211,0.0199684621597089,0.0448826175232216,-0.0213466034087266,0.0148805162609835,0.0366528055316486
"82","CMAR_PROJ",-0.270904491230004,-0.193011279995801,-0.0960812279896572,-0.248980067691018,-0.159388368464629,-0.0854070054319036
"83","CMAR_PVIC",0.0814186842610105,0.0779962863472922,0.0837257397494177,0.083309925344148,0.0791920951725985,0.0800977315468187
"84","CMAR_RED",0.151034179388278,0.0991110380362424,0.0815795960750117,0.179635691882101,0.118186608639282,0.085141345940602
"85","CMAR_SOMB",-0.227557896030116,-0.157412008006016,-0.0782296944484097,-0.206518328815926,-0.129316464843509,-0.0695868571871192
"86","CMAR_STAFE",-0.169058234893685,-0.0982541725800523,-0.0473332542336367,-0.140915218519897,-0.0668600084779761,-0.0299661262486259
"87","CMAR_SUAR",-0.210069411806817,-0.127795923540576,-0.0464615992807806,-0.21031281960169,-0.117995082149768,-0.0487089336971373
"88","CMAR_TOR",-0.192787156106239,-0.142606557523789,-0.0725909276057302,-0.180655619496246,-0.116426788878183,-0.0534691684438002
"89","CORA_BAR",-0.110579421802912,-0.121011448690057,-0.0754906819088569,-0.143738133037746,-0.139875099818447,-0.0786232947915429
"90","CORA_CDOU",0.121489048098212,0.0773755658036134,0.0311538486643257,0.140137935609916,0.0840833542086872,0.0379101174940559
"91","CORA_CHAM",0.102826694766026,0.0666770715624882,0.0304585404619177,0.121153496048315,0.0747092103137598,0.0379988371274708
"92","CORA_CMAR",0.104976719795064,0.0428910103652163,-0.0204852187901093,0.115482300635497,0.0390086840836545,-0.00991090361662674
"93","CORA_CUEV",-0.180573199811242,-0.172962705994782,-0.0713841335191176,-0.22089370901618,-0.1942774559217,-0.0974706944340212
"94","CORA_DAPH",-0.151077538119851,-0.163621512759834,-0.0986236160065605,-0.180665558043441,-0.17998910674896,-0.0998489361765587
"95","CORA_EGAS",0.0110261970755867,-0.0362663733452053,-0.0613152505403834,0.00382505860404877,-0.048731057724409,-0.0560961465660797
"96","CORA_ELI",0.0646150681469669,0.0503098717797018,0.0231778488025936,0.076420867023701,0.0540450301388167,0.029337428540905
"97","CORA_GARD",-0.216562915141548,-0.172360378876432,-0.0403551283144486,-0.264313926856478,-0.19679521288737,-0.0765744837087805
"98","CORA_PCAL",0.118234429049375,0.0474508934048004,-0.0550613428588821,0.128429703488871,0.0455180069483873,-0.0174022927501736
"99","CORA_PESP",0.102282459675605,0.0704972010632034,0.0243611726566873,0.115940124669637,0.0732344786592115,0.0310090852395088
"100","CORA_PIN",0.204904245520588,0.126082798267874,-0.00332718559766861,0.221736457444685,0.125759163510964,0.0261445901833003
"101","CORA_PLAZ",-0.171831350685951,-0.165421780303461,-0.0802468577932624,-0.204818691817146,-0.183478822378617,-0.0932126742025942
"102","CORA_PMAN",0.0881522740843363,0.0638052564201005,0.0258291350971127,0.0993627773180408,0.0653927884299943,0.0311754182811222
"103","CORA_PMOR",0.0779237345260774,0.0577875668123138,0.0226325215812561,0.085634416338777,0.0577934148021351,0.0268601724731557
"104","CORA_PROJ",-0.068681631448549,-0.0981751822828499,-0.0800182119118732,-0.091212202642592,-0.114302099783192,-0.0758664306855995
"105","CORA_PVIC",0.141248759678407,0.0901465011572386,0.0261963205435648,0.15891930280865,0.0938145603564278,0.0366094254826871
"106","CORA_RED",0.194606903911549,0.119427248739491,0.0431115793886642,0.232825074385741,0.137868358577426,0.065405903038939
"107","CORA_SOMB",-0.0838787664302333,-0.113221584283367,-0.0927079732019418,-0.104426149469701,-0.129191210757211,-0.0868985870213512
"108","CORA_STAFE",-0.190459203603146,-0.169625768512027,-0.0650502831061851,-0.226500180508681,-0.189123572429297,-0.0867411994356669
"109","CORA_SUAR",-0.218848104045939,-0.176117898304097,-0.0427162710610933,-0.266964301705259,-0.200582324442909,-0.0783814024338659
"110","CORA_TOR",-0.117404130903024,-0.130596579087898,-0.0854427837552399,-0.1473669091799,-0.150220112446982,-0.0869069948385907
"111","CUEV_BAR",0.0528192325548991,-0.0152816924758117,0.000871790114065732,0.0291213757889847,-0.0326496657265214,-0.0142151586661194
"112","CUEV_CDOU",0.084641632889047,0.0137250149874262,-0.0166435125124211,0.0602685558285768,-0.0106193809531303,-0.0304527105695423
"113","CUEV_CHAM",0.0799483446055534,0.00881539342951088,-0.0145366068970976,0.0559010549125658,-0.0143416181306742,-0.0277655011881412
"114","CUEV_CMAR",0.271507368226993,0.196316624313108,0.0867554275956102,0.262331820075257,0.169465046802785,0.0759992405997355
"115","CUEV_CORA",0.180298324311101,0.172730566308183,0.0712319925973028,0.22050317447764,0.193986963606248,0.0972834651532974
"116","CUEV_DAPH",0.189046202033221,0.146966015147203,0.0541576756643206,0.209818289147555,0.151635708418176,0.0666474298388954
"117","CUEV_EGAS",0.241860749505366,0.165040532240651,0.0627950662340739,0.244578828838297,0.153098197398332,0.0613380842663709
"118","CUEV_ELI",0.0395110862076047,-0.000209681167297241,0.00164744870524387,0.0256401924150551,-0.0142744523790368,-0.00857406208361158
"119","CUEV_GARD",-0.051202991553795,0.0199256283426428,-0.00122888791197524,-0.047433284246666,0.017463214642678,0.00756766387729465
"120","CUEV_PCAL",0.223412008700055,0.184047066375024,0.0764413886016956,0.249328147611054,0.194322067846829,0.0900237060065191
"121","CUEV_PESP",0.0471791419774432,0.00079262957823597,0.000840740564975875,0.0377506695592299,-0.00940462707531307,-0.0065256594453175
"122","CUEV_PIN",0.255818317788884,0.206317857721767,0.0759427525608864,0.289844117251916,0.217070519977617,0.0833606825390584
"123","CUEV_PLAZ",0.202365804880064,0.187274622967806,0.0586712708098461,0.254060470679022,0.21689030664864,0.104963189685198
"124","CUEV_PMAN",0.0485694472300303,0.00101656986578179,0.00382214454621353,0.0372218080626773,-0.0115239485721355,-0.00477884637324244
"125","CUEV_PMOR",0.0585507883341212,0.00342560046011438,0.00477304656281469,0.0403885157367967,-0.0131476516043361,-0.00647953688710399
"126","CUEV_PROJ",0.23063208197098,0.154974466767716,0.0551858060034381,0.242476854492788,0.15404490315901,0.060543655043716
"127","CUEV_PVIC",0.228269589767777,0.170993964788508,0.0881076194193239,0.221966153236162,0.150963935803808,0.079566015701969
"128","CUEV_RED",0.251066382968446,0.180652737684503,0.0891905556720891,0.250706111816706,0.164062959683223,0.0821900404961406
"129","CUEV_SOMB",0.212844053585463,0.155009837524998,0.0585206894688839,0.234402999548886,0.162713612414478,0.0725699889109385
"130","CUEV_STAFE",0.153377826705935,0.162792370950919,0.0618328716528175,0.198902551722825,0.178931254768525,0.0925733291509222
"131","CUEV_SUAR",-0.0498996917447825,0.0219589046655144,-0.000899006493557319,-0.0448341807417733,0.0200162732919589,0.00838146751740143
"132","CUEV_TOR",0.148178991327571,0.062965628117819,0.0360412047103775,0.14328027888976,0.0489040887656292,0.0187904013486769
"133","DAPH_BAR",-0.0737458844570713,-0.078982532097668,-0.0454941974801693,-0.111292034400047,-0.0972530318404447,-0.0475255234930681
"134","DAPH_CDOU",0.143878877479171,0.105303263530522,0.0744278298636939,0.155953121407215,0.111093668996901,0.07501162400903
"135","DAPH_CHAM",0.00617240270365326,-0.0292137861944645,-0.038893686087268,-0.0253055437893023,-0.0518003542149614,-0.0444513805405073
"136","DAPH_CMAR",0.182292834800271,0.112975146775079,0.0479684259185711,0.197948973123144,0.117537085455092,0.0565262959899899
"137","DAPH_CORA",0.150819876372485,0.163774195362929,0.0989118229073781,0.180331702461129,0.18004397611153,0.100037529859652
"138","DAPH_CUEV",-0.190364440470236,-0.148457163482814,-0.0546767356079777,-0.211627649705836,-0.153298333929641,-0.0675901250367629
"139","DAPH_EGAS",0.0851070241507929,0.0195762542150131,-0.00211526102743246,0.0584951035894292,0.00148320926608865,-0.00981238499017591
"140","DAPH_ELI",-0.025552493285953,-0.0333599774265739,-0.0210939055783682,-0.0453517289564215,-0.0466525634287659,-0.0237858992282963
"141","DAPH_GARD",-0.154188710109029,-0.0833307960834272,0.00761778560945908,-0.191945965510068,-0.105508187886469,-0.023178022637701
"142","DAPH_PCAL",0.28202942482138,0.243714101159798,0.102020725219168,0.323278490972449,0.259241964131931,0.109773545523465
"143","DAPH_PESP",0.119519361720893,0.0952003680440846,0.0653169295111147,0.125973381555675,0.0965461600097975,0.0656833349716328
"144","DAPH_PIN",0.307136118820128,0.253002063324093,0.0888548647104895,0.354813856148038,0.266618227710028,0.0888519651467764
"145","DAPH_PLAZ",-0.0572399323020204,-0.000311436032178345,0.0144519085209287,-0.0666889268415655,-0.0108347078818454,0.00380475239960991
"146","DAPH_PMAN",-0.0173390539616691,-0.032246440965551,-0.0210712183866695,-0.0364264273190158,-0.0451212278828469,-0.0224304670978056
"147","DAPH_PMOR",-0.0207781376288924,-0.0394798550462442,-0.0262701556909178,-0.0492432908003909,-0.0569076978765961,-0.0296757785384984
"148","DAPH_PROJ",0.0448196097822237,-0.0221871784654515,-0.0259492803890342,0.016685443054596,-0.0395853191055665,-0.0349616790352756
"149","DAPH_PVIC",0.170061009075806,0.123110193791308,0.0739060527998055,0.179863046098298,0.124935347430234,0.0773517447097131
"150","DAPH_RED",0.254490443464871,0.177465492804334,0.101416734903198,0.275722368602161,0.183249166885681,0.10614314775476
"151","DAPH_SOMB",0.062348350304651,-0.00829881597384555,-0.028048983270754,0.0508740909938435,-0.0166329461494358,-0.031665439787153
"152","DAPH_STAFE",-0.0731352669904582,-0.0189874234612105,0.0136845353915767,-0.0873747376581024,-0.0287087367051957,1.80246765367006e-05
"153","DAPH_SUAR",-0.152205198370657,-0.0836635606676353,0.00682907462211682,-0.190366559120692,-0.105369472149985,-0.0232271407368888
"154","DAPH_TOR",-0.0817869452414768,-0.0919178497298332,-0.0604945275495895,-0.117632673684572,-0.113344758607217,-0.0584141903619205
"155","EGAS_BAR",-0.136202136738647,-0.104409745154543,-0.0464035931185604,-0.146925080342315,-0.0983217123784378,-0.0397822324987353
"156","EGAS_CDOU",0.160304662716042,0.129578651255604,0.103769061531458,0.168912507383276,0.130874763039317,0.0986813547976806
"157","EGAS_CHAM",0.12608794192678,0.106253284039182,0.0931035257499601,0.1358397110936,0.110536594894557,0.0909810490253143
"158","EGAS_CMAR",0.275420359184847,0.19604561546489,0.102247094353701,0.276373525973974,0.178673351693433,0.098257590557737
"159","EGAS_CORA",-0.0105466755000626,0.0368801828381602,0.0614674730548499,-0.00320977237529212,0.0493957229194523,0.0563863346591211
"160","EGAS_CUEV",-0.240546443424001,-0.164043728718018,-0.0623236818086658,-0.24301426997509,-0.151912530552843,-0.060703891318373
"161","EGAS_DAPH",-0.0893113370497953,-0.0217772443530261,0.00148253204445597,-0.0627654187105941,-0.00366497955997295,0.00896673405438703
"162","EGAS_ELI",0.0659348781514792,0.075892592380511,0.072956394825297,0.0671139435375991,0.0742242419453335,0.0701279175030069
"163","EGAS_GARD",-0.169097590504085,-0.0871967055129654,-0.0156131388072223,-0.179791468243445,-0.091311170476141,-0.0285705770479975
"164","EGAS_PCAL",0.138970822005838,0.150207368145289,0.0821747963652119,0.161129269805985,0.166168877203612,0.0973321693249971
"165","EGAS_PESP",0.123946646248797,0.1152805882762,0.0912077405791088,0.12422684260921,0.110602825927001,0.0862740884902477
"166","EGAS_PIN",0.245848415994614,0.219455604665295,0.0999060000125726,0.283946011125852,0.238104495080889,0.102394187069985
"167","EGAS_PLAZ",-0.0829538013331033,-0.0186159650124829,0.00154582078926177,-0.0670022035458009,-0.0102439671153902,0.00320424908129046
"168","EGAS_PMAN",0.100341468345464,0.099193635508302,0.0840226960082124,0.0986659333330338,0.0934818902896458,0.078480480706897
"169","EGAS_PMOR",-0.0619897048900901,-0.0561626872996402,-0.0262197224200256,-0.0722302521153892,-0.05734718801844,-0.0237865320795522
"170","EGAS_PROJ",-0.173665699587268,-0.0976427868900163,-0.037162768674664,-0.142839552581866,-0.0694694971972292,-0.0280074715913887
"171","EGAS_PVIC",0.199271792089854,0.161638374330264,0.109964989986534,0.203587110440964,0.156736555643293,0.1091091325101
"172","EGAS_RED",0.241129186695292,0.17722343251465,0.110813093597588,0.259600425505467,0.181438128151008,0.11410777141842
"173","EGAS_SOMB",-0.106017313893413,-0.0515923821267461,-0.0197359543862425,-0.0801362941379384,-0.0334517455265336,-0.013735594771084
"174","EGAS_STAFE",-0.0963805966387414,-0.0269662148085189,-0.007691298452939,-0.0716139567900672,-0.00858942795160294,0.0033958023510554
"175","EGAS_SUAR",-0.174729123650374,-0.0906060242616682,-0.0209335917888561,-0.184738870245679,-0.0946767561004863,-0.0325110062647484
"176","EGAS_TOR",-0.155050127466494,-0.116213730954002,-0.0550340255331432,-0.154338030674911,-0.105700318833821,-0.0431768065957383
"177","ELI_BAR",-0.0347498599709754,-0.0230019068497001,-0.00491670849995759,-0.0339040818955329,-0.0131352001671201,-0.000557890901728811
"178","ELI_CDOU",0.0732719388692514,0.0197705444083715,-0.0125117426845941,0.073861994184756,0.0210506984809933,-0.0132301350994495
"179","ELI_CHAM",0.101491675648665,0.0269096331759742,-0.0022232082826878,0.0830355409343523,0.0161104605261988,-0.00552298888418093
"180","ELI_CMAR",0.036788631613659,-0.00643696990174703,-0.0482421167220384,0.0387979692401305,-0.00815790191796105,-0.0429866298821698
"181","ELI_CORA",-0.0665866121546483,-0.0515222391922175,-0.0240705381467387,-0.0784786697197915,-0.0550563029395261,-0.029951398188132
"182","ELI_CUEV",-0.0398010836436124,0.00020103029523222,-0.000825778463277127,-0.0251912130058997,0.0148181757396219,0.00956293573944916
"183","ELI_DAPH",0.0269950560712355,0.0353029428853697,0.0239423093812142,0.049440875832287,0.0502496555276444,0.0271499529122938
"184","ELI_EGAS",-0.062845684006327,-0.0742436675442089,-0.0729849135328194,-0.064062115410984,-0.0729463713281031,-0.0703150956352707
"185","ELI_GARD",-0.055741723445447,-0.00397988527739397,-0.000956736143215181,-0.0461024720096939,0.00487729408581366,0.00565714092652366
"186","ELI_PCAL",-0.0505021837189886,-0.0523100138011606,-0.0421320718791599,-0.0618294840257856,-0.0565466965242291,-0.0426388304890706
"187","ELI_PESP",0.0986642259245559,0.0345624524153134,-0.0124721390953377,0.0982113445668308,0.0305930303300146,-0.0174604128919352
"188","ELI_PIN",0.0406199276309773,0.0216310605433675,-0.0344579214772331,0.0328667165448399,0.00941813573901496,-0.0580059438650892
"189","ELI_PLAZ",0.026982976723532,0.0495689681631318,0.0240836005052153,0.0563387633187489,0.0681456586559553,0.0331652202837899
"190","ELI_PMAN",0.107824248020243,0.0314009311823647,0.00265252977253017,0.0948115878430101,0.0225797642546167,0.00265787780950641
"191","ELI_PMOR",0.048068832968676,0.00837552678326675,0.00634157629353408,0.0378351060511188,0.0077948511056141,0.00820049758456897
"192","ELI_PROJ",0.0339338247229874,0.0315723346217428,0.0173939196033191,0.0514950607682343,0.043637289725614,0.0214702968648648
"193","ELI_PVIC",0.114302382367523,0.0418878890050627,-0.0167863459998648,0.11551409121106,0.0373786062552709,-0.0135318983703807
"194","ELI_RED",0.114472440741873,0.0405495433394974,-0.0451774782753344,0.123468776720648,0.0407610116322476,-0.0347269443622635
"195","ELI_SOMB",0.0321486883837905,0.0317138917550267,0.0206562928344783,0.0560377731857816,0.0511105422458776,0.0284291742165156
"196","ELI_STAFE",0.0229049759355536,0.0544257781301055,0.0243378367911759,0.0553063045426728,0.0767621071082452,0.0391431883910692
"197","ELI_SUAR",-0.0550594608275309,-0.0030777724159991,-0.000253838306219631,-0.0442187980384887,0.00656235908722099,0.00683872916634166
"198","ELI_TOR",-0.00520570080213504,0.0169791852679642,0.0144896320685394,0.0107504580945519,0.03058612906934,0.017854360762108
"199","GARD_BAR",0.0712729766477906,-0.00120088359269204,0.000438276791151864,0.0587319391400289,-0.00869929537760637,-0.00681053517804832
"200","GARD_CDOU",0.0850749133504907,0.0126177561977214,-0.0109775006029011,0.0684554495237875,-0.00306126116618012,-0.0203177607577171
"201","GARD_CHAM",0.0830561510404143,0.0097238995258851,-0.00979849590251612,0.0667558430389385,-0.00499954077886886,-0.0184989554685166
"202","GARD_CMAR",0.204267320831681,0.123606792531927,0.04110316053427,0.205570852892832,0.114374335890172,0.0447199366852916
"203","GARD_CORA",0.216556968871773,0.172415908242167,0.0405387602606538,0.264071352758784,0.196689681724776,0.0766468553465271
"204","GARD_CUEV",0.0489826872275824,-0.021890810071541,0.000408090295627642,0.0445729458885215,-0.0198903527089832,-0.00874652824321274
"205","GARD_DAPH",0.153442154961428,0.0823658145633591,-0.00838821386256278,0.191331900774291,0.104656733448804,0.0224669991514548
"206","GARD_EGAS",0.166196856961489,0.085179298706221,0.0149453833363634,0.177204630139797,0.0896704185048713,0.0278167648527
"207","GARD_ELI",0.0550676887470529,0.00386824687196079,0.00225725300244055,0.0462793908569297,-0.00444490792891008,-0.00431386490256423
"208","GARD_PCAL",0.233887772504605,0.169369703711025,0.0365731267031708,0.278213599626979,0.191951336961997,0.0601484722922597
"209","GARD_PESP",0.0596879359838617,0.00387779802199105,0.00077034624312663,0.052779281368622,-0.00266034469239705,-0.00432504370052795
"210","GARD_PIN",0.246458322107234,0.179810468049748,0.036118216547373,0.292076888919625,0.199873179542462,0.0523650186038085
"211","GARD_PLAZ",0.177639173150454,0.103301766582492,-0.00594966690873999,0.222021289074603,0.128181407119399,0.0295301599815938
"212","GARD_PMAN",0.0630030716452859,0.00482399423187835,0.00278402205272329,0.0549153225868727,-0.00296156331111609,-0.00291374183665961
"213","GARD_PMOR",0.0696443869226118,0.005241475403396,0.00286422729716038,0.0570622675164729,-0.00479457918037366,-0.00468255872688048
"214","GARD_PROJ",0.163361504039503,0.0817403244538373,0.012460590478869,0.182706228498911,0.0943203223274269,0.0307507570494946
"215","GARD_PVIC",0.18431730325196,0.119146115902851,0.0521865053975616,0.185683693064931,0.11171010776629,0.0546833136381816
"216","GARD_RED",0.199296027660902,0.123668351568942,0.0509523642742725,0.205614518976928,0.119331392093995,0.0547823757303115
"217","GARD_SOMB",0.139509205759056,0.0685439167837193,-0.010435335855167,0.169828719202902,0.0865472052969268,0.0151399178579277
"218","GARD_STAFE",0.203901828060656,0.123916089789197,0.00163964213275426,0.258206429186062,0.156371693505255,0.0436263507325642
"219","GARD_SUAR",0.0371767869509432,0.00626035840839266,-0.000407521754027627,0.0442783714195711,0.00715089416936664,0.0016986652934527
"220","GARD_TOR",0.104561192148292,0.0261684446081065,0.0139558617857848,0.100979822257738,0.0216520528430665,0.00539196826077572
"221","PCAL_BAR",-0.152088005915883,-0.137284972217139,-0.0658228014058929,-0.192646648088625,-0.160472368817638,-0.0769069724389812
"222","PCAL_CDOU",0.12508863680562,0.0899955069516345,0.0576787235561364,0.146157362696785,0.0988797905002397,0.0572176844347455
"223","PCAL_CHAM",0.100391473884909,0.0753454255638579,0.0552304248477751,0.120497304857731,0.0856237275028527,0.0567625833665916
"224","PCAL_CMAR",0.0990379046561936,0.0461277076113323,0.00277534520479089,0.106041669058088,0.0395093668211792,0.00332303060488936
"225","PCAL_CORA",-0.117475722278904,-0.046373063157726,0.0551700904606141,-0.127473480673504,-0.0443661687506523,0.0177347723849085
"226","PCAL_CUEV",-0.222613399250398,-0.182954678285424,-0.0755350368733794,-0.248941846863563,-0.193228497226182,-0.0886866961335501
"227","PCAL_DAPH",-0.285409454852433,-0.245907135838275,-0.102757739802887,-0.327326560443188,-0.261689864734745,-0.110148944097061
"228","PCAL_EGAS",-0.138177976855322,-0.149688002474766,-0.0815929443781354,-0.160158105063832,-0.165299641601324,-0.0962196896458705
"229","PCAL_ELI",0.0519340531490737,0.0524780324279127,0.0412788164903082,0.063513006117343,0.0568690303032492,0.0419139657849144
"230","PCAL_GARD",-0.23456018682282,-0.169911884780111,-0.0369487485546769,-0.278871609677045,-0.192421743496563,-0.0602115706943632
"231","PCAL_PESP",0.100460741367278,0.0808467472901369,0.0477063993055107,0.115012284032165,0.0846419929366463,0.0477920951169681
"232","PCAL_PIN",0.226248205122664,0.147673190711384,0.0209673147657853,0.262270411901897,0.15643506377021,-0.0108845270780562
"233","PCAL_PLAZ",-0.273484639700149,-0.220357831563667,-0.0792148680829066,-0.318274241525511,-0.240552142938927,-0.0904067487522834
"234","PCAL_PMAN",0.079614870494311,0.0695359833740898,0.0467640438510325,0.0900955820623849,0.0712434832310303,0.0455908427576479
"235","PCAL_PMOR",0.0648122134353223,0.0596718732144315,0.0400211390545453,0.0708878636944475,0.0596581545917927,0.0384109477382265
"236","PCAL_PROJ",-0.193221264122685,-0.183465677977201,-0.0824425501950717,-0.22708354227955,-0.198525120525871,-0.0932875224211255
"237","PCAL_PVIC",0.151805054554083,0.109631894800042,0.0548224683770006,0.172157911879048,0.11515245522704,0.0589804949833009
"238","PCAL_RED",0.23250900940096,0.155668326003944,0.0879124836727669,0.28362832951333,0.183417381148537,0.106523731466344
"239","PCAL_SOMB",-0.240530489088288,-0.221663663093978,-0.0994132783887683,-0.274397212495073,-0.236514787271691,-0.111395995118013
"240","PCAL_STAFE",-0.236119812217869,-0.183388414104857,-0.055914551492834,-0.276579777414143,-0.201225477862657,-0.0697752279171056
"241","PCAL_SUAR",-0.235093896465016,-0.172605137763245,-0.0391456767100341,-0.279681790460942,-0.194411994886851,-0.0615372910767804
"242","PCAL_TOR",-0.170777771456141,-0.15515244577458,-0.0774092225466811,-0.209655974092397,-0.180058949803791,-0.0872756583567828
"243","PESP_BAR",-0.0508076408943242,-0.0212144775240596,-0.00100981872483763,-0.0551390628700624,-0.017254845393108,-0.000767323209009043
"244","PESP_CDOU",0.0347183799210817,-0.00539056625880685,-0.0100677011731602,0.0344661268856787,0.00383490007463073,-0.00319128378776109
"245","PESP_CHAM",-0.0275155505091848,-0.0253203718954902,0.00396655582129121,-0.0192324263097244,-0.00834435555060006,0.0162283896698636
"246","PESP_CMAR",-0.00363599364994554,-0.0335178205075401,-0.0639845540575903,0.00098522804579383,-0.0323068678286658,-0.0541060400726921
"247","PESP_CORA",-0.104540655019618,-0.0719626630104068,-0.0253587972023838,-0.118113870316094,-0.074470598127272,-0.0318632528201125
"248","PESP_CUEV",-0.0471138730331127,-0.000922610328403648,-0.000124822595150348,-0.0364900801497232,0.0103308696248543,0.00772164043677189
"249","PESP_DAPH",-0.126277191234016,-0.101376216938066,-0.0703673415130841,-0.131975749358243,-0.101723398795905,-0.0702109363976683
"250","PESP_EGAS",-0.128702451414131,-0.119231706462067,-0.0938270818419787,-0.128876687117319,-0.113976005695807,-0.0887049814124777
"251","PESP_ELI",-0.096144129270773,-0.034214719745128,0.0115312828676303,-0.0959293938423992,-0.030228611717008,0.0169182689664931
"252","PESP_GARD",-0.062523582561926,-0.00525267675948141,1.60574556521903e-05,-0.0548150424066168,0.00203328422056778,0.00526422751848639
"253","PESP_PCAL",-0.0975176217439168,-0.0807047804943796,-0.0503011223086731,-0.110843660696841,-0.0838489297939799,-0.0499411149997134
"254","PESP_PIN",0.0199800080588543,0.0162851374086095,-0.0380270547172075,0.0104256765717084,0.00220901365210813,-0.0680364500510413
"255","PESP_PLAZ",-0.120000668906866,-0.090645936397084,-0.059592531895615,-0.127081420028703,-0.0923910331856035,-0.0608214980703143
"256","PESP_PMAN",-0.0397867758667544,-0.00348154237840672,0.0332228958044529,-0.0527569816489753,-0.0132162831344801,0.0261543097090451
"257","PESP_PMOR",-0.028783225164774,0.00086398028937461,0.0144575582756082,-0.046723486636184,-0.00990104580529132,0.0091954961977137
"258","PESP_PROJ",-0.139442035744472,-0.120031605964984,-0.0870379640921609,-0.129072289053609,-0.105445289177105,-0.0785268306481186
"259","PESP_PVIC",0.145131889413351,0.0518939407070242,-0.0228846102486052,0.161861530587921,0.0549470106294259,-0.00464821011872414
"260","PESP_RED",0.114863272886614,0.03534070139955,-0.0665378930963501,0.133313758551029,0.0419760520560423,-0.0461361064387731
"261","PESP_SOMB",-0.130666608440749,-0.109246731088812,-0.0795437960503344,-0.119423240608981,-0.0955351057917074,-0.0718745658743553
"262","PESP_STAFE",0.0108403451343596,0.0494083556653605,0.0237785185747499,0.0384017518576087,0.0681046303796285,0.0360131475899301
"263","PESP_SUAR",-0.0609366420622863,-0.0044438046461005,0.000376096671195852,-0.0528630982797304,0.00303860748496697,0.00574962340457401
"264","PESP_TOR",-0.0157942392051109,0.0161880705781766,0.0154277483297395,-0.0057067502765884,0.024633428280688,0.0155677574941461
"265","PIN_BAR",-0.187669462808177,-0.157329809499853,-0.0708214827779826,-0.210686425150059,-0.162230449560568,-0.0682597512268178
"266","PIN_CDOU",0.0077326848862695,-0.00702524525614733,0.0479836641650019,0.0246283358498877,0.0127855996991839,0.0779183577687846
"267","PIN_CHAM",-0.00655174638904591,-0.0128555779524913,0.0438200983616876,0.0108004721567712,0.00784406699709591,0.0723973137669985
"268","PIN_CMAR",-0.100022977409891,-0.113027613486518,-0.0555681309788624,-0.11363852501444,-0.124682485919307,-0.0330820505669235
"269","PIN_CORA",-0.205219753706215,-0.125332523184263,0.00424735590596237,-0.221571097241221,-0.124969466914521,-0.0263723791204795
"270","PIN_CUEV",-0.256501256113199,-0.206775594732746,-0.0760740509300457,-0.290517234423652,-0.217420047530765,-0.0833250305802032
"271","PIN_DAPH",-0.308755082668784,-0.254364959239482,-0.0896455842499368,-0.356808774808971,-0.268400365284986,-0.0896117257940238
"272","PIN_EGAS",-0.251565732357509,-0.223663892275546,-0.101205309212674,-0.290466482995203,-0.242075403173477,-0.103477470065726
"273","PIN_ELI",-0.0430138082085031,-0.0242547579852407,0.0311454272018614,-0.0346195989945937,-0.0115600797361664,0.0548234843194184
"274","PIN_GARD",-0.247546354235008,-0.180404337514976,-0.0363561643795011,-0.293056416811068,-0.200227658193632,-0.0523816037778289
"275","PIN_PCAL",-0.225165929614799,-0.146675192464298,-0.0190916048598428,-0.260075294359578,-0.153990943365047,0.0126034466169923
"276","PIN_PESP",-0.0210571453983079,-0.0173095719644858,0.0372912887595733,-0.0111403019597923,-0.00300150912513255,0.0673807038734984
"277","PIN_PLAZ",-0.288113154292092,-0.224986609760321,-0.071604170683679,-0.335523502055431,-0.240443027192202,-0.0747699417175995
"278","PIN_PMAN",-0.0247565322840766,-0.0161395230620542,0.0354440491061772,-0.017351588629394,-0.00466179008204111,0.0609386252228687
"279","PIN_PMOR",-0.0246483945985509,-0.0131135845604663,0.0308690510932083,-0.021632197108502,-0.00520454293618105,0.0517928314067212
"280","PIN_PROJ",-0.231152761503683,-0.194501572216712,-0.0871844301512824,-0.25512987039777,-0.20337953896395,-0.0872310949821967
"281","PIN_PVIC",0.00991982653053298,-0.00835950616592472,0.0408915682468258,0.0255946475402182,0.0103992206712263,0.082739889591035
"282","PIN_RED",0.0616042096281816,0.00289805811921814,0.069474451481879,0.115335476268657,0.0554000338508879,0.127510322409288
"283","PIN_SOMB",-0.300865844030267,-0.255206397858268,-0.0929396299408424,-0.347172719268163,-0.269450024287801,-0.0935539905931077
"284","PIN_STAFE",-0.25232433198503,-0.193511940402993,-0.0522993941545969,-0.29509243154152,-0.209599614804014,-0.0557934166778854
"285","PIN_SUAR",-0.247478850540643,-0.182212059001426,-0.0387217629911,-0.293820428061166,-0.201803648910533,-0.0538369921796423
"286","PIN_TOR",-0.204071801875547,-0.170347464997051,-0.0783167402177605,-0.223457241379606,-0.174591565154123,-0.0737203583718216
"287","PLAZ_BAR",-0.065261065232114,-0.0972945303406348,-0.0422627609853512,-0.11517659517929,-0.121617342193296,-0.0552896538812032
"288","PLAZ_CDOU",0.139610668575887,0.0969540444895108,0.0656113363377327,0.151913674053909,0.102982251891005,0.0670603362285295
"289","PLAZ_CHAM",0.00895101498138462,-0.0416105709861648,-0.0382741915365488,-0.0297035317424981,-0.0682841531260148,-0.049963912925847
"290","PLAZ_CMAR",0.163871112824649,0.0962541446303915,0.0375066324586367,0.179525357335818,0.102357591967485,0.0468721015786374
"291","PLAZ_CORA",0.169092174026753,0.162725164336968,0.0788684390856123,0.201919595955142,0.1808847716281,0.0918821951354068
"292","PLAZ_CUEV",-0.204763493898671,-0.188840712770037,-0.0591259519345771,-0.256430009341351,-0.218272047769597,-0.105618424833616
"293","PLAZ_DAPH",0.0572378318076446,-0.00175652357631638,-0.0177014994163543,0.0688111201724242,0.0103691058491099,-0.00539376495796201
"294","PLAZ_EGAS",0.0777787839488309,0.0153593308685537,-0.00272606106889232,0.0620514233353997,0.00739043519946606,-0.00425887988459319
"295","PLAZ_ELI",-0.0243497315436261,-0.0481939341665758,-0.0232734484215117,-0.0532091470839326,-0.0664585611907768,-0.0320968655940439
"296","PLAZ_GARD",-0.176616856647295,-0.102646252498433,0.00525237058074794,-0.220942607036191,-0.127838402867721,-0.0300883615528924
"297","PLAZ_PCAL",0.268287971865323,0.216381416871353,0.0771060332573801,0.312458828877772,0.236643310390474,0.0889176563194405
"298","PLAZ_PESP",0.119262678338556,0.0891840675170595,0.0579248705736463,0.126515456578149,0.0911134869059563,0.0593265998921239
"299","PLAZ_PIN",0.28455400740114,0.223021169949578,0.0714479272243536,0.331946247698255,0.238849782424945,0.0746191301037352
"300","PLAZ_PMAN",-0.0170552530641095,-0.0485873103312268,-0.0226168059786661,-0.0445268715657577,-0.0658971361294745,-0.0303289088090231
"301","PLAZ_PMOR",-0.0196465798820343,-0.055595317599849,-0.0262701940842444,-0.055857020422013,-0.0771249775209902,-0.0363554020340435
"302","PLAZ_PROJ",0.0542502750462348,-0.00739879421938109,-0.014282295063856,0.0447639333283558,-0.0092991843314944,-0.0132170939559038
"303","PLAZ_PVIC",0.160525844963592,0.112723880819663,0.0654552049430253,0.170698403595828,0.115543375018848,0.0701021921024961
"304","PLAZ_RED",0.229768142994965,0.155140401455143,0.0852926308066598,0.24950713329867,0.161051481065151,0.0905644649896605
"305","PLAZ_SOMB",0.0583467512876267,-0.00701976024391183,-0.0210864557988831,0.0580678614679129,-0.00378371373326464,-0.0166791743181195
"306","PLAZ_STAFE",-0.0900169540285843,-0.0376296200452545,0.0119194095989098,-0.10758597522023,-0.0460747745702341,-0.00416141766715323
"307","PLAZ_SUAR",-0.178910177455461,-0.106976791524821,0.0041895873188606,-0.224261614103901,-0.131359956448513,-0.0309968982848065
"308","PLAZ_TOR",-0.058787424172455,-0.08958034221182,-0.0333029215235424,-0.107213883576824,-0.115536615414901,-0.0546898055795366
"309","PMAN_BAR",-0.0551556395743049,-0.0255078854445731,-0.00717152827498576,-0.0587558202055261,-0.0186344698985357,-0.00616108734916265
"310","PMAN_CDOU",0.0360276809910423,-0.00156898220661249,-0.0206562432157793,0.042260257158988,0.00876776307114912,-0.0133068555519006
"311","PMAN_CHAM",0.0863264479035424,0.0308480497882933,-0.00291457910210422,0.0603474702709159,0.0120082272173435,-0.0145593367866072
"312","PMAN_CMAR",0.00372330256407924,-0.0286734868341253,-0.0600600669680986,0.0098854394367304,-0.0252145304242151,-0.0501543855635627
"313","PMAN_CORA",-0.0923657855927588,-0.0662069751171461,-0.0267723843746168,-0.103627381442023,-0.067506106437023,-0.0320372511044827
"314","PMAN_CUEV",-0.0476593553658477,0.000274967389819884,-0.00260313933209714,-0.035603186678936,0.0129847375636271,0.00618429600459601
"315","PMAN_DAPH",0.0198749921220081,0.0342812637062368,0.0226684457215329,0.0397301224754954,0.0476307157415878,0.0242904324368948
"316","PMAN_EGAS",-0.103278120400627,-0.102388591222131,-0.0872584514950009,-0.101210038853101,-0.0962182942938033,-0.0813035798129143
"317","PMAN_ELI",-0.110365878914422,-0.0318353483265231,-0.003006610832615,-0.0968284722143585,-0.0228206364707313,-0.00289061728139952
"318","PMAN_GARD",-0.0630633575555092,-0.00438979162556817,-0.00141696253251972,-0.0540746460663558,0.00397800275788025,0.00450994288222576
"319","PMAN_PCAL",-0.0797506862148256,-0.0710061188221262,-0.0491970141460643,-0.0900173605615287,-0.0723759852854527,-0.0478254983062121
"320","PMAN_PESP",0.0396030163618308,0.0036645768720414,-0.0301130553990283,0.051474211476523,0.0130486388252318,-0.0235378219228129
"321","PMAN_PIN",0.024500535298417,0.0149500112079265,-0.0381176481444901,0.017990619680845,0.0042474286991136,-0.0630345201221432
"322","PMAN_PLAZ",0.014136369486699,0.0469900878804235,0.0225801380768408,0.0421538121176231,0.0647108978432429,0.0303932781094803
"323","PMAN_PMOR",-0.0240973648174181,0.00172172562415785,0.00033150477416608,-0.038990922174227,-0.00557290976860519,-0.00353257334230372
"324","PMAN_PROJ",-0.120132626824405,-0.107647354184187,-0.0828802669515619,-0.109430154097262,-0.0932635605684082,-0.0743458287394867
"325","PMAN_PVIC",0.108509156325349,0.0329494704962826,-0.032196470040054,0.124218307017843,0.0402975543797344,-0.0168904316316862
"326","PMAN_RED",0.102995495787785,0.0310179051776045,-0.0574434887583023,0.119581984142929,0.0380225479959863,-0.0401224408936406
"327","PMAN_SOMB",0.0259053273328123,0.0331286283328491,0.0205676642373958,0.0490720114099056,0.0516628881148773,0.0268920736420152
"328","PMAN_STAFE",0.0139127088460415,0.053906156627167,0.0232348083930248,0.0452545447443599,0.0755324023808886,0.0369368821930442
"329","PMAN_SUAR",-0.062224639719062,-0.00431562663438628,-0.00191098722610542,-0.0533847588986814,0.00403018908700299,0.00388334341529899
"330","PMAN_TOR",-0.014529553275808,0.0179967734664164,0.0118863999852846,-0.00278360693101044,0.0281023742404973,0.0122815077320041
"331","PMOR_BAR",-0.0729800682290074,-0.0353764886921566,-0.0111114835403872,-0.0656808691850288,-0.0213500019162014,-0.00557610627759336
"332","PMOR_CDOU",0.122697164386792,0.0532572051975714,-0.0165677455109405,0.0971140242977205,0.0243502064676528,-0.0350235246461901
"333","PMOR_CHAM",0.130680360341984,0.0561840326210792,-0.0124312684356037,0.101004733603821,0.0250889185466333,-0.0307822105358275
"334","PMOR_CMAR",0.00547926752706751,-0.0243994148771336,-0.0479587906909274,0.0147958015727834,-0.0193412003026917,-0.0396071222454172
"335","PMOR_CORA",-0.0781472699035758,-0.0582991884485552,-0.023973518465954,-0.0853891158618691,-0.0579601989450794,-0.0280333533634882
"336","PMOR_CUEV",-0.0581212216657318,-0.00147544514572493,-0.00302999692826179,-0.0382616298793604,0.015982652762704,0.00923321161639995
"337","PMOR_DAPH",0.0227026077666284,0.0403112218216646,0.0273675439413542,0.0516597157012662,0.0581195898978895,0.030689857029343
"338","PMOR_EGAS",0.0598390122829021,0.0542443697722534,0.0271634967596147,0.0699482915239144,0.055885824488374,0.0250833415734263
"339","PMOR_ELI",-0.0459194977184807,-0.00758526296702839,-0.00594232650558736,-0.0364105542326262,-0.00772934013188465,-0.00821562247108334
"340","PMOR_GARD",-0.0711029776494182,-0.00571761340747763,-0.0014374393975239,-0.0577426871950736,0.00504068671367568,0.00631074648718616
"341","PMOR_PCAL",-0.0654981439482302,-0.0607842828175785,-0.0416496643798234,-0.071187463119763,-0.0603848718790844,-0.0398618705428065
"342","PMOR_PESP",0.0272843293458184,-0.000805600034126922,-0.0136041676939208,0.045155422042813,0.00979314905910091,-0.00866565475767759
"343","PMOR_PIN",0.0217379714535034,0.010416515904614,-0.0336771459593314,0.0193985615281255,0.00312099454014086,-0.0540988521769142
"344","PMOR_PLAZ",0.0225935091968664,0.0570136161417071,0.026614090074891,0.0590771257692883,0.07863189940512,0.036954922617266
"345","PMOR_PMAN",0.0254541785007823,-0.00118639794120175,-0.000576670515632741,0.0400532121860015,0.00567166421082023,0.00318626828617427
"346","PMOR_PROJ",0.0341986802224711,0.038280118409083,0.0212129761165642,0.0581901991476226,0.0529722617644591,0.0257120364038597
"347","PMOR_PVIC",0.0716692842892708,0.0181346535124246,-0.0188217920994081,0.089144948798638,0.0265783040097001,-0.00845044062190521
"348","PMOR_RED",0.0762448404267416,0.0177413591021936,-0.0452042938296944,0.0945659665728759,0.0266965888811575,-0.0311591445596266
"349","PMOR_SOMB",0.0319624017804401,0.0396217640971364,0.0243300067111494,0.0638846695872262,0.0626452613726084,0.0329980583982715
"350","PMOR_STAFE",0.0156674314920925,0.0604447092379487,0.0271422249698599,0.0558029086414671,0.0871188464155202,0.044425164804803
"351","PMOR_SUAR",-0.0687399015993646,-0.00503653604442843,-0.00266252558147458,-0.0556690501588989,0.00535072467963678,0.00492470379232588
"352","PMOR_TOR",-0.0157399952284681,0.023500253789911,0.0160251793764602,0.00781206359585588,0.0399405902368297,0.0190420310626127
"353","PROJ_BAR",-0.103679310810724,-0.0835893831729887,-0.0388781029210018,-0.136957555913345,-0.0984167369755591,-0.0427413754044151
"354","PROJ_CDOU",0.167342315977308,0.129408915298105,0.0960280908608843,0.16411805093879,0.120391646426752,0.0877488201013222
"355","PROJ_CHAM",0.13679808608181,0.108960296443342,0.0865356310735624,0.13598076797999,0.103804830461083,0.0814081393580338
"356","PROJ_CMAR",0.268612264133338,0.191345336574277,0.0951870746348604,0.247020567309272,0.158224938306128,0.0846520905277591
"357","PROJ_CORA",0.0695021109572388,0.0993245956789643,0.0812133933343282,0.0921889840284362,0.115620960711677,0.0767949513334509
"358","PROJ_CUEV",-0.230724668407296,-0.154697329364326,-0.0549073018513494,-0.242492518118511,-0.153704106014007,-0.0601873731736092
"359","PROJ_DAPH",-0.0443964464320501,0.0226368958135876,0.0261250072579121,-0.0150284058516825,0.0412010149609798,0.0357597552321001
"360","PROJ_EGAS",0.158056311623574,0.0887026028871265,0.0348730911442615,0.128488155353944,0.0623989253259439,0.025788004891524
"361","PROJ_ELI",-0.0360674586243039,-0.0319510603579282,-0.0159258052543286,-0.0524314964693204,-0.0430022623320959,-0.0195012581402094
"362","PROJ_GARD",-0.16521152650309,-0.0828639444724604,-0.012748117893919,-0.184602575614194,-0.0955762201884862,-0.0313491336712271
"363","PROJ_PCAL",0.192287077845476,0.18226301037985,0.0818466259571081,0.226131874045458,0.197254139867324,0.0926907749670244
"364","PROJ_PESP",0.13990295730756,0.118916354500625,0.0849214566980571,0.130158804684029,0.104829880083681,0.0770976158922982
"365","PROJ_PIN",0.227691684950564,0.192403133864983,0.0862364632627199,0.251811037679698,0.20137039415069,0.0860533337157022
"366","PROJ_PLAZ",-0.0551082267674044,0.00750437441067834,0.0149184161463091,-0.0453815631393385,0.00954774503636423,0.0138283510159846
"367","PROJ_PMAN",0.112238971888515,0.101555746165008,0.0778824768874421,0.101912606389023,0.0879443916057132,0.0699395998305757
"368","PROJ_PMOR",-0.0287353246958648,-0.0356317044784033,-0.0191226028447253,-0.0525858664384375,-0.0505107574496662,-0.0235825173156906
"369","PROJ_PVIC",0.197991592306016,0.154250251719431,0.0981804948289602,0.189270966766304,0.138460886955403,0.093155842209384
"370","PROJ_RED",0.238195864168451,0.170264328418659,0.0995905351691252,0.240244467997301,0.160889079810288,0.0975874270086001
"371","PROJ_SOMB",-0.0237074342481166,0.00558408833058997,0.00265501751110929,0.00845083913921461,0.0183523138268602,0.00660720236579842
"372","PROJ_STAFE",-0.0663173161527871,-0.00625589473691485,0.0140010306502764,-0.0650225435205054,-0.00762734250407792,0.00799587149090636
"373","PROJ_SUAR",-0.170811405505613,-0.0862656338111738,-0.0186276741824476,-0.189271748676681,-0.0988254392364959,-0.0357040716815198
"374","PROJ_TOR",-0.111504540142039,-0.0857254403014182,-0.044069417741795,-0.138103511442382,-0.10184974574092,-0.0452473123157121
"375","PVIC_BAR",-0.0914508519177065,-0.039624821677117,0.0289715237317933,-0.07149368049556,-0.0124398666110787,0.0357276800799064
"376","PVIC_CDOU",-0.0233385149241111,-0.0318438710867493,0.0292512499407026,-0.00570480390073609,-0.00597342016483828,0.0202882049030903
"377","PVIC_CHAM",-0.0521207657790297,-0.0373113712765986,0.0265183735452752,-0.0349919178534997,-0.0121570526428268,0.0284499214238281
"378","PVIC_CMAR",-0.0779896529139357,-0.0769515123222814,-0.0863266642421453,-0.0795256722242396,-0.0782676725880311,-0.0821352986412151
"379","PVIC_CORA",-0.141925753803217,-0.0906457311034053,-0.026550551492972,-0.159573208204158,-0.0941894297644458,-0.0369002706362174
"380","PVIC_CUEV",-0.231092336468848,-0.173548261304468,-0.0906067942217285,-0.224500198164765,-0.15325285352007,-0.0816558102672229
"381","PVIC_DAPH",-0.17751490085924,-0.130229259264931,-0.0791615628765701,-0.18736636187007,-0.131613254470453,-0.0824852027487198
"382","PVIC_EGAS",-0.206717868642212,-0.168866669798541,-0.11737791500317,-0.21053727153411,-0.163087940570529,-0.11558057461725
"383","PVIC_ELI",-0.115184325952022,-0.0420993826640102,0.0169093606698002,-0.116227917310551,-0.0375075214126406,0.0134475759452449
"384","PVIC_GARD",-0.187802988618817,-0.121928308941954,-0.0549870292190644,-0.188854735778199,-0.113949643174706,-0.0569146380575228
"385","PVIC_PCAL",-0.152161340723868,-0.110050241990271,-0.0560267230664111,-0.171845971990582,-0.114989334387965,-0.0598881105540953
"386","PVIC_PESP",-0.14346497586553,-0.0535431003832785,0.0216075148524725,-0.159142462345372,-0.0563259036923639,0.00298460003523765
"387","PVIC_PIN",-0.0138436361118092,0.0051294087279131,-0.0439734332232042,-0.0292062174116068,-0.0132141468835871,-0.0856691490259105
"388","PVIC_PLAZ",-0.163241227226623,-0.114434369547648,-0.0667275037369288,-0.173948185163691,-0.117561223796272,-0.0714253347205676
"389","PVIC_PMAN",-0.102244465877823,-0.0321446217829382,0.0261761894803971,-0.11528873927151,-0.0374478578690084,0.0120901161690619
"390","PVIC_PMOR",-0.0708738389733347,-0.0179814113768834,0.0182504175816398,-0.0878034809541548,-0.0261934509141625,0.00788508055910504
"391","PVIC_PROJ",-0.207911944961034,-0.160364893802778,-0.10176991503709,-0.198752531764282,-0.143408473482398,-0.0959535196455414
"392","PVIC_RED",0.0802915827495039,0.0167542070527018,-0.105016240766968,0.0996972605590759,0.0243495228973543,-0.084518230333474
"393","PVIC_SOMB",-0.178520285303275,-0.136128581915817,-0.0883278187688933,-0.168459474043889,-0.121465416600302,-0.0834466031390434
"394","PVIC_STAFE",-0.153235285034847,-0.104180872103777,-0.0571107860778709,-0.164522895260888,-0.10775524892097,-0.0629454149368829
"395","PVIC_SUAR",-0.188427538287952,-0.122587544640848,-0.0575903464252696,-0.189050405420474,-0.114805483384959,-0.0588207840623807
"396","PVIC_TOR",-0.0573634280572285,-0.00652442791021271,0.0370938742034942,-0.0297392663880422,0.0204253890028118,0.0429796485611238
"397","RED_BAR",-0.0925622770577257,-0.0310989204885053,0.0648153417308317,-0.0814998377335087,-0.010842544602034,0.0620162262658361
"398","RED_CDOU",-0.0514152384740427,-0.0096241218176905,0.120768739355695,-0.0595587459130315,-0.00512707014215125,0.0917361711942459
"399","RED_CHAM",-0.0588784682993607,-0.0145938152318365,0.101981493218653,-0.0615061303690712,-0.00600610219261217,0.0838664071564944
"400","RED_CMAR",-0.14736069367332,-0.0955753804170943,-0.0809308578745978,-0.177549819116654,-0.11642858617681,-0.0847749849825159
"401","RED_CORA",-0.194444363012355,-0.119405136386525,-0.043392032142726,-0.23270270504804,-0.13783592996382,-0.065566727701686
"402","RED_CUEV",-0.249089468928276,-0.178744625653985,-0.0881326184922351,-0.248848043044196,-0.16255065177332,-0.0811850651056028
"403","RED_DAPH",-0.255445659779832,-0.178885727558909,-0.102157349212161,-0.276712945742423,-0.184207363702189,-0.106427487668763
"404","RED_EGAS",-0.242192198235363,-0.17904035460215,-0.112269487504604,-0.260788125246636,-0.183355797471668,-0.11549261599387
"405","RED_ELI",-0.11666078875171,-0.0416799672392335,0.044491320831312,-0.126061662874603,-0.0423497385217394,0.0341623703988464
"406","RED_GARD",-0.199741083046201,-0.124180834092327,-0.0513012629807139,-0.205982191051335,-0.119825723611899,-0.0552478725515726
"407","RED_PCAL",-0.230319524346774,-0.154312301330889,-0.0882460438187432,-0.281361937658185,-0.182211878320733,-0.107359310551765
"408","RED_PESP",-0.116357223154062,-0.0368291799854335,0.0658481652228058,-0.134756702595794,-0.0433513415175268,0.0461614037831113
"409","RED_PIN",-0.0594875004807785,-0.00146993172053766,-0.0692788012507677,-0.112894019839616,-0.0539614034248399,-0.126730729817476
"410","RED_PLAZ",-0.231762619770278,-0.157683832275533,-0.0873164152772221,-0.251964201901504,-0.163741312762296,-0.0925153184443117
"411","RED_PMAN",-0.106053270668077,-0.0338544943299834,0.0559263142353461,-0.123185966512609,-0.0407894862984566,0.0391964836992145
"412","RED_PMOR",-0.0834922051287687,-0.0230764505503078,0.043420652177738,-0.102465110942441,-0.0319790569515039,0.029623098827093
"413","RED_PROJ",-0.232815840756178,-0.166276052513919,-0.0979507468066186,-0.235146386968811,-0.157405358707859,-0.0960022458816864
"414","RED_PVIC",-0.0858374330262502,-0.0202525295663794,0.101180016821405,-0.106865920426272,-0.0286442081939255,0.0816470076182085
"415","RED_SOMB",-0.210861803502206,-0.147975199104874,-0.0868777896861184,-0.210052002770178,-0.138823506149544,-0.0847104819223525
"416","RED_STAFE",-0.212260448481387,-0.141237356104159,-0.0737954754859563,-0.231687433318453,-0.14718560347071,-0.0799373299953636
"417","RED_SUAR",-0.202743000820932,-0.126411123296486,-0.0548166673764378,-0.208289697469294,-0.121750993295001,-0.057741429891674
"418","RED_TOR",-0.193861099688447,-0.141939470913811,-0.082043632486813,-0.19267044715078,-0.127489446769849,-0.069800378437555
"419","SOMB_BAR",-0.0922182066271109,-0.0815587014865676,-0.0429223631289331,-0.137787105429692,-0.109956787403542,-0.0535596838434439
"420","SOMB_CDOU",0.151466466116726,0.115090209791973,0.0855177811853053,0.146333000360255,0.106063923940703,0.0776699407451444
"421","SOMB_CHAM",0.125657384190677,0.0982719135799982,0.0791609716934579,0.123297322795527,0.0930602632608039,0.0741118374882398
"422","SOMB_CMAR",0.220405296427876,0.15138798253404,0.0752782143497336,0.198283208766511,0.122878401208531,0.0662694674660761
"423","SOMB_CORA",0.0844749640855501,0.113952478470396,0.0931507517901402,0.105562477959897,0.130398171319023,0.0874782048247303
"424","SOMB_CUEV",-0.212758516890383,-0.154949821717064,-0.0583401490595221,-0.234359498575147,-0.16269329382177,-0.0724071471743282
"425","SOMB_DAPH",-0.0597975223259413,0.0112199482295725,0.0297541716800371,-0.047342343796061,0.020640669496576,0.033655338998048
"426","SOMB_EGAS",0.101335549163558,0.0475041380690275,0.0184249119924939,0.0735104303847005,0.0276904334080581,0.0113988789547881
"427","SOMB_ELI",-0.035927603637908,-0.0343564666707494,-0.0196496934672376,-0.0596937583245071,-0.0531994602125028,-0.0269231188490996
"428","SOMB_GARD",-0.139966238511004,-0.0684340807109888,0.0106389919720945,-0.169749588689361,-0.0860634597157967,-0.0149446458099773
"429","SOMB_PCAL",0.236484430893259,0.21922228276985,0.0985850410650021,0.270308513000543,0.234575730739123,0.111256637332055
"430","SOMB_PESP",0.127093826179709,0.105696936847449,0.0755788926527336,0.116424089024791,0.0924177398792616,0.0683011451600361
"431","SOMB_PIN",0.298645707751209,0.253268943449023,0.0915416295912456,0.344649803076376,0.267065311035234,0.0921834325603288
"432","SOMB_PLAZ",-0.0577580645384256,0.00738066551593104,0.0206334581377304,-0.0557307430335754,0.00549632468830773,0.0172286635252433
"433","SOMB_PMAN",-0.0258426652700363,-0.032488382413234,-0.0189953650442157,-0.0477389994282709,-0.0502806398724323,-0.0248618971768397
"434","SOMB_PMOR",-0.0292552506351202,-0.0355779446667358,-0.0214749957253116,-0.0590569686280751,-0.058035668791189,-0.0297976366931526
"435","SOMB_PROJ",0.0222190090013094,-0.00820447727482784,-0.00380280464583383,-0.0106375891540173,-0.0225813616288143,-0.00854090775450148
"436","SOMB_PVIC",0.176015967205848,0.134023446992526,0.0858422109331477,0.165804172925181,0.119275107060408,0.0811534591434931
"437","SOMB_RED",0.211658822473774,0.148814911061092,0.0875649109706656,0.210985739511574,0.139737084603506,0.0854687682350525
"438","SOMB_STAFE",-0.0688156543533103,-0.00812790506571041,0.0178955946800443,-0.0740958523863761,-0.0125896230158408,0.0097265911089296
"439","SOMB_SUAR",-0.137799205956119,-0.0682785949343568,0.00995856010484133,-0.167902540244854,-0.0855664442645568,-0.0148544336792264
"440","SOMB_TOR",-0.106872592813024,-0.093486812291037,-0.0558105599348801,-0.149457997930366,-0.126878184624006,-0.0639872249289976
"441","STAFE_BAR",-0.0589408175134548,-0.105269576766825,-0.0419516603929397,-0.113775502523139,-0.136499668170574,-0.0652202615367152
"442","STAFE_CDOU",0.0223960110869807,-0.0373715547567988,-0.0366943852019274,-0.0169231233362719,-0.0673510502151488,-0.0537448292881674
"443","STAFE_CHAM",0.0107461425580202,-0.047521259644047,-0.0382831313701391,-0.0308354651765321,-0.0779758981845633,-0.0560346110746415
"444","STAFE_CMAR",0.168090801113026,0.0972677812341307,0.0466607684316623,0.14001013126584,0.0661483046497866,0.0294071452985846
"445","STAFE_CORA",0.190498904332024,0.169460846997386,0.0652206603596396,0.226764524442325,0.189419203558666,0.0871057332534241
"446","STAFE_CUEV",-0.156669928093497,-0.165892680709395,-0.0629386008893262,-0.203181910579892,-0.18247190521484,-0.0944924987729619
"447","STAFE_DAPH",0.0731421689957663,0.0191383409381376,-0.0140651963974967,0.0878495989325644,0.0291204825161706,-1.63133885199032e-05
"448","STAFE_EGAS",0.0941444930378465,0.0258180904066709,0.00676509304937277,0.0691231796326923,0.00723247570285815,-0.00419157758618449
"449","STAFE_ELI",-0.0218676858137077,-0.0530071007159854,-0.0224501904203201,-0.0531468852540312,-0.0747282878417867,-0.0370523616353728
"450","STAFE_GARD",-0.204347819298102,-0.123767179870403,-0.00152678554421115,-0.258502545345107,-0.155783183432074,-0.0431678349507948
"451","STAFE_PCAL",0.236097036251275,0.183658458592268,0.0560842749503358,0.276815122262783,0.201741811749681,0.0700714898052934
"452","STAFE_PESP",-0.0109634569313076,-0.0494794158784648,-0.0227640870148862,-0.0384054421677227,-0.068199157584595,-0.0350294566951153
"453","STAFE_PIN",0.250189397986252,0.191748645049976,0.05174455707816,0.292786371760273,0.208019181632604,0.0553491220008187
"454","STAFE_PLAZ",0.0904403471472266,0.0380929389496669,-0.0118482074060241,0.108143938017497,0.0466789426560793,0.00445729384838446
"455","STAFE_PMAN",-0.0161113930444531,-0.0548685359224318,-0.0223951355851336,-0.0466810541104881,-0.0758291739930891,-0.0360104642216992
"456","STAFE_PMOR",-0.0167457253645859,-0.060327667363539,-0.0255257435017919,-0.0555439757263351,-0.0860612278565581,-0.0423913003478443
"457","STAFE_PROJ",0.0665348611736758,0.00650671406494421,-0.0141098702585799,0.0658355089771848,0.0082529482689054,-0.00782394149112581
"458","STAFE_PVIC",0.146776392755256,0.0991919827239858,0.0533548431893235,0.158360556510555,0.103424009274211,0.0596794349498485
"459","STAFE_RED",0.212474925355726,0.140926616065117,0.0734986463648922,0.231853470131564,0.14704313988609,0.0800634674429359
"460","STAFE_SOMB",0.069417846603702,0.00901689574022511,-0.01754230526212,0.0754121373040772,0.0140836930236752,-0.00903651595761882
"461","STAFE_SUAR",-0.211225927208028,-0.1336101981825,-0.00672376947742292,-0.265781963097728,-0.164432236507509,-0.049458676093153
"462","STAFE_TOR",-0.0491320651058451,-0.0991381579765718,-0.0319327965802499,-0.102771646476679,-0.13316207415404,-0.0666872511247193
"463","SUAR_BAR",0.0707618233086548,-0.00186102118505709,7.14956131247097e-05,0.0569462008277122,-0.010118826608966,-0.00737044890696924
"464","SUAR_CDOU",0.0854754564100076,0.0128691474109125,-0.0116524445725075,0.0679184823928361,-0.00361584781856509,-0.0210396646292728
"465","SUAR_CHAM",0.0854765659096347,0.0107121306384936,-0.0105150732823728,0.0674256191312629,-0.00560450148287509,-0.0199367440108645
"466","SUAR_CMAR",0.209283118629272,0.127342854134023,0.0458650296885894,0.209550845323963,0.11752896714195,0.0482926786194707
"467","SUAR_CORA",0.218994459248838,0.175966652517763,0.0427096353789175,0.267446217960919,0.200672879241056,0.0783510396806085
"468","SUAR_CUEV",0.0484566930458134,-0.0221729829836335,0.000642758999231439,0.0427724330807552,-0.0207870433969635,-0.0087396765473745
"469","SUAR_DAPH",0.151965854534441,0.0837049805043498,-0.00701653633055518,0.190328912507014,0.10552593481198,0.02315142645305
"470","SUAR_EGAS",0.173713497649617,0.0898279274281716,0.0206378862587586,0.184025885570315,0.0942406561726465,0.0323193366840692
"471","SUAR_ELI",0.0566485367966146,0.00482774800512904,0.00214249354290879,0.0465949280787086,-0.00457047931316683,-0.00472236439077495
"472","SUAR_GARD",-0.0571192265290788,-0.0183746451710084,-0.00541208164271019,-0.0736223001511523,-0.0284900755122224,-0.0112065001813897
"473","SUAR_PCAL",0.235140706628188,0.172436360041669,0.0390923611682408,0.28016384339771,0.194637805879942,0.061676650391975
"474","SUAR_PESP",0.0612214174223704,0.00483375908787746,0.000734236095498084,0.0533355052346375,-0.00259442704145654,-0.00460390042167839
"475","SUAR_PIN",0.246710586972559,0.181653106547736,0.0385914681285559,0.293158328828425,0.201456127947213,0.0538244022556793
"476","SUAR_PLAZ",0.176492550434875,0.10545236987615,-0.00386290963204169,0.221370855454859,0.12967632353136,0.0306974765939092
"477","SUAR_PMAN",0.0615060117107802,0.00382404164901568,0.00251589022457267,0.0530109974845063,-0.00418441726830009,-0.00323447431718387
"478","SUAR_PMOR",0.0691860355919144,0.00544578648597999,0.0025138971295272,0.0561130828580378,-0.00519871273100763,-0.00505139198566691
"479","SUAR_PROJ",0.17034923577163,0.0860864381095096,0.018604212920399,0.189119474946414,0.0989752177702079,0.0358802627111398
"480","SUAR_PVIC",0.187493789143173,0.121449529471703,0.0560077902894698,0.187921899472331,0.113496017357263,0.0572598818812842
"481","SUAR_RED",0.202359368038162,0.12616563414296,0.055131464298531,0.207673265151091,0.121365833970855,0.0579227665049032
"482","SUAR_SOMB",0.139685719537523,0.069916605173109,-0.00939955645215807,0.17075225937768,0.087920294505297,0.015874924075647
"483","SUAR_STAFE",0.210618369370267,0.133108983361053,0.00724381003614974,0.265403386223967,0.164233836487035,0.0497663694195505
"484","SUAR_TOR",0.105427562411281,0.0267526089487595,0.0142203608390615,0.101079059998497,0.0216961005784306,0.0054706018221966
"485","TOR_BAR",-0.0858046940809971,-0.125912821738929,-0.0637108052044337,-0.140130471295441,-0.14632781617391,-0.0615945281679396
"486","TOR_CDOU",0.0630388812756099,-0.00111890280093269,-0.0387475824286039,0.0332188228325143,-0.0278818986253596,-0.0470229008826479
"487","TOR_CHAM",0.0582380514933628,-0.00793854273245024,-0.0399198796679075,0.0275339934148187,-0.0340741645111212,-0.0466911207564468
"488","TOR_CMAR",0.193673462898518,0.143201073647287,0.0729863275369007,0.180708565856517,0.116525114528085,0.0533106136005363
"489","TOR_CORA",0.119289614656588,0.132443993118643,0.0864773820989991,0.14994859636232,0.15250497842296,0.0878189199700636
"490","TOR_CUEV",-0.14943117607121,-0.0626974877380899,-0.036294893580201,-0.143669841043638,-0.0480082607618025,-0.0185649702237945
"491","TOR_DAPH",0.0856761791579781,0.0950227128061846,0.0620446473433336,0.12259997557666,0.1171599378303,0.0598672546838415
"492","TOR_EGAS",0.155034993283888,0.11671513706046,0.0554896263831215,0.154886333236463,0.106505791368233,0.0432879937145933
"493","TOR_ELI",-0.000726694487107129,-0.0195697200237626,-0.0137602252186672,-0.0153972841506442,-0.0320534571782568,-0.0164881026055621
"494","TOR_GARD",-0.104119443553561,-0.0257353398256223,-0.0136656212173276,-0.100203226153144,-0.0210851045960428,-0.00526438154406312
"495","TOR_PCAL",0.169111914790325,0.153408332952102,0.0762668368489018,0.208012537922919,0.178287052076696,0.0863336683738333
"496","TOR_PESP",0.0147257234440658,-0.0166324183747568,-0.01444992225165,0.00560797365146366,-0.0242572013932731,-0.01424276963073
"497","TOR_PIN",0.203875557827504,0.170640528937147,0.0786579698209487,0.223241196144515,0.175038381044967,0.0740871948368034
"498","TOR_PLAZ",0.0614802946707905,0.0923154309854291,0.0350999718654116,0.110440114840114,0.118420803595673,0.0560758449383262
"499","TOR_PMAN",0.0129205458709634,-0.0201872920869704,-0.0122520745234074,0.000996797315573982,-0.0302804515900975,-0.0121707155476224
"500","TOR_PMOR",0.0114435433832828,-0.0267503155473353,-0.0160071160688903,-0.0124015273287404,-0.0428545592368721,-0.0185500431656258
"501","TOR_PROJ",0.118335211504356,0.0930687076130495,0.048596828360177,0.146931569011608,0.110580005052022,0.0495667493266251
"502","TOR_PVIC",0.0559155909970887,0.00535985862271639,-0.0360406666344384,0.0290168121883358,-0.0207326605736179,-0.0411085258648989
"503","TOR_RED",0.196931217329472,0.143548992443764,0.0818736009190145,0.195373905043416,0.12831520955198,0.0692089664693286
"504","TOR_SOMB",0.111742680162675,0.0979135811900907,0.0583390858796764,0.155411605366176,0.13142201847087,0.0658205778214468
"505","TOR_STAFE",0.049915908587669,0.100080611463107,0.03290486782064,0.104049646514069,0.134381925520735,0.0672880992467195
"506","TOR_SUAR",-0.10555389317182,-0.0262534772604881,-0.0137484049809171,-0.10065426056219,-0.0207973992643908,-0.00512926376569638
