"","Start","End","Flat","Flon","Tlat","Tlon","Calcdistance"
"1","BAR","BAR",-1.03875,-91.1563666666667,-1.03875,-91.1563666666667,0
"2","CDOU","BAR",-0.302816666666667,-91.6517333333333,-1.03875,-91.1563666666667,120608.901389799
"3","CHAM","BAR",-0.469583333333333,-91.6111833333333,-1.03875,-91.1563666666667,99633.5065436686
"4","CMAR","BAR",-0.00133333333333333,-91.22385,-1.03875,-91.1563666666667,155809.29897816
"5","CORA","BAR",0.311316666666667,-89.97515,-1.03875,-91.1563666666667,206664.553912996
"6","CUEV","BAR",-1.25335,-90.3741,-1.03875,-91.1563666666667,93130.0394274876
"7","DAPH","BAR",-0.4258,-90.3721166666667,-1.03875,-91.1563666666667,115059.064292759
"8","EGAS","BAR",-0.2596,-90.8687833333333,-1.03875,-91.1563666666667,115835.655514661
"9","ELI","BAR",-0.59505,-91.0859,-1.03875,-91.1563666666667,110252.20485986
"10","GARD","BAR",-1.36546666666667,-89.6393166666667,-1.03875,-91.1563666666667,178589.690405996
"11","PCAL","BAR",0.286433333333333,-90.5018166666667,-1.03875,-91.1563666666667,180324.874081443
"12","PESP","BAR",-0.272283333333333,-91.4353833333333,-1.03875,-91.1563666666667,125077.227256179
"13","PIN","BAR",0.603883333333333,-90.7898333333333,-1.03875,-91.1563666666667,212944.033983829
"14","PLAZ","BAR",-0.567566666666667,-90.1736166666667,-1.03875,-91.1563666666667,132546.410221053
"15","PMAN","BAR",-0.458566666666667,-91.3908333333333,-1.03875,-91.1563666666667,101105.67237504
"16","PMOR","BAR",-0.7223,-91.3450666666667,-1.03875,-91.1563666666667,77408.4695017008
"17","PROJ","BAR",-0.40895,-90.7155333333333,-1.03875,-91.1563666666667,97683.1649810202
"18","PVIC","BAR",-0.0453666666666667,-91.5430166666667,-1.03875,-91.1563666666667,151033.592675261
"19","RED","BAR",0.2706,-91.6264833333333,-1.03875,-91.1563666666667,183384.971594714
"20","SOMB","BAR",-0.350816666666667,-90.5685,-1.03875,-91.1563666666667,107988.457712814
"21","STAFE","BAR",-0.799483333333333,-90.04745,-1.03875,-91.1563666666667,130632.714014179
"22","SUAR","BAR",-1.35056666666667,-89.7104333333333,-1.03875,-91.1563666666667,169021.311627888
"23","TOR","BAR",-1.01171666666667,-90.8767,-1.03875,-91.1563666666667,31828.5597494627
"24","BAR","CDOU",-1.03875,-91.1563666666667,-0.302816666666667,-91.6517333333333,120608.901389799
"25","CDOU","CDOU",-0.302816666666667,-91.6517333333333,-0.302816666666667,-91.6517333333333,0
"26","CHAM","CDOU",-0.469583333333333,-91.6111833333333,-0.302816666666667,-91.6517333333333,21444.4233102277
"27","CMAR","CDOU",-0.00133333333333333,-91.22385,-0.302816666666667,-91.6517333333333,93108.7268664709
"28","CORA","CDOU",0.311316666666667,-89.97515,-0.302816666666667,-91.6517333333333,225021.935018026
"29","CUEV","CDOU",-1.25335,-90.3741,-0.302816666666667,-91.6517333333333,211233.884182482
"30","DAPH","CDOU",-0.4258,-90.3721166666667,-0.302816666666667,-91.6517333333333,197378.024671567
"31","EGAS","CDOU",-0.2596,-90.8687833333333,-0.302816666666667,-91.6517333333333,141049.075698222
"32","ELI","CDOU",-0.59505,-91.0859,-0.302816666666667,-91.6517333333333,79076.9028433212
"33","GARD","CDOU",-1.36546666666667,-89.6393166666667,-0.302816666666667,-91.6517333333333,296693.535160991
"34","PCAL","CDOU",0.286433333333333,-90.5018166666667,-0.302816666666667,-91.6517333333333,165931.306263147
"35","PESP","CDOU",-0.272283333333333,-91.4353833333333,-0.302816666666667,-91.6517333333333,25875.9476186677
"36","PIN","CDOU",0.603883333333333,-90.7898333333333,-0.302816666666667,-91.6517333333333,148033.869524075
"37","PLAZ","CDOU",-0.567566666666667,-90.1736166666667,-0.302816666666667,-91.6517333333333,225362.595745641
"38","PMAN","CDOU",-0.458566666666667,-91.3908333333333,-0.302816666666667,-91.6517333333333,49325.3396768084
"39","PMOR","CDOU",-0.7223,-91.3450666666667,-0.302816666666667,-91.6517333333333,62681.0196674565
"40","PROJ","CDOU",-0.40895,-90.7155333333333,-0.302816666666667,-91.6517333333333,164966.322086961
"41","PVIC","CDOU",-0.0453666666666667,-91.5430166666667,-0.302816666666667,-91.6517333333333,31429.0214484969
"42","RED","CDOU",0.2706,-91.6264833333333,-0.302816666666667,-91.6517333333333,63780.4032224433
"43","SOMB","CDOU",-0.350816666666667,-90.5685,-0.302816666666667,-91.6517333333333,180031.249250817
"44","STAFE","CDOU",-0.799483333333333,-90.04745,-0.302816666666667,-91.6517333333333,249386.427344821
"45","SUAR","CDOU",-1.35056666666667,-89.7104333333333,-0.302816666666667,-91.6517333333333,287125.156382882
"46","TOR","CDOU",-1.01171666666667,-90.8767,-0.302816666666667,-91.6517333333333,150582.377636769
"47","BAR","CHAM",-1.03875,-91.1563666666667,-0.469583333333333,-91.6111833333333,99633.5065436687
"48","CDOU","CHAM",-0.302816666666667,-91.6517333333333,-0.469583333333333,-91.6111833333333,21444.4233102277
"49","CHAM","CHAM",-0.469583333333333,-91.6111833333333,-0.469583333333333,-91.6111833333333,0
"50","CMAR","CHAM",-0.00133333333333333,-91.22385,-0.469583333333333,-91.6111833333333,113548.818633417
"51","CORA","CHAM",0.311316666666667,-89.97515,-0.469583333333333,-91.6111833333333,245462.026784972
"52","CUEV","CHAM",-1.25335,-90.3741,-0.469583333333333,-91.6111833333333,190258.489336352
"53","DAPH","CHAM",-0.4258,-90.3721166666667,-0.469583333333333,-91.6111833333333,212837.53110184
"54","EGAS","CHAM",-0.2596,-90.8687833333333,-0.469583333333333,-91.6111833333333,161489.167465168
"55","ELI","CHAM",-0.59505,-91.0859,-0.469583333333333,-91.6111833333333,62774.6024325936
"56","GARD","CHAM",-1.36546666666667,-89.6393166666667,-0.469583333333333,-91.6111833333333,275718.14031486
"57","PCAL","CHAM",0.286433333333333,-90.5018166666667,-0.469583333333333,-91.6111833333333,186371.398030092
"58","PESP","CHAM",-0.272283333333333,-91.4353833333333,-0.469583333333333,-91.6111833333333,46670.7680023099
"59","PIN","CHAM",0.603883333333333,-90.7898333333333,-0.469583333333333,-91.6111833333333,168473.961291021
"60","PLAZ","CHAM",-0.567566666666667,-90.1736166666667,-0.469583333333333,-91.6111833333333,230324.800436299
"61","PMAN","CHAM",-0.458566666666667,-91.3908333333333,-0.469583333333333,-91.6111833333333,28432.7299304803
"62","PMOR","CHAM",-0.7223,-91.3450666666667,-0.469583333333333,-91.6111833333333,41788.4099211284
"63","PROJ","CHAM",-0.40895,-90.7155333333333,-0.469583333333333,-91.6111833333333,185406.413853906
"64","PVIC","CHAM",-0.0453666666666667,-91.5430166666667,-0.469583333333333,-91.6111833333333,51869.1145956896
"65","RED","CHAM",0.2706,-91.6264833333333,-0.469583333333333,-91.6111833333333,84220.4935151424
"66","SOMB","CHAM",-0.350816666666667,-90.5685,-0.469583333333333,-91.6111833333333,200471.341017763
"67","STAFE","CHAM",-0.799483333333333,-90.04745,-0.469583333333333,-91.6111833333333,228411.032498691
"68","SUAR","CHAM",-1.35056666666667,-89.7104333333333,-0.469583333333333,-91.6111833333333,266149.761536751
"69","TOR","CHAM",-1.01171666666667,-90.8767,-0.469583333333333,-91.6111833333333,129606.982790638
"70","BAR","CMAR",-1.03875,-91.1563666666667,-0.00133333333333333,-91.22385,155809.298978161
"71","CDOU","CMAR",-0.302816666666667,-91.6517333333333,-0.00133333333333333,-91.22385,93108.7268664709
"72","CHAM","CMAR",-0.469583333333333,-91.6111833333333,-0.00133333333333333,-91.22385,113548.818633417
"73","CMAR","CMAR",-0.00133333333333333,-91.22385,-0.00133333333333333,-91.22385,0
"74","CORA","CMAR",0.311316666666667,-89.97515,-0.00133333333333333,-91.22385,146792.602895152
"75","CUEV","CMAR",-1.25335,-90.3741,-0.00133333333333333,-91.22385,169741.609367881
"76","DAPH","CMAR",-0.4258,-90.3721166666667,-0.00133333333333333,-91.22385,109412.224228334
"77","EGAS","CMAR",-0.2596,-90.8687833333333,-0.00133333333333333,-91.22385,49319.4507558268
"78","ELI","CMAR",-0.59505,-91.0859,-0.00133333333333333,-91.22385,146708.891915192
"79","GARD","CMAR",-1.36546666666667,-89.6393166666667,-0.00133333333333333,-91.22385,235199.288353758
"80","PCAL","CMAR",0.286433333333333,-90.5018166666667,-0.00133333333333333,-91.22385,87702.0116386166
"81","PESP","CMAR",-0.272283333333333,-91.4353833333333,-0.00133333333333333,-91.22385,93908.0114130493
"82","PIN","CMAR",0.603883333333333,-90.7898333333333,-0.00133333333333333,-91.22385,83482.3183047131
"83","PLAZ","CMAR",-0.567566666666667,-90.1736166666667,-0.00133333333333333,-91.22385,137396.795302408
"84","PMAN","CMAR",-0.458566666666667,-91.3908333333333,-0.00133333333333333,-91.22385,117479.515750502
"85","PMOR","CMAR",-0.7223,-91.3450666666667,-0.00133333333333333,-91.22385,146835.677638527
"86","PROJ","CMAR",-0.40895,-90.7155333333333,-0.00133333333333333,-91.22385,73236.6259531349
"87","PVIC","CMAR",-0.0453666666666667,-91.5430166666667,-0.00133333333333333,-91.22385,68052.1077080625
"88","RED","CMAR",0.2706,-91.6264833333333,-0.00133333333333333,-91.22385,57734.2876795352
"89","SOMB","CMAR",-0.350816666666667,-90.5685,-0.00133333333333333,-91.22385,88301.5796866186
"90","STAFE","CMAR",-0.799483333333333,-90.04745,-0.00133333333333333,-91.22385,166268.656594151
"91","SUAR","CMAR",-1.35056666666667,-89.7104333333333,-0.00133333333333333,-91.22385,227021.617217471
"92","TOR","CMAR",-1.01171666666667,-90.8767,-0.00133333333333333,-91.22385,128765.969123634
"93","BAR","CORA",-1.03875,-91.1563666666667,0.311316666666667,-89.97515,206664.553912996
"94","CDOU","CORA",-0.302816666666667,-91.6517333333333,0.311316666666667,-89.97515,225021.935018026
"95","CHAM","CORA",-0.469583333333333,-91.6111833333333,0.311316666666667,-89.97515,245462.026784971
"96","CMAR","CORA",-0.00133333333333333,-91.22385,0.311316666666667,-89.97515,146792.602895151
"97","CORA","CORA",0.311316666666667,-89.97515,0.311316666666667,-89.97515,0
"98","CUEV","CORA",-1.25335,-90.3741,0.311316666666667,-89.97515,183234.884484689
"99","DAPH","CORA",-0.4258,-90.3721166666667,0.311316666666667,-89.97515,93090.5444246003
"100","EGAS","CORA",-0.2596,-90.8687833333333,0.311316666666667,-89.97515,121182.880825793
"101","ELI","CORA",-0.59505,-91.0859,0.311316666666667,-89.97515,278622.100066746
"102","GARD","CORA",-1.36546666666667,-89.6393166666667,0.311316666666667,-89.97515,194435.049383832
"103","PCAL","CORA",0.286433333333333,-90.5018166666667,0.311316666666667,-89.97515,59523.0259493662
"104","PESP","CORA",-0.272283333333333,-91.4353833333333,0.311316666666667,-89.97515,225821.219564604
"105","PIN","CORA",0.603883333333333,-90.7898333333333,0.311316666666667,-89.97515,101756.235031984
"106","PLAZ","CORA",-0.567566666666667,-90.1736166666667,0.311316666666667,-89.97515,102390.29357683
"107","PMAN","CORA",-0.458566666666667,-91.3908333333333,0.311316666666667,-89.97515,249392.723902056
"108","PMOR","CORA",-0.7223,-91.3450666666667,0.311316666666667,-89.97515,278748.88579008
"109","PROJ","CORA",-0.40895,-90.7155333333333,0.311316666666667,-89.97515,119096.447581044
"110","PVIC","CORA",-0.0453666666666667,-91.5430166666667,0.311316666666667,-89.97515,199965.315859618
"111","RED","CORA",0.2706,-91.6264833333333,0.311316666666667,-89.97515,184756.000113023
"112","SOMB","CORA",-0.350816666666667,-90.5685,0.311316666666667,-89.97515,99257.6290682036
"113","STAFE","CORA",-0.799483333333333,-90.04745,0.311316666666667,-89.97515,124425.565130288
"114","SUAR","CORA",-1.35056666666667,-89.7104333333333,0.311316666666667,-89.97515,190877.489383499
"115","TOR","CORA",-1.01171666666667,-90.8767,0.311316666666667,-89.97515,179372.276396831
"116","BAR","CUEV",-1.03875,-91.1563666666667,-1.25335,-90.3741,93130.0394274876
"117","CDOU","CUEV",-0.302816666666667,-91.6517333333333,-1.25335,-90.3741,211233.884182482
"118","CHAM","CUEV",-0.469583333333333,-91.6111833333333,-1.25335,-90.3741,190258.489336351
"119","CMAR","CUEV",-0.00133333333333333,-91.22385,-1.25335,-90.3741,169741.60936788
"120","CORA","CUEV",0.311316666666667,-89.97515,-1.25335,-90.3741,183234.884484689
"121","CUEV","CUEV",-1.25335,-90.3741,-1.25335,-90.3741,0
"122","DAPH","CUEV",-0.4258,-90.3721166666667,-1.25335,-90.3741,106656.050194618
"123","EGAS","CUEV",-0.2596,-90.8687833333333,-1.25335,-90.3741,123968.521335738
"124","ELI","CUEV",-0.59505,-91.0859,-1.25335,-90.3741,200877.187652542
"125","GARD","CUEV",-1.36546666666667,-89.6393166666667,-1.25335,-90.3741,86677.1583135665
"126","PCAL","CUEV",0.286433333333333,-90.5018166666667,-1.25335,-90.3741,176065.007283024
"127","PESP","CUEV",-0.272283333333333,-91.4353833333333,-1.25335,-90.3741,215702.210048861
"128","PIN","CUEV",0.603883333333333,-90.7898333333333,-1.25335,-90.3741,216477.630324496
"129","PLAZ","CUEV",-0.567566666666667,-90.1736166666667,-1.25335,-90.3741,81285.5726333172
"130","PMAN","CUEV",-0.458566666666667,-91.3908333333333,-1.25335,-90.3741,191730.655167722
"131","PMOR","CUEV",-0.7223,-91.3450666666667,-1.25335,-90.3741,168033.452294384
"132","PROJ","CUEV",-0.40895,-90.7155333333333,-1.25335,-90.3741,102317.638314987
"133","PVIC","CUEV",-0.0453666666666667,-91.5430166666667,-1.25335,-90.3741,237687.628164734
"134","RED","CUEV",0.2706,-91.6264833333333,-1.25335,-90.3741,227369.808136207
"135","SOMB","CUEV",-0.350816666666667,-90.5685,-1.25335,-90.3741,104692.663014474
"136","STAFE","CUEV",-0.799483333333333,-90.04745,-1.25335,-90.3741,65664.5084113361
"137","SUAR","CUEV",-1.35056666666667,-89.7104333333333,-1.25335,-90.3741,77108.7795354579
"138","TOR","CUEV",-1.01171666666667,-90.8767,-1.25335,-90.3741,62817.5887540066
"139","BAR","DAPH",-1.03875,-91.1563666666667,-0.4258,-90.3721166666667,115059.064292759
"140","CDOU","DAPH",-0.302816666666667,-91.6517333333333,-0.4258,-90.3721166666667,197378.024671567
"141","CHAM","DAPH",-0.469583333333333,-91.6111833333333,-0.4258,-90.3721166666667,212837.53110184
"142","CMAR","DAPH",-0.00133333333333333,-91.22385,-0.4258,-90.3721166666667,109412.224228334
"143","CORA","DAPH",0.311316666666667,-89.97515,-0.4258,-90.3721166666667,93090.5444246004
"144","CUEV","DAPH",-1.25335,-90.3741,-0.4258,-90.3721166666667,106656.050194619
"145","DAPH","DAPH",-0.4258,-90.3721166666667,-0.4258,-90.3721166666667,0
"146","EGAS","DAPH",-0.2596,-90.8687833333333,-0.4258,-90.3721166666667,63541.2752317175
"147","ELI","DAPH",-0.59505,-91.0859,-0.4258,-90.3721166666667,223456.229418031
"148","GARD","DAPH",-1.36546666666667,-89.6393166666667,-0.4258,-90.3721166666667,136016.337532812
"149","PCAL","DAPH",0.286433333333333,-90.5018166666667,-0.4258,-90.3721166666667,82198.8905900042
"150","PESP","DAPH",-0.272283333333333,-91.4353833333333,-0.4258,-90.3721166666667,198177.309218145
"151","PIN","DAPH",0.603883333333333,-90.7898333333333,-0.4258,-90.3721166666667,125034.853576517
"152","PLAZ","DAPH",-0.567566666666667,-90.1736166666667,-0.4258,-90.3721166666667,27984.5749673343
"153","PMAN","DAPH",-0.458566666666667,-91.3908333333333,-0.4258,-90.3721166666667,214309.696933211
"154","PMOR","DAPH",-0.7223,-91.3450666666667,-0.4258,-90.3721166666667,190612.494059872
"155","PROJ","DAPH",-0.40895,-90.7155333333333,-0.4258,-90.3721166666667,39744.7586191609
"156","PVIC","DAPH",-0.0453666666666667,-91.5430166666667,-0.4258,-90.3721166666667,172321.405513158
"157","RED","DAPH",0.2706,-91.6264833333333,-0.4258,-90.3721166666667,162003.586226211
"158","SOMB","DAPH",-0.350816666666667,-90.5685,-0.4258,-90.3721166666667,23745.5776951811
"159","STAFE","DAPH",-0.799483333333333,-90.04745,-0.4258,-90.3721166666667,57043.1004615369
"160","SUAR","DAPH",-1.35056666666667,-89.7104333333333,-0.4258,-90.3721166666667,129642.089343229
"161","TOR","DAPH",-1.01171666666667,-90.8767,-0.4258,-90.3721166666667,87766.7867765937
"162","BAR","EGAS",-1.03875,-91.1563666666667,-0.2596,-90.8687833333333,115835.655514661
"163","CDOU","EGAS",-0.302816666666667,-91.6517333333333,-0.2596,-90.8687833333333,141049.075698222
"164","CHAM","EGAS",-0.469583333333333,-91.6111833333333,-0.2596,-90.8687833333333,161489.167465168
"165","CMAR","EGAS",-0.00133333333333333,-91.22385,-0.2596,-90.8687833333333,49319.4507558268
"166","CORA","EGAS",0.311316666666667,-89.97515,-0.2596,-90.8687833333333,121182.880825793
"167","CUEV","EGAS",-1.25335,-90.3741,-0.2596,-90.8687833333333,123968.521335738
"168","DAPH","EGAS",-0.4258,-90.3721166666667,-0.2596,-90.8687833333333,63541.2752317174
"169","EGAS","EGAS",-0.2596,-90.8687833333333,-0.2596,-90.8687833333333,0
"170","ELI","EGAS",-0.59505,-91.0859,-0.2596,-90.8687833333333,194649.240746943
"171","GARD","EGAS",-1.36546666666667,-89.6393166666667,-0.2596,-90.8687833333333,189423.640584356
"172","PCAL","EGAS",0.286433333333333,-90.5018166666667,-0.2596,-90.8687833333333,74496.0124158562
"173","PESP","EGAS",-0.272283333333333,-91.4353833333333,-0.2596,-90.8687833333333,141848.3602448
"174","PIN","EGAS",0.603883333333333,-90.7898333333333,-0.2596,-90.8687833333333,97683.4206532497
"175","PLAZ","EGAS",-0.567566666666667,-90.1736166666667,-0.2596,-90.8687833333333,90952.875702617
"176","PMAN","EGAS",-0.458566666666667,-91.3908333333333,-0.2596,-90.8687833333333,165419.864582253
"177","PMOR","EGAS",-0.7223,-91.3450666666667,-0.2596,-90.8687833333333,191389.085281774
"178","PROJ","EGAS",-0.40895,-90.7155333333333,-0.2596,-90.8687833333333,25975.7168098668
"179","PVIC","EGAS",-0.0453666666666667,-91.5430166666667,-0.2596,-90.8687833333333,115992.456539813
"180","RED","EGAS",0.2706,-91.6264833333333,-0.2596,-90.8687833333333,105674.636511286
"181","SOMB","EGAS",-0.350816666666667,-90.5685,-0.2596,-90.8687833333333,41040.6391375889
"182","STAFE","EGAS",-0.799483333333333,-90.04745,-0.2596,-90.8687833333333,120011.40119682
"183","SUAR","EGAS",-1.35056666666667,-89.7104333333333,-0.2596,-90.8687833333333,181245.969448069
"184","TOR","EGAS",-1.01171666666667,-90.8767,-0.2596,-90.8687833333333,88792.3256601343
"185","BAR","ELI",-1.03875,-91.1563666666667,-0.59505,-91.0859,110252.20485986
"186","CDOU","ELI",-0.302816666666667,-91.6517333333333,-0.59505,-91.0859,79076.9028433213
"187","CHAM","ELI",-0.469583333333333,-91.6111833333333,-0.59505,-91.0859,62774.6024325936
"188","CMAR","ELI",-0.00133333333333333,-91.22385,-0.59505,-91.0859,146708.891915192
"189","CORA","ELI",0.311316666666667,-89.97515,-0.59505,-91.0859,278622.100066748
"190","CUEV","ELI",-1.25335,-90.3741,-0.59505,-91.0859,200877.187652543
"191","DAPH","ELI",-0.4258,-90.3721166666667,-0.59505,-91.0859,223456.229418031
"192","EGAS","ELI",-0.2596,-90.8687833333333,-0.59505,-91.0859,194649.240746943
"193","ELI","ELI",-0.59505,-91.0859,-0.59505,-91.0859,0
"194","GARD","ELI",-1.36546666666667,-89.6393166666667,-0.59505,-91.0859,286336.838631051
"195","PCAL","ELI",0.286433333333333,-90.5018166666667,-0.59505,-91.0859,219531.471311868
"196","PESP","ELI",-0.272283333333333,-91.4353833333333,-0.59505,-91.0859,53200.9552246536
"197","PIN","ELI",0.603883333333333,-90.7898333333333,-0.59505,-91.0859,201634.034572797
"198","PLAZ","ELI",-0.567566666666667,-90.1736166666667,-0.59505,-91.0859,240943.49875249
"199","PMAN","ELI",-0.458566666666667,-91.3908333333333,-0.59505,-91.0859,37317.8833873664
"200","PMOR","ELI",-0.7223,-91.3450666666667,-0.59505,-91.0859,33055.8968947918
"201","PROJ","ELI",-0.40895,-90.7155333333333,-0.59505,-91.0859,206080.330106293
"202","PVIC","ELI",-0.0453666666666667,-91.5430166666667,-0.59505,-91.0859,80756.1779335356
"203","RED","ELI",0.2706,-91.6264833333333,-0.59505,-91.0859,118756.951219679
"204","SOMB","ELI",-0.350816666666667,-90.5685,-0.59505,-91.0859,216385.622838086
"205","STAFE","ELI",-0.799483333333333,-90.04745,-0.59505,-91.0859,239029.730814882
"206","SUAR","ELI",-1.35056666666667,-89.7104333333333,-0.59505,-91.0859,276768.459852943
"207","TOR","ELI",-1.01171666666667,-90.8767,-0.59505,-91.0859,140225.681106829
"208","BAR","GARD",-1.03875,-91.1563666666667,-1.36546666666667,-89.6393166666667,178589.690405996
"209","CDOU","GARD",-0.302816666666667,-91.6517333333333,-1.36546666666667,-89.6393166666667,296693.535160989
"210","CHAM","GARD",-0.469583333333333,-91.6111833333333,-1.36546666666667,-89.6393166666667,275718.140314859
"211","CMAR","GARD",-0.00133333333333333,-91.22385,-1.36546666666667,-89.6393166666667,235199.288353758
"212","CORA","GARD",0.311316666666667,-89.97515,-1.36546666666667,-89.6393166666667,194435.049383833
"213","CUEV","GARD",-1.25335,-90.3741,-1.36546666666667,-89.6393166666667,86677.1583135663
"214","DAPH","GARD",-0.4258,-90.3721166666667,-1.36546666666667,-89.6393166666667,136016.337532812
"215","EGAS","GARD",-0.2596,-90.8687833333333,-1.36546666666667,-89.6393166666667,189423.640584357
"216","ELI","GARD",-0.59505,-91.0859,-1.36546666666667,-89.6393166666667,286336.83863105
"217","GARD","GARD",-1.36546666666667,-89.6393166666667,-1.36546666666667,-89.6393166666667,0
"218","PCAL","GARD",0.286433333333333,-90.5018166666667,-1.36546666666667,-89.6393166666667,207289.118830724
"219","PESP","GARD",-0.272283333333333,-91.4353833333333,-1.36546666666667,-89.6393166666667,301161.861027368
"220","PIN","GARD",0.603883333333333,-90.7898333333333,-1.36546666666667,-89.6393166666667,255924.711247112
"221","PLAZ","GARD",-0.567566666666667,-90.1736166666667,-1.36546666666667,-89.6393166666667,108031.762891565
"222","PMAN","GARD",-0.458566666666667,-91.3908333333333,-1.36546666666667,-89.6393166666667,277190.30614623
"223","PMOR","GARD",-0.7223,-91.3450666666667,-1.36546666666667,-89.6393166666667,253493.103272892
"224","PROJ","GARD",-0.40895,-90.7155333333333,-1.36546666666667,-89.6393166666667,164954.712530881
"225","PVIC","GARD",-0.0453666666666667,-91.5430166666667,-1.36546666666667,-89.6393166666667,303145.306793569
"226","RED","GARD",0.2706,-91.6264833333333,-1.36546666666667,-89.6393166666667,292827.486765042
"227","SOMB","GARD",-0.350816666666667,-90.5685,-1.36546666666667,-89.6393166666667,159189.128460906
"228","STAFE","GARD",-0.799483333333333,-90.04745,-1.36546666666667,-89.6393166666667,79728.9443048454
"229","SUAR","GARD",-1.35056666666667,-89.7104333333333,-1.36546666666667,-89.6393166666667,10568.6057949885
"230","TOR","GARD",-1.01171666666667,-90.8767,-1.36546666666667,-89.6393166666667,148277.239732514
"231","BAR","PCAL",-1.03875,-91.1563666666667,0.286433333333333,-90.5018166666667,180324.874081443
"232","CDOU","PCAL",-0.302816666666667,-91.6517333333333,0.286433333333333,-90.5018166666667,165931.306263147
"233","CHAM","PCAL",-0.469583333333333,-91.6111833333333,0.286433333333333,-90.5018166666667,186371.398030093
"234","CMAR","PCAL",-0.00133333333333333,-91.22385,0.286433333333333,-90.5018166666667,87702.0116386167
"235","CORA","PCAL",0.311316666666667,-89.97515,0.286433333333333,-90.5018166666667,59523.0259493663
"236","CUEV","PCAL",-1.25335,-90.3741,0.286433333333333,-90.5018166666667,176065.007283023
"237","DAPH","PCAL",-0.4258,-90.3721166666667,0.286433333333333,-90.5018166666667,82198.8905900042
"238","EGAS","PCAL",-0.2596,-90.8687833333333,0.286433333333333,-90.5018166666667,74496.0124158563
"239","ELI","PCAL",-0.59505,-91.0859,0.286433333333333,-90.5018166666667,219531.471311868
"240","GARD","PCAL",-1.36546666666667,-89.6393166666667,0.286433333333333,-90.5018166666667,207289.118830724
"241","PCAL","PCAL",0.286433333333333,-90.5018166666667,0.286433333333333,-90.5018166666667,0
"242","PESP","PCAL",-0.272283333333333,-91.4353833333333,0.286433333333333,-90.5018166666667,166730.590809725
"243","PIN","PCAL",0.603883333333333,-90.7898333333333,0.286433333333333,-90.5018166666667,48955.6452638677
"244","PLAZ","PCAL",-0.567566666666667,-90.1736166666667,0.286433333333333,-90.5018166666667,103150.871671009
"245","PMAN","PCAL",-0.458566666666667,-91.3908333333333,0.286433333333333,-90.5018166666667,190302.095147178
"246","PMOR","PCAL",-0.7223,-91.3450666666667,0.286433333333333,-90.5018166666667,219658.257035203
"247","PROJ","PCAL",-0.40895,-90.7155333333333,0.286433333333333,-90.5018166666667,92175.243838222
"248","PVIC","PCAL",-0.0453666666666667,-91.5430166666667,0.286433333333333,-90.5018166666667,140874.687104739
"249","RED","PCAL",0.2706,-91.6264833333333,0.286433333333333,-90.5018166666667,125665.334188732
"250","SOMB","PCAL",-0.350816666666667,-90.5685,0.286433333333333,-90.5018166666667,72336.4253253818
"251","STAFE","PCAL",-0.799483333333333,-90.04745,0.286433333333333,-90.5018166666667,131795.084532156
"252","SUAR","PCAL",-1.35056666666667,-89.7104333333333,0.286433333333333,-90.5018166666667,201991.939809937
"253","TOR","PCAL",-1.01171666666667,-90.8767,0.286433333333333,-90.5018166666667,153281.532747985
"254","BAR","PESP",-1.03875,-91.1563666666667,-0.272283333333333,-91.4353833333333,125077.227256179
"255","CDOU","PESP",-0.302816666666667,-91.6517333333333,-0.272283333333333,-91.4353833333333,25875.9476186677
"256","CHAM","PESP",-0.469583333333333,-91.6111833333333,-0.272283333333333,-91.4353833333333,46670.76800231
"257","CMAR","PESP",-0.00133333333333333,-91.22385,-0.272283333333333,-91.4353833333333,93908.0114130493
"258","CORA","PESP",0.311316666666667,-89.97515,-0.272283333333333,-91.4353833333333,225821.219564605
"259","CUEV","PESP",-1.25335,-90.3741,-0.272283333333333,-91.4353833333333,215702.210048862
"260","DAPH","PESP",-0.4258,-90.3721166666667,-0.272283333333333,-91.4353833333333,198177.309218145
"261","EGAS","PESP",-0.2596,-90.8687833333333,-0.272283333333333,-91.4353833333333,141848.3602448
"262","ELI","PESP",-0.59505,-91.0859,-0.272283333333333,-91.4353833333333,53200.9552246535
"263","GARD","PESP",-1.36546666666667,-89.6393166666667,-0.272283333333333,-91.4353833333333,301161.86102737
"264","PCAL","PESP",0.286433333333333,-90.5018166666667,-0.272283333333333,-91.4353833333333,166730.590809725
"265","PESP","PESP",-0.272283333333333,-91.4353833333333,-0.272283333333333,-91.4353833333333,0
"266","PIN","PESP",0.603883333333333,-90.7898333333333,-0.272283333333333,-91.4353833333333,148833.154070654
"267","PLAZ","PESP",-0.567566666666667,-90.1736166666667,-0.272283333333333,-91.4353833333333,226161.88029222
"268","PMAN","PESP",-0.458566666666667,-91.3908333333333,-0.272283333333333,-91.4353833333333,23971.5792289616
"269","PMOR","PESP",-0.7223,-91.3450666666667,-0.272283333333333,-91.4353833333333,53327.7411169863
"270","PROJ","PESP",-0.40895,-90.7155333333333,-0.272283333333333,-91.4353833333333,165765.606633539
"271","PVIC","PESP",-0.0453666666666667,-91.5430166666667,-0.272283333333333,-91.4353833333333,28203.9462428674
"272","RED","PESP",0.2706,-91.6264833333333,-0.272283333333333,-91.4353833333333,65956.0714244754
"273","SOMB","PESP",-0.350816666666667,-90.5685,-0.272283333333333,-91.4353833333333,180830.533797395
"274","STAFE","PESP",-0.799483333333333,-90.04745,-0.272283333333333,-91.4353833333333,253854.753211201
"275","SUAR","PESP",-1.35056666666667,-89.7104333333333,-0.272283333333333,-91.4353833333333,291593.482249261
"276","TOR","PESP",-1.01171666666667,-90.8767,-0.272283333333333,-91.4353833333333,155050.703503148
"277","BAR","PIN",-1.03875,-91.1563666666667,0.603883333333333,-90.7898333333333,212944.033983829
"278","CDOU","PIN",-0.302816666666667,-91.6517333333333,0.603883333333333,-90.7898333333333,148033.869524075
"279","CHAM","PIN",-0.469583333333333,-91.6111833333333,0.603883333333333,-90.7898333333333,168473.961291021
"280","CMAR","PIN",-0.00133333333333333,-91.22385,0.603883333333333,-90.7898333333333,83482.3183047131
"281","CORA","PIN",0.311316666666667,-89.97515,0.603883333333333,-90.7898333333333,101756.235031984
"282","CUEV","PIN",-1.25335,-90.3741,0.603883333333333,-90.7898333333333,216477.630324495
"283","DAPH","PIN",-0.4258,-90.3721166666667,0.603883333333333,-90.7898333333333,125034.853576517
"284","EGAS","PIN",-0.2596,-90.8687833333333,0.603883333333333,-90.7898333333333,97683.4206532497
"285","ELI","PIN",-0.59505,-91.0859,0.603883333333333,-90.7898333333333,201634.034572797
"286","GARD","PIN",-1.36546666666667,-89.6393166666667,0.603883333333333,-90.7898333333333,255924.711247112
"287","PCAL","PIN",0.286433333333333,-90.5018166666667,0.603883333333333,-90.7898333333333,48955.6452638677
"288","PESP","PIN",-0.272283333333333,-91.4353833333333,0.603883333333333,-90.7898333333333,148833.154070654
"289","PIN","PIN",0.603883333333333,-90.7898333333333,0.603883333333333,-90.7898333333333,0
"290","PLAZ","PIN",-0.567566666666667,-90.1736166666667,0.603883333333333,-90.7898333333333,147892.948681634
"291","PMAN","PIN",-0.458566666666667,-91.3908333333333,0.603883333333333,-90.7898333333333,172404.658408106
"292","PMOR","PIN",-0.7223,-91.3450666666667,0.603883333333333,-90.7898333333333,201760.820296131
"293","PROJ","PIN",-0.40895,-90.7155333333333,0.603883333333333,-90.7898333333333,122918.333199974
"294","PVIC","PIN",-0.0453666666666667,-91.5430166666667,0.603883333333333,-90.7898333333333,122977.250365667
"295","RED","PIN",0.2706,-91.6264833333333,0.603883333333333,-90.7898333333333,101875.904501931
"296","SOMB","PIN",-0.350816666666667,-90.5685,0.603883333333333,-90.7898333333333,112748.985767411
"297","STAFE","PIN",-0.799483333333333,-90.04745,0.603883333333333,-90.7898333333333,176951.474175837
"298","SUAR","PIN",-1.35056666666667,-89.7104333333333,0.603883333333333,-90.7898333333333,249550.463057528
"299","TOR","PIN",-1.01171666666667,-90.8767,0.603883333333333,-90.7898333333333,185900.704129302
"300","BAR","PLAZ",-1.03875,-91.1563666666667,-0.567566666666667,-90.1736166666667,132546.410221053
"301","CDOU","PLAZ",-0.302816666666667,-91.6517333333333,-0.567566666666667,-90.1736166666667,225362.595745641
"302","CHAM","PLAZ",-0.469583333333333,-91.6111833333333,-0.567566666666667,-90.1736166666667,230324.800436299
"303","CMAR","PLAZ",-0.00133333333333333,-91.22385,-0.567566666666667,-90.1736166666667,137396.795302408
"304","CORA","PLAZ",0.311316666666667,-89.97515,-0.567566666666667,-90.1736166666667,102390.29357683
"305","CUEV","PLAZ",-1.25335,-90.3741,-0.567566666666667,-90.1736166666667,81285.5726333173
"306","DAPH","PLAZ",-0.4258,-90.3721166666667,-0.567566666666667,-90.1736166666667,27984.5749673343
"307","EGAS","PLAZ",-0.2596,-90.8687833333333,-0.567566666666667,-90.1736166666667,90952.875702617
"308","ELI","PLAZ",-0.59505,-91.0859,-0.567566666666667,-90.1736166666667,240943.49875249
"309","GARD","PLAZ",-1.36546666666667,-89.6393166666667,-0.567566666666667,-90.1736166666667,108031.762891565
"310","PCAL","PLAZ",0.286433333333333,-90.5018166666667,-0.567566666666667,-90.1736166666667,103150.871671009
"311","PESP","PLAZ",-0.272283333333333,-91.4353833333333,-0.567566666666667,-90.1736166666667,226161.88029222
"312","PIN","PLAZ",0.603883333333333,-90.7898333333333,-0.567566666666667,-90.1736166666667,147892.948681634
"313","PLAZ","PLAZ",-0.567566666666667,-90.1736166666667,-0.567566666666667,-90.1736166666667,0
"314","PMAN","PLAZ",-0.458566666666667,-91.3908333333333,-0.567566666666667,-90.1736166666667,231796.96626767
"315","PMOR","PLAZ",-0.7223,-91.3450666666667,-0.567566666666667,-90.1736166666667,208099.763394331
"316","PROJ","PLAZ",-0.40895,-90.7155333333333,-0.567566666666667,-90.1736166666667,67156.3038491716
"317","PVIC","PLAZ",-0.0453666666666667,-91.5430166666667,-0.567566666666667,-90.1736166666667,200305.976587233
"318","RED","PLAZ",0.2706,-91.6264833333333,-0.567566666666667,-90.1736166666667,189988.157300286
"319","SOMB","PLAZ",-0.350816666666667,-90.5685,-0.567566666666667,-90.1736166666667,51157.3658954282
"320","STAFE","PLAZ",-0.799483333333333,-90.04745,-0.567566666666667,-90.1736166666667,29058.5258202898
"321","SUAR","PLAZ",-1.35056666666667,-89.7104333333333,-0.567566666666667,-90.1736166666667,101657.514701981
"322","TOR","PLAZ",-1.01171666666667,-90.8767,-0.567566666666667,-90.1736166666667,100717.947370734
"323","BAR","PMAN",-1.03875,-91.1563666666667,-0.458566666666667,-91.3908333333333,101105.67237504
"324","CDOU","PMAN",-0.302816666666667,-91.6517333333333,-0.458566666666667,-91.3908333333333,49325.3396768085
"325","CHAM","PMAN",-0.469583333333333,-91.6111833333333,-0.458566666666667,-91.3908333333333,28432.7299304803
"326","CMAR","PMAN",-0.00133333333333333,-91.22385,-0.458566666666667,-91.3908333333333,117479.515750502
"327","CORA","PMAN",0.311316666666667,-89.97515,-0.458566666666667,-91.3908333333333,249392.723902057
"328","CUEV","PMAN",-1.25335,-90.3741,-0.458566666666667,-91.3908333333333,191730.655167723
"329","DAPH","PMAN",-0.4258,-90.3721166666667,-0.458566666666667,-91.3908333333333,214309.696933211
"330","EGAS","PMAN",-0.2596,-90.8687833333333,-0.458566666666667,-91.3908333333333,165419.864582253
"331","ELI","PMAN",-0.59505,-91.0859,-0.458566666666667,-91.3908333333333,37317.8833873664
"332","GARD","PMAN",-1.36546666666667,-89.6393166666667,-0.458566666666667,-91.3908333333333,277190.306146231
"333","PCAL","PMAN",0.286433333333333,-90.5018166666667,-0.458566666666667,-91.3908333333333,190302.095147177
"334","PESP","PMAN",-0.272283333333333,-91.4353833333333,-0.458566666666667,-91.3908333333333,23971.5792289616
"335","PIN","PMAN",0.603883333333333,-90.7898333333333,-0.458566666666667,-91.3908333333333,172404.658408106
"336","PLAZ","PMAN",-0.567566666666667,-90.1736166666667,-0.458566666666667,-91.3908333333333,231796.96626767
"337","PMAN","PMAN",-0.458566666666667,-91.3908333333333,-0.458566666666667,-91.3908333333333,0
"338","PMOR","PMAN",-0.7223,-91.3450666666667,-0.458566666666667,-91.3908333333333,30237.3237311657
"339","PROJ","PMAN",-0.40895,-90.7155333333333,-0.458566666666667,-91.3908333333333,189337.110970992
"340","PVIC","PMAN",-0.0453666666666667,-91.5430166666667,-0.458566666666667,-91.3908333333333,51526.8017688454
"341","RED","PMAN",0.2706,-91.6264833333333,-0.458566666666667,-91.3908333333333,89527.5750549884
"342","SOMB","PMAN",-0.350816666666667,-90.5685,-0.458566666666667,-91.3908333333333,204402.038134848
"343","STAFE","PMAN",-0.799483333333333,-90.04745,-0.458566666666667,-91.3908333333333,229883.198330062
"344","SUAR","PMAN",-1.35056666666667,-89.7104333333333,-0.458566666666667,-91.3908333333333,267621.927368123
"345","TOR","PMAN",-1.01171666666667,-90.8767,-0.458566666666667,-91.3908333333333,131079.148622009
"346","BAR","PMOR",-1.03875,-91.1563666666667,-0.7223,-91.3450666666667,77408.4695017008
"347","CDOU","PMOR",-0.302816666666667,-91.6517333333333,-0.7223,-91.3450666666667,62681.0196674565
"348","CHAM","PMOR",-0.469583333333333,-91.6111833333333,-0.7223,-91.3450666666667,41788.4099211284
"349","CMAR","PMOR",-0.00133333333333333,-91.22385,-0.7223,-91.3450666666667,146835.677638526
"350","CORA","PMOR",0.311316666666667,-89.97515,-0.7223,-91.3450666666667,278748.885790082
"351","CUEV","PMOR",-1.25335,-90.3741,-0.7223,-91.3450666666667,168033.452294384
"352","DAPH","PMOR",-0.4258,-90.3721166666667,-0.7223,-91.3450666666667,190612.494059872
"353","EGAS","PMOR",-0.2596,-90.8687833333333,-0.7223,-91.3450666666667,191389.085281774
"354","ELI","PMOR",-0.59505,-91.0859,-0.7223,-91.3450666666667,33055.8968947919
"355","GARD","PMOR",-1.36546666666667,-89.6393166666667,-0.7223,-91.3450666666667,253493.103272892
"356","PCAL","PMOR",0.286433333333333,-90.5018166666667,-0.7223,-91.3450666666667,219658.257035202
"357","PESP","PMOR",-0.272283333333333,-91.4353833333333,-0.7223,-91.3450666666667,53327.7411169863
"358","PIN","PMOR",0.603883333333333,-90.7898333333333,-0.7223,-91.3450666666667,201760.820296131
"359","PLAZ","PMOR",-0.567566666666667,-90.1736166666667,-0.7223,-91.3450666666667,208099.763394331
"360","PMAN","PMOR",-0.458566666666667,-91.3908333333333,-0.7223,-91.3450666666667,30237.3237311657
"361","PMOR","PMOR",-0.7223,-91.3450666666667,-0.7223,-91.3450666666667,0
"362","PROJ","PMOR",-0.40895,-90.7155333333333,-0.7223,-91.3450666666667,173236.594748133
"363","PVIC","PMOR",-0.0453666666666667,-91.5430166666667,-0.7223,-91.3450666666667,80882.9636568701
"364","RED","PMOR",0.2706,-91.6264833333333,-0.7223,-91.3450666666667,118883.736943013
"365","SOMB","PMOR",-0.350816666666667,-90.5685,-0.7223,-91.3450666666667,183541.887479927
"366","STAFE","PMOR",-0.799483333333333,-90.04745,-0.7223,-91.3450666666667,206185.995456723
"367","SUAR","PMOR",-1.35056666666667,-89.7104333333333,-0.7223,-91.3450666666667,243924.724494783
"368","TOR","PMOR",-1.01171666666667,-90.8767,-0.7223,-91.3450666666667,107381.94574867
"369","BAR","PROJ",-1.03875,-91.1563666666667,-0.40895,-90.7155333333333,97683.1649810201
"370","CDOU","PROJ",-0.302816666666667,-91.6517333333333,-0.40895,-90.7155333333333,164966.322086961
"371","CHAM","PROJ",-0.469583333333333,-91.6111833333333,-0.40895,-90.7155333333333,185406.413853906
"372","CMAR","PROJ",-0.00133333333333333,-91.22385,-0.40895,-90.7155333333333,73236.625953135
"373","CORA","PROJ",0.311316666666667,-89.97515,-0.40895,-90.7155333333333,119096.447581044
"374","CUEV","PROJ",-1.25335,-90.3741,-0.40895,-90.7155333333333,102317.638314987
"375","DAPH","PROJ",-0.4258,-90.3721166666667,-0.40895,-90.7155333333333,39744.7586191609
"376","EGAS","PROJ",-0.2596,-90.8687833333333,-0.40895,-90.7155333333333,25975.7168098668
"377","ELI","PROJ",-0.59505,-91.0859,-0.40895,-90.7155333333333,206080.330106292
"378","GARD","PROJ",-1.36546666666667,-89.6393166666667,-0.40895,-90.7155333333333,164954.712530881
"379","PCAL","PROJ",0.286433333333333,-90.5018166666667,-0.40895,-90.7155333333333,92175.243838222
"380","PESP","PROJ",-0.272283333333333,-91.4353833333333,-0.40895,-90.7155333333333,165765.606633539
"381","PIN","PROJ",0.603883333333333,-90.7898333333333,-0.40895,-90.7155333333333,122918.333199974
"382","PLAZ","PROJ",-0.567566666666667,-90.1736166666667,-0.40895,-90.7155333333333,67156.3038491715
"383","PMAN","PROJ",-0.458566666666667,-91.3908333333333,-0.40895,-90.7155333333333,189337.110970992
"384","PMOR","PROJ",-0.7223,-91.3450666666667,-0.40895,-90.7155333333333,173236.594748133
"385","PROJ","PROJ",-0.40895,-90.7155333333333,-0.40895,-90.7155333333333,0
"386","PVIC","PROJ",-0.0453666666666667,-91.5430166666667,-0.40895,-90.7155333333333,139909.702928552
"387","RED","PROJ",0.2706,-91.6264833333333,-0.40895,-90.7155333333333,129591.882900025
"388","SOMB","PROJ",-0.350816666666667,-90.5685,-0.40895,-90.7155333333333,19838.8185128401
"389","STAFE","PROJ",-0.799483333333333,-90.04745,-0.40895,-90.7155333333333,96024.0807712737
"390","SUAR","PROJ",-1.35056666666667,-89.7104333333333,-0.40895,-90.7155333333333,156777.041394594
"391","TOR","PROJ",-1.01171666666667,-90.8767,-0.40895,-90.7155333333333,70639.8268126104
"392","BAR","PVIC",-1.03875,-91.1563666666667,-0.0453666666666667,-91.5430166666667,151033.592675261
"393","CDOU","PVIC",-0.302816666666667,-91.6517333333333,-0.0453666666666667,-91.5430166666667,31429.0214484969
"394","CHAM","PVIC",-0.469583333333333,-91.6111833333333,-0.0453666666666667,-91.5430166666667,51869.1145956896
"395","CMAR","PVIC",-0.00133333333333333,-91.22385,-0.0453666666666667,-91.5430166666667,68052.1077080625
"396","CORA","PVIC",0.311316666666667,-89.97515,-0.0453666666666667,-91.5430166666667,199965.315859618
"397","CUEV","PVIC",-1.25335,-90.3741,-0.0453666666666667,-91.5430166666667,237687.628164734
"398","DAPH","PVIC",-0.4258,-90.3721166666667,-0.0453666666666667,-91.5430166666667,172321.405513158
"399","EGAS","PVIC",-0.2596,-90.8687833333333,-0.0453666666666667,-91.5430166666667,115992.456539814
"400","ELI","PVIC",-0.59505,-91.0859,-0.0453666666666667,-91.5430166666667,80756.1779335356
"401","GARD","PVIC",-1.36546666666667,-89.6393166666667,-0.0453666666666667,-91.5430166666667,303145.306793569
"402","PCAL","PVIC",0.286433333333333,-90.5018166666667,-0.0453666666666667,-91.5430166666667,140874.687104738
"403","PESP","PVIC",-0.272283333333333,-91.4353833333333,-0.0453666666666667,-91.5430166666667,28203.9462428674
"404","PIN","PVIC",0.603883333333333,-90.7898333333333,-0.0453666666666667,-91.5430166666667,122977.250365667
"405","PLAZ","PVIC",-0.567566666666667,-90.1736166666667,-0.0453666666666667,-91.5430166666667,200305.976587233
"406","PMAN","PVIC",-0.458566666666667,-91.3908333333333,-0.0453666666666667,-91.5430166666667,51526.8017688454
"407","PMOR","PVIC",-0.7223,-91.3450666666667,-0.0453666666666667,-91.5430166666667,80882.9636568701
"408","PROJ","PVIC",-0.40895,-90.7155333333333,-0.0453666666666667,-91.5430166666667,139909.702928552
"409","PVIC","PVIC",-0.0453666666666667,-91.5430166666667,-0.0453666666666667,-91.5430166666667,0
"410","RED","PVIC",0.2706,-91.6264833333333,-0.0453666666666667,-91.5430166666667,40100.1645251619
"411","SOMB","PVIC",-0.350816666666667,-90.5685,-0.0453666666666667,-91.5430166666667,154974.630092409
"412","STAFE","PVIC",-0.799483333333333,-90.04745,-0.0453666666666667,-91.5430166666667,229364.502081435
"413","SUAR","PVIC",-1.35056666666667,-89.7104333333333,-0.0453666666666667,-91.5430166666667,294967.635657282
"414","TOR","PVIC",-1.01171666666667,-90.8767,-0.0453666666666667,-91.5430166666667,181007.06892223
"415","BAR","RED",-1.03875,-91.1563666666667,0.2706,-91.6264833333333,183384.971594714
"416","CDOU","RED",-0.302816666666667,-91.6517333333333,0.2706,-91.6264833333333,63780.4032224433
"417","CHAM","RED",-0.469583333333333,-91.6111833333333,0.2706,-91.6264833333333,84220.4935151424
"418","CMAR","RED",-0.00133333333333333,-91.22385,0.2706,-91.6264833333333,57734.2876795352
"419","CORA","RED",0.311316666666667,-89.97515,0.2706,-91.6264833333333,184756.000113023
"420","CUEV","RED",-1.25335,-90.3741,0.2706,-91.6264833333333,227369.808136206
"421","DAPH","RED",-0.4258,-90.3721166666667,0.2706,-91.6264833333333,162003.586226211
"422","EGAS","RED",-0.2596,-90.8687833333333,0.2706,-91.6264833333333,105674.636511286
"423","ELI","RED",-0.59505,-91.0859,0.2706,-91.6264833333333,118756.951219679
"424","GARD","RED",-1.36546666666667,-89.6393166666667,0.2706,-91.6264833333333,292827.486765042
"425","PCAL","RED",0.286433333333333,-90.5018166666667,0.2706,-91.6264833333333,125665.334188732
"426","PESP","RED",-0.272283333333333,-91.4353833333333,0.2706,-91.6264833333333,65956.0714244755
"427","PIN","RED",0.603883333333333,-90.7898333333333,0.2706,-91.6264833333333,101875.904501931
"428","PLAZ","RED",-0.567566666666667,-90.1736166666667,0.2706,-91.6264833333333,189988.157300286
"429","PMAN","RED",-0.458566666666667,-91.3908333333333,0.2706,-91.6264833333333,89527.5750549885
"430","PMOR","RED",-0.7223,-91.3450666666667,0.2706,-91.6264833333333,118883.736943013
"431","PROJ","RED",-0.40895,-90.7155333333333,0.2706,-91.6264833333333,129591.882900025
"432","PVIC","RED",-0.0453666666666667,-91.5430166666667,0.2706,-91.6264833333333,40100.1645251619
"433","RED","RED",0.2706,-91.6264833333333,0.2706,-91.6264833333333,0
"434","SOMB","RED",-0.350816666666667,-90.5685,0.2706,-91.6264833333333,144656.810063881
"435","STAFE","RED",-0.799483333333333,-90.04745,0.2706,-91.6264833333333,219046.682794489
"436","SUAR","RED",-1.35056666666667,-89.7104333333333,0.2706,-91.6264833333333,284649.815628755
"437","TOR","RED",-1.01171666666667,-90.8767,0.2706,-91.6264833333333,186394.16789196
"438","BAR","SOMB",-1.03875,-91.1563666666667,-0.350816666666667,-90.5685,107988.457712814
"439","CDOU","SOMB",-0.302816666666667,-91.6517333333333,-0.350816666666667,-90.5685,180031.249250817
"440","CHAM","SOMB",-0.469583333333333,-91.6111833333333,-0.350816666666667,-90.5685,200471.341017763
"441","CMAR","SOMB",-0.00133333333333333,-91.22385,-0.350816666666667,-90.5685,88301.5796866186
"442","CORA","SOMB",0.311316666666667,-89.97515,-0.350816666666667,-90.5685,99257.6290682036
"443","CUEV","SOMB",-1.25335,-90.3741,-0.350816666666667,-90.5685,104692.663014474
"444","DAPH","SOMB",-0.4258,-90.3721166666667,-0.350816666666667,-90.5685,23745.5776951812
"445","EGAS","SOMB",-0.2596,-90.8687833333333,-0.350816666666667,-90.5685,41040.6391375889
"446","ELI","SOMB",-0.59505,-91.0859,-0.350816666666667,-90.5685,216385.622838086
"447","GARD","SOMB",-1.36546666666667,-89.6393166666667,-0.350816666666667,-90.5685,159189.128460906
"448","PCAL","SOMB",0.286433333333333,-90.5018166666667,-0.350816666666667,-90.5685,72336.4253253818
"449","PESP","SOMB",-0.272283333333333,-91.4353833333333,-0.350816666666667,-90.5685,180830.533797395
"450","PIN","SOMB",0.603883333333333,-90.7898333333333,-0.350816666666667,-90.5685,112748.985767411
"451","PLAZ","SOMB",-0.567566666666667,-90.1736166666667,-0.350816666666667,-90.5685,51157.3658954282
"452","PMAN","SOMB",-0.458566666666667,-91.3908333333333,-0.350816666666667,-90.5685,204402.038134848
"453","PMOR","SOMB",-0.7223,-91.3450666666667,-0.350816666666667,-90.5685,183541.887479927
"454","PROJ","SOMB",-0.40895,-90.7155333333333,-0.350816666666667,-90.5685,19838.8185128401
"455","PVIC","SOMB",-0.0453666666666667,-91.5430166666667,-0.350816666666667,-90.5685,154974.630092408
"456","RED","SOMB",0.2706,-91.6264833333333,-0.350816666666667,-90.5685,144656.810063881
"457","SOMB","SOMB",-0.350816666666667,-90.5685,-0.350816666666667,-90.5685,0
"458","STAFE","SOMB",-0.799483333333333,-90.04745,-0.350816666666667,-90.5685,80215.8913896308
"459","SUAR","SOMB",-1.35056666666667,-89.7104333333333,-0.350816666666667,-90.5685,152814.880271322
"460","TOR","SOMB",-1.01171666666667,-90.8767,-0.350816666666667,-90.5685,80945.1163793562
"461","BAR","STAFE",-1.03875,-91.1563666666667,-0.799483333333333,-90.04745,130632.714014179
"462","CDOU","STAFE",-0.302816666666667,-91.6517333333333,-0.799483333333333,-90.04745,249386.427344821
"463","CHAM","STAFE",-0.469583333333333,-91.6111833333333,-0.799483333333333,-90.04745,228411.032498691
"464","CMAR","STAFE",-0.00133333333333333,-91.22385,-0.799483333333333,-90.04745,166268.65659415
"465","CORA","STAFE",0.311316666666667,-89.97515,-0.799483333333333,-90.04745,124425.565130288
"466","CUEV","STAFE",-1.25335,-90.3741,-0.799483333333333,-90.04745,65664.5084113361
"467","DAPH","STAFE",-0.4258,-90.3721166666667,-0.799483333333333,-90.04745,57043.1004615369
"468","EGAS","STAFE",-0.2596,-90.8687833333333,-0.799483333333333,-90.04745,120011.40119682
"469","ELI","STAFE",-0.59505,-91.0859,-0.799483333333333,-90.04745,239029.730814882
"470","GARD","STAFE",-1.36546666666667,-89.6393166666667,-0.799483333333333,-90.04745,79728.9443048454
"471","PCAL","STAFE",0.286433333333333,-90.5018166666667,-0.799483333333333,-90.04745,131795.084532156
"472","PESP","STAFE",-0.272283333333333,-91.4353833333333,-0.799483333333333,-90.04745,253854.7532112
"473","PIN","STAFE",0.603883333333333,-90.7898333333333,-0.799483333333333,-90.04745,176951.474175837
"474","PLAZ","STAFE",-0.567566666666667,-90.1736166666667,-0.799483333333333,-90.04745,29058.5258202898
"475","PMAN","STAFE",-0.458566666666667,-91.3908333333333,-0.799483333333333,-90.04745,229883.198330062
"476","PMOR","STAFE",-0.7223,-91.3450666666667,-0.799483333333333,-90.04745,206185.995456723
"477","PROJ","STAFE",-0.40895,-90.7155333333333,-0.799483333333333,-90.04745,96024.0807712738
"478","PVIC","STAFE",-0.0453666666666667,-91.5430166666667,-0.799483333333333,-90.04745,229364.502081436
"479","RED","STAFE",0.2706,-91.6264833333333,-0.799483333333333,-90.04745,219046.682794489
"480","SOMB","STAFE",-0.350816666666667,-90.5685,-0.799483333333333,-90.04745,80215.8913896308
"481","STAFE","STAFE",-0.799483333333333,-90.04745,-0.799483333333333,-90.04745,0
"482","SUAR","STAFE",-1.35056666666667,-89.7104333333333,-0.799483333333333,-90.04745,73354.6961152619
"483","TOR","STAFE",-1.01171666666667,-90.8767,-0.799483333333333,-90.04745,98804.4629064339
"484","BAR","SUAR",-1.03875,-91.1563666666667,-1.35056666666667,-89.7104333333333,169021.311627888
"485","CDOU","SUAR",-0.302816666666667,-91.6517333333333,-1.35056666666667,-89.7104333333333,287125.156382882
"486","CHAM","SUAR",-0.469583333333333,-91.6111833333333,-1.35056666666667,-89.7104333333333,266149.761536752
"487","CMAR","SUAR",-0.00133333333333333,-91.22385,-1.35056666666667,-89.7104333333333,227021.617217471
"488","CORA","SUAR",0.311316666666667,-89.97515,-1.35056666666667,-89.7104333333333,190877.4893835
"489","CUEV","SUAR",-1.25335,-90.3741,-1.35056666666667,-89.7104333333333,77108.7795354578
"490","DAPH","SUAR",-0.4258,-90.3721166666667,-1.35056666666667,-89.7104333333333,129642.089343229
"491","EGAS","SUAR",-0.2596,-90.8687833333333,-1.35056666666667,-89.7104333333333,181245.969448069
"492","ELI","SUAR",-0.59505,-91.0859,-1.35056666666667,-89.7104333333333,276768.459852943
"493","GARD","SUAR",-1.36546666666667,-89.6393166666667,-1.35056666666667,-89.7104333333333,10568.6057949885
"494","PCAL","SUAR",0.286433333333333,-90.5018166666667,-1.35056666666667,-89.7104333333333,201991.939809937
"495","PESP","SUAR",-0.272283333333333,-91.4353833333333,-1.35056666666667,-89.7104333333333,291593.482249262
"496","PIN","SUAR",0.603883333333333,-90.7898333333333,-1.35056666666667,-89.7104333333333,249550.463057528
"497","PLAZ","SUAR",-0.567566666666667,-90.1736166666667,-1.35056666666667,-89.7104333333333,101657.514701981
"498","PMAN","SUAR",-0.458566666666667,-91.3908333333333,-1.35056666666667,-89.7104333333333,267621.927368123
"499","PMOR","SUAR",-0.7223,-91.3450666666667,-1.35056666666667,-89.7104333333333,243924.724494784
"500","PROJ","SUAR",-0.40895,-90.7155333333333,-1.35056666666667,-89.7104333333333,156777.041394594
"501","PVIC","SUAR",-0.0453666666666667,-91.5430166666667,-1.35056666666667,-89.7104333333333,294967.635657282
"502","RED","SUAR",0.2706,-91.6264833333333,-1.35056666666667,-89.7104333333333,284649.815628755
"503","SOMB","SUAR",-0.350816666666667,-90.5685,-1.35056666666667,-89.7104333333333,152814.880271322
"504","STAFE","SUAR",-0.799483333333333,-90.04745,-1.35056666666667,-89.7104333333333,73354.696115262
"505","SUAR","SUAR",-1.35056666666667,-89.7104333333333,-1.35056666666667,-89.7104333333333,0
"506","TOR","SUAR",-1.01171666666667,-90.8767,-1.35056666666667,-89.7104333333333,138708.860954406
"507","BAR","TOR",-1.03875,-91.1563666666667,-1.01171666666667,-90.8767,31828.5597494627
"508","CDOU","TOR",-0.302816666666667,-91.6517333333333,-1.01171666666667,-90.8767,150582.377636769
"509","CHAM","TOR",-0.469583333333333,-91.6111833333333,-1.01171666666667,-90.8767,129606.982790638
"510","CMAR","TOR",-0.00133333333333333,-91.22385,-1.01171666666667,-90.8767,128765.969123634
"511","CORA","TOR",0.311316666666667,-89.97515,-1.01171666666667,-90.8767,179372.276396831
"512","CUEV","TOR",-1.25335,-90.3741,-1.01171666666667,-90.8767,62817.5887540066
"513","DAPH","TOR",-0.4258,-90.3721166666667,-1.01171666666667,-90.8767,87766.7867765936
"514","EGAS","TOR",-0.2596,-90.8687833333333,-1.01171666666667,-90.8767,88792.3256601343
"515","ELI","TOR",-0.59505,-91.0859,-1.01171666666667,-90.8767,140225.681106829
"516","GARD","TOR",-1.36546666666667,-89.6393166666667,-1.01171666666667,-90.8767,148277.239732515
"517","PCAL","TOR",0.286433333333333,-90.5018166666667,-1.01171666666667,-90.8767,153281.532747986
"518","PESP","TOR",-0.272283333333333,-91.4353833333333,-1.01171666666667,-90.8767,155050.703503148
"519","PIN","TOR",0.603883333333333,-90.7898333333333,-1.01171666666667,-90.8767,185900.704129302
"520","PLAZ","TOR",-0.567566666666667,-90.1736166666667,-1.01171666666667,-90.8767,100717.947370734
"521","PMAN","TOR",-0.458566666666667,-91.3908333333333,-1.01171666666667,-90.8767,131079.148622009
"522","PMOR","TOR",-0.7223,-91.3450666666667,-1.01171666666667,-90.8767,107381.94574867
"523","PROJ","TOR",-0.40895,-90.7155333333333,-1.01171666666667,-90.8767,70639.8268126104
"524","PVIC","TOR",-0.0453666666666667,-91.5430166666667,-1.01171666666667,-90.8767,181007.06892223
"525","RED","TOR",0.2706,-91.6264833333333,-1.01171666666667,-90.8767,186394.16789196
"526","SOMB","TOR",-0.350816666666667,-90.5685,-1.01171666666667,-90.8767,80945.1163793562
"527","STAFE","TOR",-0.799483333333333,-90.04745,-1.01171666666667,-90.8767,98804.4629064337
"528","SUAR","TOR",-1.35056666666667,-89.7104333333333,-1.01171666666667,-90.8767,138708.860954406
"529","TOR","TOR",-1.01171666666667,-90.8767,-1.01171666666667,-90.8767,0
