"","BAR.1","BAR.2","BAR.3","CDOU.2","CDOU.3","CDOU1.REDO.U","CHAM.1","CHAM.2","CHAM.3","CMAR.1","CMAR.2","CMAR.3","CORA.1","CORA.2","CORA.3","CUEV.1","CUEV.2","CUEV.3","DAPH.1","DAPH.2","DAPH.3","EGAS.1","EGAS.2","EGAS.3","ELI.1","ELI.2","ELI.3","GARD.1","GARD.2","GARD.3","PCAL.1","PCAL.2","PCAL.3","PESP.1","PESP.2","PESP.3","PIN.1","PIN.2","PIN.3","PLAZ.1","PLAZ.2","PLAZ.3","PMAN.1","PMAN.2","PMAN.3","PMOR.1","PMOR.2","PMOR.3","PROJ.1","PROJ.2","PROJ.3","PVIC.1","PVIC.2","PVIC.3","RED.1","RED.2","RED.3","SOMB.1","SOMB.2","SOMB.3","STAFE.1","STAFE.2","STAFE.3","SUAR.1","SUAR.2","SUAR.3","TOR.1","TOR.2","TOR.3"
"ASV_1",0,0,0,3963,17693,1441,14151,7405,10608,18203,15654,28297,13188,13198,26152,165183,56881,33894,2550,3046,5020,51206,46978,48574,0,0,59,18367,9492,25072,32194,53460,52321,2793,10197,1393,5132,19007,4561,7897,15753,21213,698,21,0,9339,24875,4819,26544,27505,998,12260,19168,4805,31701,2517,10488,34726,38680,9966,8577,14804,5038,23941,13187,5591,18432,4385,5550
"ASV_10",613,1122,3042,3577,1249,753,9101,6784,1536,2072,2500,720,2663,4025,5136,14698,626,4956,245,399,2530,0,116,625,0,384,0,621,2340,1146,1297,5295,1042,136,388,4629,6277,3977,5199,9001,4846,9697,13440,491,5413,0,410,371,2071,2159,621,950,1150,643,27990,1878,11259,3039,9008,3342,4078,4043,4696,0,437,4763,10050,7157,1277
"ASV_100",0,0,0,0,0,37,0,0,0,0,932,183,0,100,665,0,0,426,0,0,0,318,0,0,0,0,0,0,0,0,233,0,473,0,0,0,0,8,122,685,1222,0,0,0,0,0,0,0,0,0,0,0,0,0,481,0,0,0,499,359,0,0,66,0,0,0,0,531,0
"ASV_1005",0,0,0,0,0,0,0,0,0,0,0,0,0,0,0,0,0,0,0,0,0,0,0,0,0,0,0,0,0,0,0,0,0,0,0,0,0,0,0,0,0,0,0,0,0,0,0,0,0,0,0,0,0,0,0,0,0,0,0,0,0,87,0,0,0,0,0,0,0
"ASV_101",0,0,0,0,554,0,0,0,0,0,0,0,0,0,0,0,0,0,0,0,0,0,0,388,0,0,0,0,0,0,1192,1117,210,0,0,0,0,207,33,0,0,0,1284,0,128,0,0,0,0,0,0,0,0,0,106,0,742,352,609,78,0,0,0,0,0,0,0,0,0
"ASV_102",0,0,0,0,0,0,0,0,0,0,0,0,0,0,0,0,0,0,0,0,0,0,0,0,0,0,0,0,0,0,0,135,0,0,0,102,0,37,0,0,0,0,0,0,0,0,0,0,0,0,0,0,1049,5514,0,0,0,0,0,0,0,0,103,0,0,0,0,0,0
"ASV_1023",0,0,0,0,0,0,0,0,0,0,0,0,0,0,0,22,0,0,0,0,0,0,0,0,0,0,0,0,0,0,22,0,0,0,0,0,0,39,0,0,0,0,0,0,0,0,0,0,0,0,0,0,0,0,0,0,0,0,0,0,0,0,0,0,0,0,0,0,0
"ASV_1029",0,0,0,0,0,0,0,0,0,0,0,0,0,0,0,0,0,0,0,0,0,0,0,0,0,0,0,0,0,0,0,0,0,3,0,79,0,0,0,0,0,0,0,0,0,0,0,0,0,0,0,0,0,0,0,0,0,0,0,0,0,0,0,0,0,0,0,0,0
"ASV_103",0,0,0,0,0,0,0,243,0,107,242,0,0,0,0,1110,303,0,0,66,171,0,0,0,0,0,0,0,285,0,0,0,0,0,0,77,33,224,0,153,543,419,0,0,227,0,357,0,0,0,38,0,0,0,195,0,143,0,619,232,250,0,269,0,0,334,0,0,0
"ASV_1032",0,0,0,0,0,0,0,0,0,0,0,0,0,0,0,0,0,0,0,0,0,0,0,0,0,0,0,0,0,0,0,0,0,0,0,0,0,0,0,0,0,0,0,0,0,0,0,0,0,0,0,0,0,0,0,0,0,82,0,0,0,0,0,0,0,0,0,0,0
"ASV_1033",0,0,0,0,0,0,0,0,0,0,0,0,0,0,0,0,0,0,0,0,0,0,0,0,0,0,0,0,0,0,0,0,0,0,0,0,0,0,0,0,0,0,0,0,0,0,0,0,0,0,0,0,0,0,0,0,0,82,0,0,0,0,0,0,0,0,0,0,0
"ASV_104",0,0,0,0,0,0,0,0,0,0,0,0,0,0,0,0,0,0,0,0,0,0,0,0,0,0,0,0,0,0,0,0,0,0,0,0,0,0,0,0,0,0,0,0,0,0,0,0,0,0,0,0,0,0,0,0,134,2728,476,165,1709,0,972,0,470,0,0,0,0
"ASV_1041",0,0,0,0,0,0,0,0,0,0,0,0,0,0,0,0,0,0,0,0,0,0,0,0,0,0,0,0,0,0,0,0,0,0,0,0,0,0,0,0,0,0,0,0,0,0,0,0,0,0,0,0,0,0,0,0,80,0,0,0,0,0,0,0,0,0,0,0,0
"ASV_1047",0,0,0,0,0,0,0,0,0,0,0,0,0,78,0,0,0,0,0,0,0,0,0,0,0,0,0,0,0,0,0,0,0,0,0,0,0,0,0,0,0,0,0,0,0,0,0,0,0,0,0,0,0,0,0,0,0,0,0,0,0,0,0,0,0,0,0,0,0
"ASV_1048",0,0,0,0,0,0,0,0,0,0,0,0,0,0,0,0,0,0,0,0,0,0,0,0,0,0,0,0,0,0,0,0,0,0,0,0,78,0,0,0,0,0,0,0,0,0,0,0,0,0,0,0,0,0,0,0,0,0,0,0,0,0,0,0,0,0,0,0,0
"ASV_105",0,136,0,0,0,0,0,0,22,0,0,0,0,0,0,0,0,0,0,0,0,0,0,0,0,102,0,0,0,0,0,0,0,0,0,279,0,0,0,0,0,0,0,0,366,0,398,5246,0,0,0,0,0,0,0,0,0,0,0,0,0,0,0,0,0,0,0,0,0
"ASV_106",0,0,0,0,0,0,0,0,0,368,859,342,563,122,0,876,0,689,70,48,167,0,0,0,0,0,0,0,0,935,247,262,0,0,0,0,0,0,284,0,0,0,0,0,0,0,0,0,331,0,0,0,0,0,267,0,84,0,0,0,0,0,0,0,0,0,0,0,0
"ASV_1060",0,0,0,0,0,0,0,0,0,0,75,0,0,0,0,0,0,0,0,0,0,0,0,0,0,0,0,0,0,0,0,0,0,0,0,0,0,0,0,0,0,0,0,0,0,0,0,0,0,0,0,0,0,0,0,0,0,0,0,0,0,0,0,0,0,0,0,0,0
"ASV_1065",0,0,0,0,0,0,0,0,0,0,0,0,0,0,0,0,0,0,0,0,0,0,0,0,0,0,0,0,0,0,0,0,0,0,0,0,0,0,0,0,0,0,0,0,0,0,0,0,0,0,0,66,9,0,0,0,0,0,0,0,0,0,0,0,0,0,0,0,0
"ASV_107",0,0,0,72,256,136,384,446,160,0,0,0,0,0,0,0,0,0,0,0,0,0,0,0,0,116,0,0,0,0,0,0,0,0,698,220,0,0,0,0,151,0,352,13,0,0,1119,1506,0,0,0,653,365,0,0,0,0,0,0,0,0,0,0,0,0,0,0,0,0
"ASV_1073",0,0,0,0,0,0,0,0,73,0,0,0,0,0,0,0,0,0,0,0,0,0,0,0,0,0,0,0,0,0,0,0,0,0,0,0,0,0,0,0,0,0,0,0,0,0,0,0,0,0,0,0,0,0,0,0,0,0,0,0,0,0,0,0,0,0,0,0,0
"ASV_108",0,0,0,0,0,0,0,0,0,52,75,0,0,0,0,0,267,0,70,0,0,116,0,0,0,409,0,448,0,0,134,299,0,0,0,0,0,0,0,0,490,174,483,0,0,0,0,0,110,0,12,0,0,0,0,0,0,0,0,0,0,0,0,0,85,0,0,3163,0
"ASV_109",0,0,0,0,0,0,0,0,0,0,0,0,0,0,0,0,0,0,0,0,0,0,0,0,97,0,0,0,0,0,0,0,0,86,1281,0,0,0,0,0,0,0,0,0,0,0,4775,0,0,0,0,0,0,0,0,0,0,0,0,0,0,0,0,0,0,0,0,0,0
"ASV_1098",0,0,0,0,0,0,0,0,0,0,0,0,0,0,0,0,0,0,0,0,0,0,0,0,0,0,0,0,0,0,0,0,0,0,0,0,68,0,0,0,0,0,0,0,0,0,0,0,0,0,0,0,0,0,0,0,0,0,0,0,0,0,0,0,0,0,0,0,0
"ASV_11",1344,690,0,225,1790,151,0,0,0,4062,4744,3374,6674,1156,2760,10821,822,4543,35809,1444,1418,0,10488,222,0,0,0,2239,5523,3993,5864,14296,958,0,0,290,775,263,359,1106,1835,2921,0,0,213,0,0,0,1586,2377,3193,269,0,256,2145,80,1812,1880,3134,0,5199,1297,10297,2726,1067,1485,0,0,1638
"ASV_110",0,0,0,573,951,0,947,639,1490,0,0,0,0,0,0,0,0,0,0,0,0,0,0,0,0,0,0,408,0,0,0,0,0,0,0,0,0,0,230,0,0,0,0,0,0,0,0,0,0,0,0,0,0,0,0,0,217,0,0,0,0,0,0,688,0,0,0,0,0
"ASV_1102",0,0,0,0,0,0,67,0,0,0,0,0,0,0,0,0,0,0,0,0,0,0,0,0,0,0,0,0,0,0,0,0,0,0,0,0,0,0,0,0,0,0,0,0,0,0,0,0,0,0,0,0,0,0,0,0,0,0,0,0,0,0,0,0,0,0,0,0,0
"ASV_1103",0,0,0,0,0,0,0,0,0,67,0,0,0,0,0,0,0,0,0,0,0,0,0,0,0,0,0,0,0,0,0,0,0,0,0,0,0,0,0,0,0,0,0,0,0,0,0,0,0,0,0,0,0,0,0,0,0,0,0,0,0,0,0,0,0,0,0,0,0
"ASV_1104",0,0,0,0,0,0,0,0,0,0,0,0,67,0,0,0,0,0,0,0,0,0,0,0,0,0,0,0,0,0,0,0,0,0,0,0,0,0,0,0,0,0,0,0,0,0,0,0,0,0,0,0,0,0,0,0,0,0,0,0,0,0,0,0,0,0,0,0,0
"ASV_1108",0,0,0,66,0,0,0,0,0,0,0,0,0,0,0,0,0,0,0,0,0,0,0,0,0,0,0,0,0,0,0,0,0,0,0,0,0,0,0,0,0,0,0,0,0,0,0,0,0,0,0,0,0,0,0,0,0,0,0,0,0,0,0,0,0,0,0,0,0
"ASV_111",0,159,0,405,0,433,0,911,506,0,0,0,0,0,0,0,0,0,0,0,179,0,0,0,0,0,0,0,0,0,0,0,0,0,0,0,0,0,0,683,0,1375,0,0,0,0,0,0,0,0,0,0,0,0,0,0,0,0,541,336,87,506,0,0,0,0,0,0,0
"ASV_112",0,0,0,0,0,0,0,0,0,0,0,0,0,0,0,5831,0,0,0,0,0,0,0,0,0,0,0,0,0,0,0,0,0,0,0,0,0,0,0,0,0,0,0,0,0,0,0,0,0,0,0,0,0,0,0,0,0,0,0,0,0,0,0,0,0,0,0,0,0
"ASV_1120",0,0,0,0,0,0,0,0,0,0,0,0,0,0,0,0,0,0,0,0,0,0,0,0,0,0,0,0,0,0,0,0,0,0,0,0,0,0,0,0,0,0,0,0,0,0,0,0,0,0,0,0,0,0,0,0,0,0,0,0,0,65,0,0,0,0,0,0,0
"ASV_1122",0,0,0,0,0,0,0,0,0,0,0,0,0,0,0,0,0,0,0,0,0,0,0,0,0,0,0,0,0,0,0,0,0,64,0,0,0,0,0,0,0,0,0,0,0,0,0,0,0,0,0,0,0,0,0,0,0,0,0,0,0,0,0,0,0,0,0,0,0
"ASV_1123",0,0,0,0,0,0,0,0,0,0,0,0,0,0,0,0,0,0,0,0,0,0,0,0,0,0,0,0,0,0,0,0,0,0,0,0,64,0,0,0,0,0,0,0,0,0,0,0,0,0,0,0,0,0,0,0,0,0,0,0,0,0,0,0,0,0,0,0,0
"ASV_1125",0,0,0,0,0,0,0,0,0,0,0,0,0,0,0,0,0,0,0,0,0,0,0,0,0,0,0,0,0,0,0,0,0,0,0,0,0,0,0,0,0,0,0,0,0,0,0,0,0,0,0,0,0,0,64,0,0,0,0,0,0,0,0,0,0,0,0,0,0
"ASV_113",0,0,0,0,0,0,0,0,0,336,0,0,158,176,0,460,0,0,71,34,234,0,0,0,0,0,0,243,328,0,1236,835,0,0,0,0,47,99,64,0,0,154,608,0,0,0,0,0,0,619,138,0,0,0,0,0,0,0,0,0,0,0,0,0,0,0,0,0,0
"ASV_1130",0,0,0,0,0,0,0,0,0,0,0,0,0,0,0,0,0,0,0,0,0,0,0,0,0,0,0,0,0,0,0,0,0,0,0,0,0,0,0,0,0,0,0,0,0,0,0,0,0,0,0,0,0,0,0,0,0,63,0,0,0,0,0,0,0,0,0,0,0
"ASV_1132",0,0,0,0,0,0,0,0,0,0,0,0,0,0,0,0,0,0,0,0,0,0,0,0,0,0,0,0,0,0,0,0,0,0,0,0,0,0,0,0,0,0,0,0,62,0,0,0,0,0,0,0,0,0,0,0,0,0,0,0,0,0,0,0,0,0,0,0,0
"ASV_1138",0,0,0,0,0,0,0,0,0,0,0,0,0,0,0,0,0,0,0,0,0,0,0,0,0,0,0,0,0,0,0,0,0,0,0,0,0,0,0,0,0,0,0,0,61,0,0,0,0,0,0,0,0,0,0,0,0,0,0,0,0,0,0,0,0,0,0,0,0
"ASV_114",0,0,0,578,639,144,0,0,0,0,0,0,0,0,0,0,0,329,0,0,0,0,0,0,0,287,749,0,0,0,0,0,0,0,342,459,0,0,0,0,0,0,0,0,0,769,0,278,0,0,0,0,0,0,0,0,0,0,0,0,167,528,0,0,0,0,0,514,0
"ASV_1142",0,0,0,0,0,0,0,0,0,0,0,60,0,0,0,0,0,0,0,0,0,0,0,0,0,0,0,0,0,0,0,0,0,0,0,0,0,0,0,0,0,0,0,0,0,0,0,0,0,0,0,0,0,0,0,0,0,0,0,0,0,0,0,0,0,0,0,0,0
"ASV_1147",0,0,0,0,0,0,0,0,0,0,0,0,0,0,0,0,0,0,0,0,0,0,0,0,0,0,0,0,0,0,0,0,0,0,0,0,0,0,0,59,0,0,0,0,0,0,0,0,0,0,0,0,0,0,0,0,0,0,0,0,0,0,0,0,0,0,0,0,0
"ASV_1149",0,0,0,0,0,0,0,0,0,0,0,0,0,0,0,0,0,0,0,0,58,0,0,0,0,0,0,0,0,0,0,0,0,0,0,0,0,0,0,0,0,0,0,0,0,0,0,0,0,0,0,0,0,0,0,0,0,0,0,0,0,0,0,0,0,0,0,0,0
"ASV_115",0,0,0,0,0,0,0,0,0,0,0,0,0,0,0,0,0,0,0,0,0,0,0,0,0,0,0,0,0,5706,0,0,0,0,0,0,0,0,0,0,0,0,0,0,0,0,0,0,0,0,0,0,0,0,0,0,0,0,0,0,0,0,0,0,0,0,0,0,0
"ASV_1151",0,0,0,0,0,0,0,0,0,0,0,0,0,0,0,0,0,0,0,0,0,0,0,0,0,0,0,0,0,0,0,0,0,58,0,0,0,0,0,0,0,0,0,0,0,0,0,0,0,0,0,0,0,0,0,0,0,0,0,0,0,0,0,0,0,0,0,0,0
"ASV_1157",0,0,0,0,0,0,0,0,0,0,0,0,0,0,0,0,0,0,0,0,0,0,0,0,0,0,0,0,0,0,0,0,0,0,0,57,0,0,0,0,0,0,0,0,0,0,0,0,0,0,0,0,0,0,0,0,0,0,0,0,0,0,0,0,0,0,0,0,0
"ASV_1158",0,0,0,0,0,0,0,0,0,0,0,0,0,0,0,0,0,0,0,0,0,0,0,0,0,0,0,0,0,0,0,0,0,0,0,0,0,0,0,0,0,0,0,0,0,0,0,0,0,0,0,0,0,0,0,0,57,0,0,0,0,0,0,0,0,0,0,0,0
"ASV_116",501,0,0,0,0,0,0,0,0,88,277,0,0,247,151,0,0,0,0,0,0,0,0,0,0,0,0,407,497,0,808,754,0,0,0,0,127,0,0,0,0,0,1576,14,0,0,0,0,110,0,35,0,0,0,0,0,0,0,0,0,0,0,0,0,0,0,0,0,0
"ASV_1160",0,0,56,0,0,0,0,0,0,0,0,0,0,0,0,0,0,0,0,0,0,0,0,0,0,0,0,0,0,0,0,0,0,0,0,0,0,0,0,0,0,0,0,0,0,0,0,0,0,0,0,0,0,0,0,0,0,0,0,0,0,0,0,0,0,0,0,0,0
"ASV_117",0,0,0,0,0,0,0,0,0,0,0,0,0,0,0,0,0,0,0,0,0,0,0,0,0,0,0,991,2193,2164,0,0,0,0,0,0,0,0,0,0,0,0,0,0,0,0,0,0,0,0,0,0,0,0,0,0,0,0,0,0,0,0,0,0,0,0,0,0,0
"ASV_1178",0,0,0,0,0,0,0,0,0,0,0,0,0,0,0,0,0,0,0,0,0,0,0,0,0,0,0,0,0,0,0,0,0,54,0,0,0,0,0,0,0,0,0,0,0,0,0,0,0,0,0,0,0,0,0,0,0,0,0,0,0,0,0,0,0,0,0,0,0
"ASV_118",0,0,0,518,123,0,1370,209,2329,0,0,0,54,0,541,0,0,0,0,0,0,0,0,0,0,0,0,500,463,0,122,0,0,19,0,0,0,52,37,0,0,0,0,0,0,0,0,0,0,0,0,0,0,0,46,0,0,0,0,0,0,0,0,0,0,0,0,0,0
"ASV_1181",0,0,0,0,0,53,0,0,0,0,0,0,0,0,0,0,0,0,0,0,0,0,0,0,0,0,0,0,0,0,0,0,0,0,0,0,0,0,0,0,0,0,0,0,0,0,0,0,0,0,0,0,0,0,0,0,0,0,0,0,0,0,0,0,0,0,0,0,0
"ASV_1186",0,0,0,0,0,0,0,0,0,0,0,0,0,0,0,0,0,0,0,0,0,0,0,0,0,0,41,0,0,0,0,0,0,0,0,0,0,0,0,0,0,0,0,0,11,0,0,0,0,0,0,0,0,0,0,0,0,0,0,0,0,0,0,0,0,0,0,0,0
"ASV_119",0,0,0,0,0,0,0,0,0,319,0,0,0,0,0,0,597,0,0,0,0,0,0,0,0,0,0,2737,0,0,0,0,0,0,0,0,0,0,0,0,16,0,0,0,16,0,86,0,0,0,0,990,460,72,0,0,0,0,0,0,0,0,0,0,0,0,0,0,0
"ASV_12",0,0,0,368,5576,249,568,548,209,0,0,0,455,512,2299,0,0,0,8,18,71,0,0,0,0,262,0,0,0,0,0,0,0,0,0,423,0,0,0,64,105,195,0,0,0,0,0,254,0,240,0,58153,48409,38632,0,0,0,0,0,0,200,121,235,0,0,241,1394,0,241
"ASV_120",0,0,0,0,0,0,0,0,852,157,0,2687,0,354,0,0,0,315,0,0,0,0,0,0,0,0,0,0,531,0,74,0,0,0,0,259,63,0,75,0,0,0,0,28,0,0,0,0,0,0,89,0,0,0,208,0,0,0,0,0,0,0,0,0,0,0,0,0,0
"ASV_1203",0,0,0,0,0,0,0,0,0,0,0,0,0,0,0,0,0,0,0,0,0,0,0,0,0,0,0,0,0,0,0,0,0,0,0,0,0,0,0,0,0,0,0,0,0,0,0,0,0,0,0,0,0,0,0,0,0,0,0,0,0,0,49,0,0,0,0,0,0
"ASV_1206",0,0,0,0,0,0,0,0,0,0,0,0,0,0,0,0,0,0,0,0,0,0,0,0,0,0,0,0,0,0,48,0,0,0,0,0,0,0,0,0,0,0,0,0,0,0,0,0,0,0,0,0,0,0,0,0,0,0,0,0,0,0,0,0,0,0,0,0,0
"ASV_121",181,217,0,0,0,0,236,0,33,47,0,0,0,84,0,38,125,50,12,107,124,113,0,31,9,0,79,0,0,0,6,0,35,0,0,0,32,0,0,38,626,0,0,0,284,172,120,0,2069,67,0,0,0,0,0,0,44,0,0,0,0,0,13,0,0,0,0,0,400
"ASV_1212",0,0,0,0,0,0,0,0,0,0,0,0,0,0,0,0,0,0,0,0,0,0,0,0,0,0,0,0,0,0,0,0,0,0,0,0,0,0,0,0,0,0,0,0,0,0,0,0,0,0,0,0,0,0,0,0,0,0,0,0,0,0,0,0,0,0,47,0,0
"ASV_1218",0,0,0,0,0,0,0,0,0,0,0,0,0,0,0,0,0,0,0,0,0,0,0,0,0,0,0,0,0,0,0,0,0,0,0,0,45,0,0,0,0,0,0,0,0,0,0,0,0,0,0,0,0,0,0,0,0,0,0,0,0,0,0,0,0,0,0,0,0
"ASV_122",0,0,0,2158,1610,122,0,0,0,0,0,0,0,0,0,0,0,0,0,0,0,0,0,0,0,0,47,0,0,0,0,0,0,0,0,0,0,0,0,0,0,0,0,0,0,0,0,1102,0,0,0,0,0,0,0,0,0,0,0,0,0,0,0,0,0,0,0,0,0
"ASV_1221",0,0,0,0,0,0,0,4,0,0,0,0,0,0,0,0,0,0,0,0,0,0,0,0,0,0,0,0,0,0,0,0,0,0,0,0,0,0,0,0,0,0,0,0,0,0,0,0,0,0,0,0,0,0,0,97,0,0,0,0,0,0,0,0,0,0,0,0,0
"ASV_1222",0,0,0,0,0,0,0,0,0,0,0,0,0,0,0,77,0,0,0,0,0,0,0,0,0,0,0,0,0,0,0,0,0,0,0,0,0,0,0,0,0,0,0,0,0,0,0,0,0,0,0,0,0,0,0,0,0,0,0,0,0,0,0,0,0,0,0,0,0
"ASV_1223",0,0,0,0,0,0,0,0,0,0,0,0,0,0,0,0,0,0,0,0,0,0,0,0,0,0,0,0,0,0,0,0,0,0,0,0,44,0,0,0,0,0,0,0,0,0,0,0,0,0,0,0,0,0,0,0,0,0,0,0,0,0,0,0,0,0,0,0,0
"ASV_1227",0,0,0,0,0,0,0,0,0,0,0,0,0,0,0,0,0,0,0,0,0,0,0,0,0,0,0,0,0,0,0,0,0,0,0,0,0,0,0,0,0,0,0,0,0,0,43,0,0,0,0,0,0,0,0,0,0,0,0,0,0,0,0,0,0,0,0,0,0
"ASV_124",933,418,822,0,0,0,0,0,0,728,190,0,0,0,0,0,0,0,0,0,0,0,0,0,0,0,0,402,0,0,0,0,0,0,0,0,0,0,0,0,149,315,0,0,0,0,0,73,0,0,0,824,0,0,0,0,0,157,0,0,0,0,0,0,0,0,0,0,0
"ASV_1243",0,0,0,0,0,0,0,0,0,0,0,0,0,0,0,0,0,0,0,0,0,0,0,0,0,0,0,0,0,0,0,0,0,0,0,0,0,0,0,0,0,0,0,0,0,0,0,0,0,0,38,0,0,0,0,0,0,0,0,0,0,0,0,0,0,0,0,0,0
"ASV_1249",0,0,0,0,0,0,0,0,0,0,0,0,0,0,0,0,0,0,0,0,0,0,0,0,0,0,0,0,0,0,0,0,0,0,0,0,0,0,0,0,0,0,0,0,0,0,0,0,0,0,0,0,0,0,0,0,0,0,0,0,0,0,0,0,0,0,0,36,0
"ASV_1251",0,0,0,0,0,0,0,0,0,0,0,0,0,0,0,0,0,0,0,0,35,0,0,0,0,0,0,0,0,0,0,0,0,0,0,0,0,0,0,0,0,0,0,0,0,0,0,0,0,0,0,0,0,0,0,0,0,0,0,0,0,0,0,0,0,0,0,0,0
"ASV_1253",0,0,0,0,0,0,0,0,0,0,0,0,0,0,0,0,0,0,0,0,0,0,0,0,0,0,0,0,0,0,0,0,0,0,0,0,0,0,0,0,0,0,0,0,0,0,0,0,0,0,35,0,0,0,0,0,0,0,0,0,0,0,0,0,0,0,0,0,0
"ASV_1254",0,0,0,0,0,0,0,0,0,0,0,0,0,0,0,0,0,0,0,0,0,0,0,0,0,0,0,0,0,0,0,0,0,0,0,0,0,0,0,0,0,0,0,0,0,0,0,0,0,0,0,0,0,0,35,0,0,0,0,0,0,0,0,0,0,0,0,0,0
"ASV_1261",0,0,0,0,0,0,0,0,0,0,0,0,0,0,0,0,0,0,0,0,0,0,33,0,0,0,0,0,0,0,0,0,0,0,0,0,0,0,0,0,0,0,0,0,0,0,0,0,0,0,0,0,0,0,0,0,0,0,0,0,0,0,0,0,0,0,0,0,0
"ASV_1268",0,0,0,0,0,0,0,0,0,0,0,0,0,0,0,0,0,0,0,0,0,0,0,0,0,0,0,0,0,0,0,0,0,0,14,0,0,0,0,0,0,0,0,0,0,5,0,0,0,0,0,0,0,0,13,0,0,0,0,0,0,0,0,0,0,0,0,0,0
"ASV_127",138,1288,153,0,0,0,0,1872,120,134,0,111,0,293,0,0,0,0,0,0,0,0,0,0,0,0,0,0,0,305,0,0,0,0,0,0,0,0,44,0,0,0,0,13,0,0,0,23,0,0,0,0,0,0,0,0,0,0,0,0,201,0,117,0,0,190,0,0,0
"ASV_1272",31,0,0,0,0,0,0,0,0,0,0,0,0,0,0,0,0,0,0,0,0,0,0,0,0,0,0,0,0,0,0,0,0,0,0,0,0,0,0,0,0,0,0,0,0,0,0,0,0,0,0,0,0,0,0,0,0,0,0,0,0,0,0,0,0,0,0,0,0
"ASV_1273",0,0,0,0,0,0,0,0,0,0,0,0,0,0,0,0,0,0,0,0,0,0,0,0,0,0,0,31,0,0,0,0,0,0,0,0,0,0,0,0,0,0,0,0,0,0,0,0,0,0,0,0,0,0,0,0,0,0,0,0,0,0,0,0,0,0,0,0,0
"ASV_1275",0,0,0,0,0,0,0,0,0,0,0,0,30,0,0,0,0,0,0,0,0,0,0,0,0,0,0,0,0,0,0,0,0,0,0,0,0,0,0,0,0,0,0,0,0,0,0,0,0,0,0,0,0,0,0,0,0,0,0,0,0,0,0,0,0,0,0,0,0
"ASV_1281",0,0,0,0,0,0,0,0,0,0,0,0,0,0,0,0,0,0,0,0,0,0,0,0,0,0,0,0,0,0,0,0,0,0,0,0,29,0,0,0,0,0,0,0,0,0,0,0,0,0,0,0,0,0,0,0,0,0,0,0,0,0,0,0,0,0,0,0,0
"ASV_1283",0,0,0,0,0,0,0,0,0,0,0,0,0,0,0,0,0,0,0,0,0,0,0,0,0,0,0,0,0,0,0,0,0,0,0,0,0,0,0,0,0,0,0,0,0,0,0,0,0,0,0,0,0,0,0,0,0,29,0,0,0,0,0,0,0,0,0,0,0
"ASV_1287",0,0,0,0,0,0,0,0,0,0,0,0,0,0,0,0,0,0,0,0,0,0,0,0,0,0,26,0,0,0,0,0,0,0,0,0,0,0,0,0,0,0,0,0,0,0,0,0,0,0,0,0,0,0,0,0,0,0,0,0,0,0,0,0,0,0,0,0,0
"ASV_1289",0,0,0,0,0,0,0,0,0,0,0,0,0,0,0,0,0,0,0,0,0,0,0,0,0,0,0,0,0,0,0,0,0,0,0,0,0,0,0,0,0,0,0,0,0,0,0,0,0,0,0,0,0,0,0,0,26,0,0,0,0,0,0,0,0,0,0,0,0
"ASV_1291",0,0,0,0,0,0,0,0,0,0,0,0,0,0,0,0,0,0,0,25,0,0,0,0,0,0,0,0,0,0,0,0,0,0,0,0,0,0,0,0,0,0,0,0,0,0,0,0,0,0,0,0,0,0,0,0,0,0,0,0,0,0,0,0,0,0,0,0,0
"ASV_1292",0,0,0,0,0,0,0,0,0,0,0,0,0,0,0,0,0,0,0,0,0,0,0,0,0,0,0,0,0,0,0,0,0,0,25,0,0,0,0,0,0,0,0,0,0,0,0,0,0,0,0,0,0,0,0,0,0,0,0,0,0,0,0,0,0,0,0,0,0
"ASV_1293",0,0,0,0,0,0,0,0,0,0,0,0,0,0,0,0,0,0,0,0,0,0,0,0,0,0,0,0,0,0,0,0,0,0,0,0,0,25,0,0,0,0,0,0,0,0,0,0,0,0,0,0,0,0,0,0,0,0,0,0,0,0,0,0,0,0,0,0,0
"ASV_1294",0,0,0,0,0,0,0,0,0,0,0,0,0,0,0,0,0,0,0,0,0,0,0,0,0,0,0,0,0,0,0,0,0,0,0,0,0,0,0,0,0,0,0,0,0,25,0,0,0,0,0,0,0,0,0,0,0,0,0,0,0,0,0,0,0,0,0,0,0
"ASV_1299",0,0,0,0,0,0,0,0,0,0,0,0,0,0,0,0,0,0,0,0,0,0,0,0,0,0,0,0,0,0,0,0,0,0,0,0,0,0,0,0,0,0,0,0,0,23,0,0,0,0,0,0,0,0,0,0,0,0,0,0,0,0,0,0,0,0,0,0,0
"ASV_13",15240,18646,10573,678,493,93,400,311,129,2111,2841,55,0,822,1457,9389,6177,203,0,0,0,65,0,0,1329,3960,977,5531,6426,3220,913,475,685,4263,27352,1532,0,0,296,188,295,356,9768,394,2869,8680,3308,1767,1263,728,216,0,0,0,316,50,490,0,815,224,345,445,326,426,1135,3336,0,1638,0
"ASV_130",0,0,0,0,0,0,0,0,0,0,0,0,0,0,0,0,0,0,0,0,0,0,0,292,0,0,0,514,401,0,0,0,0,0,324,0,0,0,0,0,0,0,0,0,0,0,0,0,397,0,0,0,0,0,0,0,0,320,427,0,0,0,0,1626,0,349,0,0,0
"ASV_1300",0,0,0,0,0,0,0,0,0,0,0,0,0,0,0,0,0,0,0,0,0,0,0,0,0,0,0,0,0,0,0,0,0,0,0,0,0,0,0,0,0,0,0,0,0,0,0,0,0,0,0,0,0,0,22,0,0,0,0,0,0,0,0,0,0,0,0,0,0
"ASV_1301",0,0,0,0,0,0,0,0,0,0,0,21,0,0,0,0,0,0,0,0,0,0,0,0,0,0,0,0,0,0,0,0,0,0,0,0,0,0,0,0,0,0,0,0,0,0,0,0,0,0,0,0,0,0,0,0,0,0,0,0,0,0,0,0,0,0,0,0,0
"ASV_1302",0,0,0,0,0,0,0,0,0,0,0,21,0,0,0,0,0,0,0,0,0,0,0,0,0,0,0,0,0,0,0,0,0,0,0,0,0,0,0,0,0,0,0,0,0,0,0,0,0,0,0,0,0,0,0,0,0,0,0,0,0,0,0,0,0,0,0,0,0
"ASV_1304",0,0,0,0,0,0,0,0,0,0,0,0,0,0,0,0,0,0,0,0,0,0,0,0,0,0,0,0,0,0,0,0,0,0,0,0,0,0,0,0,0,0,0,0,0,0,21,0,0,0,0,0,0,0,0,0,0,0,0,0,0,0,0,0,0,0,0,0,0
"ASV_1305",0,0,0,0,0,0,0,0,0,0,0,0,0,0,0,0,0,0,0,0,0,0,0,0,0,0,0,0,0,0,0,0,0,0,0,0,0,0,0,0,0,0,0,0,0,0,21,0,0,0,0,0,0,0,0,0,0,0,0,0,0,0,0,0,0,0,0,0,0
"ASV_1306",0,0,0,0,0,0,0,20,0,0,0,0,0,0,0,0,0,0,0,0,0,0,0,0,0,0,0,0,0,0,0,0,0,0,0,0,0,0,0,0,0,0,0,0,0,0,0,0,0,0,0,0,0,0,0,0,0,0,0,0,0,0,0,0,0,0,0,0,0
"ASV_1307",0,0,0,0,0,0,0,0,0,0,0,0,0,0,0,0,0,0,0,0,0,0,0,0,0,0,0,0,0,0,0,0,0,0,0,0,0,0,0,0,0,0,0,20,0,0,0,0,0,0,0,0,0,0,0,0,0,0,0,0,0,0,0,0,0,0,0,0,0
"ASV_131",150,0,0,0,0,0,0,0,0,0,0,0,0,0,0,0,0,0,0,0,0,0,0,0,0,0,988,0,0,0,0,0,0,0,0,567,0,0,0,0,0,0,0,0,0,0,0,0,0,0,0,0,0,0,0,0,0,0,0,0,0,0,0,0,0,0,0,1518,1313
"ASV_1310",0,0,0,0,0,0,0,0,0,0,0,0,0,0,0,0,0,0,0,0,0,0,19,0,0,0,0,0,0,0,0,0,0,0,0,0,0,0,0,0,0,0,0,0,0,0,0,0,0,0,0,0,0,0,0,0,0,0,0,0,0,0,0,0,0,0,0,0,0
"ASV_1313",0,0,0,0,0,0,0,0,0,0,0,0,0,0,0,0,0,3,0,0,0,0,0,0,0,0,0,0,0,0,0,0,0,0,0,0,0,0,0,0,0,0,0,0,0,0,0,0,0,15,0,0,0,0,0,0,0,0,0,0,0,0,0,0,0,0,0,0,0
"ASV_1314",0,0,0,0,0,0,0,0,0,0,0,0,0,0,0,0,0,0,0,0,0,0,0,0,0,0,0,0,0,0,0,0,0,0,0,0,18,0,0,0,0,0,0,0,0,0,0,0,0,0,0,0,0,0,0,0,0,0,0,0,0,0,0,0,0,0,0,0,0
"ASV_1315",0,0,0,0,0,0,0,0,0,0,0,0,0,0,0,0,0,0,0,0,0,0,0,0,0,0,0,0,0,0,0,0,0,0,0,0,0,0,0,0,0,0,0,0,0,0,0,0,0,18,0,0,0,0,0,0,0,0,0,0,0,0,0,0,0,0,0,0,0
"ASV_1316",0,0,0,0,0,0,0,0,0,0,0,0,0,0,0,0,0,0,0,0,0,0,0,0,0,0,0,0,0,0,0,0,0,0,0,0,0,0,0,0,0,0,0,0,0,0,0,0,0,0,0,0,0,0,0,0,0,0,0,0,0,0,0,0,0,0,18,0,0
"ASV_1317",0,0,0,0,0,0,0,0,0,0,0,0,0,0,0,0,0,0,0,0,0,0,0,0,0,0,0,0,0,0,0,0,0,0,0,0,0,0,0,0,0,0,0,0,0,0,0,0,0,0,0,0,0,0,0,0,0,0,0,0,0,0,0,0,0,0,0,18,0
"ASV_1319",0,0,0,0,0,0,0,10,0,0,0,0,0,0,0,0,0,0,0,0,0,0,0,0,0,0,0,0,0,0,0,0,0,0,0,0,0,0,0,0,0,0,0,0,0,0,0,0,0,0,0,0,0,0,0,0,0,0,0,0,0,0,0,0,0,0,0,6,0
"ASV_132",0,0,0,0,0,0,0,0,0,48,0,421,53,383,2409,0,0,0,0,0,0,0,0,0,0,0,0,0,0,1140,0,0,0,0,0,0,73,0,102,0,0,509,0,0,0,0,0,0,0,0,0,0,0,0,0,0,0,0,0,0,0,0,0,0,0,0,0,0,0
"ASV_1320",0,0,0,0,0,0,0,0,0,0,0,0,0,0,0,0,0,0,0,0,0,0,0,0,0,0,0,0,0,0,0,0,0,0,0,0,0,0,0,0,16,0,0,0,0,0,0,0,0,0,0,0,0,0,0,0,0,0,0,0,0,0,0,0,0,0,0,0,0
"ASV_1321",0,0,0,0,0,0,0,0,0,0,0,0,0,0,0,0,0,0,0,0,0,0,0,0,0,0,0,0,0,0,0,0,0,0,0,0,0,0,0,0,0,0,0,0,0,0,0,0,0,0,0,0,0,0,0,0,0,0,0,0,0,0,0,0,0,0,0,16,0
"ASV_1322",0,0,0,0,0,0,0,0,0,0,15,0,0,0,0,0,0,0,0,0,0,0,0,0,0,0,0,0,0,0,0,0,0,0,0,0,0,0,0,0,0,0,0,0,0,0,0,0,0,0,0,0,0,0,0,0,0,0,0,0,0,0,0,0,0,0,0,0,0
"ASV_1323",0,0,0,14,0,0,0,0,0,0,0,0,0,0,0,0,0,0,0,0,0,0,0,0,0,0,0,0,0,0,0,0,0,0,0,0,0,0,0,0,0,0,0,0,0,0,0,0,0,0,0,0,0,0,0,0,0,0,0,0,0,0,0,0,0,0,0,0,0
"ASV_1324",0,0,0,0,0,0,0,0,0,0,0,0,0,0,0,0,0,0,0,0,0,0,0,0,0,0,0,0,0,0,0,0,0,0,0,0,0,0,0,0,0,0,14,0,0,0,0,0,0,0,0,0,0,0,0,0,0,0,0,0,0,0,0,0,0,0,0,0,0
"ASV_1325",0,0,0,0,0,0,0,0,0,0,0,0,0,0,0,0,0,0,0,0,0,0,0,0,0,0,0,0,0,0,0,0,0,0,0,0,0,0,0,0,0,0,0,14,0,0,0,0,0,0,0,0,0,0,0,0,0,0,0,0,0,0,0,0,0,0,0,0,0
"ASV_1326",0,0,0,0,0,0,0,0,0,0,0,0,0,0,0,0,0,0,0,0,0,0,0,0,0,0,0,0,0,0,0,0,0,0,0,0,0,0,0,0,0,0,0,0,0,0,14,0,0,0,0,0,0,0,0,0,0,0,0,0,0,0,0,0,0,0,0,0,0
"ASV_1329",0,0,0,0,0,0,0,0,0,0,0,0,0,0,0,0,0,0,0,0,0,0,0,0,0,0,0,0,0,0,0,0,0,0,0,0,0,0,0,0,0,0,0,0,0,0,13,0,0,0,0,0,0,0,0,0,0,0,0,0,0,0,0,0,0,0,0,0,0
"ASV_1331",0,0,0,0,0,0,0,0,0,0,0,0,0,11,0,0,0,0,0,0,0,0,0,0,0,0,0,0,0,0,0,0,0,0,0,0,0,0,0,0,0,0,0,0,0,0,0,0,0,0,0,0,0,0,0,0,0,0,0,0,0,0,0,0,0,0,0,0,0
"ASV_1332",0,0,0,0,0,0,0,0,0,0,0,0,0,0,0,0,0,0,0,0,0,0,0,0,0,0,0,0,0,0,0,0,0,0,0,0,0,0,0,0,0,0,0,0,0,0,0,0,0,0,0,0,0,0,0,11,0,0,0,0,0,0,0,0,0,0,0,0,0
"ASV_1333",0,0,0,0,0,10,0,0,0,0,0,0,0,0,0,0,0,0,0,0,0,0,0,0,0,0,0,0,0,0,0,0,0,0,0,0,0,0,0,0,0,0,0,0,0,0,0,0,0,0,0,0,0,0,0,0,0,0,0,0,0,0,0,0,0,0,0,0,0
"ASV_1334",0,0,0,0,0,0,0,0,0,0,0,0,0,10,0,0,0,0,0,0,0,0,0,0,0,0,0,0,0,0,0,0,0,0,0,0,0,0,0,0,0,0,0,0,0,0,0,0,0,0,0,0,0,0,0,0,0,0,0,0,0,0,0,0,0,0,0,0,0
"ASV_1335",0,0,0,0,0,0,0,0,0,0,0,0,0,0,0,0,0,0,0,0,0,0,0,0,10,0,0,0,0,0,0,0,0,0,0,0,0,0,0,0,0,0,0,0,0,0,0,0,0,0,0,0,0,0,0,0,0,0,0,0,0,0,0,0,0,0,0,0,0
"ASV_1336",0,0,0,0,0,0,0,0,0,0,0,0,0,0,0,0,0,0,0,0,0,0,0,0,0,0,0,0,0,0,0,0,0,0,0,0,0,0,0,0,0,0,0,0,0,0,0,0,0,0,0,0,0,0,0,10,0,0,0,0,0,0,0,0,0,0,0,0,0
"ASV_1337",0,0,0,0,0,0,0,0,0,0,0,0,0,0,0,0,0,0,0,0,0,0,0,0,0,0,0,0,0,0,0,0,0,0,0,0,0,0,0,0,0,0,0,0,0,0,0,0,0,0,0,0,0,0,0,0,0,0,0,0,0,0,0,0,0,0,10,0,0
"ASV_1338",0,0,0,0,0,0,0,0,0,0,0,0,0,0,0,7,0,0,0,0,0,0,0,0,0,0,0,0,0,0,0,0,0,0,0,0,0,0,0,0,0,0,0,0,0,0,0,0,0,0,0,0,0,0,0,0,0,0,0,0,0,0,0,0,0,0,0,0,0
"ASV_1339",0,0,0,0,0,0,0,0,0,0,0,0,0,0,0,0,0,0,0,0,0,0,0,0,0,0,0,0,0,0,0,0,0,0,0,0,0,0,0,0,0,0,0,0,0,0,0,0,0,0,0,0,0,0,0,0,0,9,0,0,0,0,0,0,0,0,0,0,0
"ASV_1340",0,0,0,0,0,0,0,8,0,0,0,0,0,0,0,0,0,0,0,0,0,0,0,0,0,0,0,0,0,0,0,0,0,0,0,0,0,0,0,0,0,0,0,0,0,0,0,0,0,0,0,0,0,0,0,0,0,0,0,0,0,0,0,0,0,0,0,0,0
"ASV_1341",0,0,0,0,0,0,0,0,0,0,0,0,0,0,0,0,0,0,0,0,0,0,0,0,0,0,0,0,0,0,0,0,0,0,0,0,0,0,0,0,0,0,0,0,8,0,0,0,0,0,0,0,0,0,0,0,0,0,0,0,0,0,0,0,0,0,0,0,0
"ASV_1342",0,0,0,0,0,0,0,0,0,0,0,0,0,0,0,0,0,0,0,0,0,0,0,0,0,0,0,0,0,0,0,0,0,0,0,0,0,0,0,0,0,0,0,0,0,0,0,0,0,0,0,0,0,0,0,0,0,0,0,0,0,8,0,0,0,0,0,0,0
"ASV_1343",0,0,0,0,0,0,0,0,0,0,0,0,0,0,0,0,0,0,7,0,0,0,0,0,0,0,0,0,0,0,0,0,0,0,0,0,0,0,0,0,0,0,0,0,0,0,0,0,0,0,0,0,0,0,0,0,0,0,0,0,0,0,0,0,0,0,0,0,0
"ASV_1345",0,0,0,0,0,0,0,0,0,0,0,0,0,0,0,0,0,0,0,0,0,0,0,0,0,0,0,0,0,6,0,0,0,0,0,0,0,0,0,0,0,0,0,0,0,0,0,0,0,0,0,0,0,0,0,0,0,0,0,0,0,0,0,0,0,0,0,0,0
"ASV_1346",0,0,0,0,0,0,0,0,0,0,0,0,0,0,0,0,0,0,0,0,0,0,0,0,0,0,0,0,0,0,0,0,0,0,6,0,0,0,0,0,0,0,0,0,0,0,0,0,0,0,0,0,0,0,0,0,0,0,0,0,0,0,0,0,0,0,0,0,0
"ASV_1347",0,0,0,0,0,0,0,0,0,0,0,0,0,0,0,0,0,0,0,0,0,0,0,0,0,0,0,0,0,0,0,0,0,0,0,0,0,6,0,0,0,0,0,0,0,0,0,0,0,0,0,0,0,0,0,0,0,0,0,0,0,0,0,0,0,0,0,0,0
"ASV_1348",0,0,0,0,0,0,0,0,0,0,0,0,0,0,0,0,0,0,0,0,0,0,0,0,0,0,0,0,0,0,0,0,0,0,0,0,0,0,0,0,0,0,0,0,0,0,0,0,0,0,0,0,0,0,6,0,0,0,0,0,0,0,0,0,0,0,0,0,0
"ASV_1350",0,0,0,0,0,0,0,0,0,0,0,0,0,0,0,0,0,0,0,0,0,0,0,0,0,0,0,0,0,0,0,0,0,0,0,0,0,0,0,0,0,0,0,0,0,0,0,0,0,0,0,0,0,0,0,0,0,0,6,0,0,0,0,0,0,0,0,0,0
"ASV_1351",0,0,0,0,0,0,0,0,0,0,0,0,0,0,0,0,0,0,0,0,0,0,0,0,0,0,0,0,0,0,0,0,0,0,0,0,0,0,0,0,0,0,0,0,0,0,0,0,0,0,0,0,0,0,0,0,0,0,0,0,0,0,0,0,0,0,6,0,0
"ASV_1352",0,0,0,0,0,0,0,0,0,0,0,0,5,0,0,0,0,0,0,0,0,0,0,0,0,0,0,0,0,0,0,0,0,0,0,0,0,0,0,0,0,0,0,0,0,0,0,0,0,0,0,0,0,0,0,0,0,0,0,0,0,0,0,0,0,0,0,0,0
"ASV_1353",0,0,0,0,0,0,0,0,0,0,0,0,0,5,0,0,0,0,0,0,0,0,0,0,0,0,0,0,0,0,0,0,0,0,0,0,0,0,0,0,0,0,0,0,0,0,0,0,0,0,0,0,0,0,0,0,0,0,0,0,0,0,0,0,0,0,0,0,0
"ASV_1354",0,0,0,0,0,0,0,0,0,0,0,0,0,0,0,0,0,0,0,0,0,0,0,0,0,0,0,0,0,5,0,0,0,0,0,0,0,0,0,0,0,0,0,0,0,0,0,0,0,0,0,0,0,0,0,0,0,0,0,0,0,0,0,0,0,0,0,0,0
"ASV_1355",0,0,0,0,0,0,0,0,0,0,0,0,0,0,0,0,0,0,0,0,0,0,0,0,0,0,0,0,0,0,0,0,0,5,0,0,0,0,0,0,0,0,0,0,0,0,0,0,0,0,0,0,0,0,0,0,0,0,0,0,0,0,0,0,0,0,0,0,0
"ASV_1356",0,0,0,0,0,0,0,0,0,0,0,0,0,0,0,0,0,0,0,0,0,0,0,0,0,0,0,0,0,0,0,0,0,0,5,0,0,0,0,0,0,0,0,0,0,0,0,0,0,0,0,0,0,0,0,0,0,0,0,0,0,0,0,0,0,0,0,0,0
"ASV_1357",0,0,0,0,0,0,0,0,0,0,0,0,0,0,0,0,0,0,0,0,0,0,0,0,0,0,0,0,0,0,0,0,0,0,0,0,5,0,0,0,0,0,0,0,0,0,0,0,0,0,0,0,0,0,0,0,0,0,0,0,0,0,0,0,0,0,0,0,0
"ASV_1358",0,0,0,0,0,0,0,0,0,0,0,0,0,0,0,0,0,0,0,0,0,0,0,0,0,0,0,0,0,0,0,0,0,0,0,0,0,0,0,5,0,0,0,0,0,0,0,0,0,0,0,0,0,0,0,0,0,0,0,0,0,0,0,0,0,0,0,0,0
"ASV_1359",0,0,0,0,0,0,0,0,0,0,0,0,0,0,0,0,0,0,0,0,0,0,0,0,0,0,0,0,0,0,0,0,0,0,0,0,0,0,0,5,0,0,0,0,0,0,0,0,0,0,0,0,0,0,0,0,0,0,0,0,0,0,0,0,0,0,0,0,0
"ASV_136",0,0,0,3672,0,0,0,53,107,0,0,0,0,37,0,0,0,0,0,0,0,0,0,0,0,0,0,0,0,0,0,0,0,0,92,0,0,0,0,0,0,0,0,0,180,0,0,0,0,0,0,0,0,0,59,0,0,0,0,0,0,0,0,0,0,0,0,0,0
"ASV_1360",0,0,0,0,0,0,0,0,0,0,0,0,0,0,0,0,0,0,0,0,0,0,0,0,0,0,0,0,0,0,0,0,0,0,0,0,0,0,0,0,5,0,0,0,0,0,0,0,0,0,0,0,0,0,0,0,0,0,0,0,0,0,0,0,0,0,0,0,0
"ASV_1362",0,0,0,0,0,0,0,0,0,0,0,0,0,0,0,0,0,0,0,0,0,0,4,0,0,0,0,0,0,0,0,0,0,0,0,0,0,0,0,0,0,0,0,0,0,0,0,0,0,0,0,0,0,0,0,0,0,0,0,0,0,0,0,0,0,0,0,0,0
"ASV_1364",0,0,0,0,0,0,0,0,0,0,0,0,0,0,0,0,0,0,0,0,0,0,0,0,0,0,0,0,0,0,0,0,0,0,0,0,0,0,0,0,0,0,0,4,0,0,0,0,0,0,0,0,0,0,0,0,0,0,0,0,0,0,0,0,0,0,0,0,0
"ASV_1365",0,0,0,0,0,0,0,0,0,0,0,0,0,0,0,0,0,0,0,0,0,0,0,0,0,0,0,0,0,0,0,0,0,0,0,0,0,0,0,0,0,0,0,0,0,0,4,0,0,0,0,0,0,0,0,0,0,0,0,0,0,0,0,0,0,0,0,0,0
"ASV_1366",0,0,0,0,0,0,0,0,0,0,0,0,0,0,0,0,0,0,0,0,0,0,0,0,0,0,0,0,0,0,0,0,0,0,0,0,0,0,0,0,0,0,0,0,0,0,0,0,0,4,0,0,0,0,0,0,0,0,0,0,0,0,0,0,0,0,0,0,0
"ASV_1367",0,0,0,0,0,0,0,0,0,0,0,0,0,0,0,0,0,0,0,0,0,0,0,0,0,0,0,0,0,0,0,0,0,0,0,0,0,0,0,0,0,0,0,0,0,0,0,0,0,0,0,0,0,0,0,0,0,4,0,0,0,0,0,0,0,0,0,0,0
"ASV_1368",0,0,0,0,0,0,0,0,0,0,0,0,0,0,0,0,0,0,0,0,0,0,0,0,0,0,0,0,0,0,0,0,0,0,0,0,0,0,0,0,0,0,0,0,0,0,0,0,0,0,0,0,0,0,0,0,0,4,0,0,0,0,0,0,0,0,0,0,0
"ASV_1371",0,0,0,0,0,0,3,0,0,0,0,0,0,0,0,0,0,0,0,0,0,0,0,0,0,0,0,0,0,0,0,0,0,0,0,0,0,0,0,0,0,0,0,0,0,0,0,0,0,0,0,0,0,0,0,0,0,0,0,0,0,0,0,0,0,0,0,0,0
"ASV_1372",0,0,0,0,0,0,0,0,0,0,0,0,0,0,0,0,0,0,0,0,0,0,3,0,0,0,0,0,0,0,0,0,0,0,0,0,0,0,0,0,0,0,0,0,0,0,0,0,0,0,0,0,0,0,0,0,0,0,0,0,0,0,0,0,0,0,0,0,0
"ASV_1373",0,0,0,0,0,0,0,0,0,0,0,0,0,0,0,0,0,0,0,0,0,0,0,0,0,0,0,0,0,0,0,3,0,0,0,0,0,0,0,0,0,0,0,0,0,0,0,0,0,0,0,0,0,0,0,0,0,0,0,0,0,0,0,0,0,0,0,0,0
"ASV_1374",0,0,0,0,0,0,0,0,0,0,0,0,0,0,0,0,0,0,0,0,0,0,0,0,0,0,0,0,0,0,0,0,0,0,0,0,0,3,0,0,0,0,0,0,0,0,0,0,0,0,0,0,0,0,0,0,0,0,0,0,0,0,0,0,0,0,0,0,0
"ASV_1375",0,0,0,0,0,0,0,0,0,0,0,0,0,0,0,0,0,0,0,0,0,0,0,0,0,0,0,0,0,0,0,0,0,0,0,0,0,0,0,0,0,0,0,3,0,0,0,0,0,0,0,0,0,0,0,0,0,0,0,0,0,0,0,0,0,0,0,0,0
"ASV_1376",0,0,0,0,0,0,0,0,0,0,0,0,0,0,0,0,0,0,0,0,0,0,0,0,0,0,0,0,0,0,0,0,0,0,0,0,0,0,0,0,0,0,0,0,0,0,0,0,0,3,0,0,0,0,0,0,0,0,0,0,0,0,0,0,0,0,0,0,0
"ASV_1377",0,0,0,0,0,0,0,0,0,0,0,0,0,0,0,0,0,0,0,0,0,0,0,0,0,0,0,0,0,0,0,0,0,0,0,0,0,0,0,0,0,0,0,0,0,0,0,0,0,0,0,0,0,0,0,0,0,3,0,0,0,0,0,0,0,0,0,0,0
"ASV_1378",0,0,0,0,0,0,0,0,0,0,0,0,0,0,0,0,0,0,0,0,0,0,0,0,0,0,0,0,0,0,0,0,0,0,0,0,0,0,0,0,0,0,0,0,0,0,0,0,0,0,0,0,0,0,0,0,0,0,0,0,0,0,0,0,0,3,0,0,0
"ASV_1379",0,0,0,0,0,0,0,0,0,0,0,0,0,0,0,0,0,0,0,0,0,0,0,0,0,0,0,0,0,0,0,0,0,0,0,0,0,0,0,0,0,0,0,0,0,0,0,0,0,0,0,0,0,0,0,0,0,0,0,0,0,0,0,0,0,0,0,0,3
"ASV_138",423,0,197,0,0,0,0,0,0,1078,79,1071,0,0,0,0,0,0,0,0,0,0,0,0,0,0,0,0,0,472,223,0,336,0,0,0,0,90,30,0,0,0,0,0,0,0,0,0,0,0,0,0,0,0,0,0,0,0,0,0,0,0,0,0,0,0,0,0,0
"ASV_139",97,150,0,235,0,0,233,0,0,0,0,0,0,0,0,0,0,0,0,0,0,0,85,0,0,762,0,630,0,0,0,0,0,0,1121,132,0,0,0,0,0,0,85,0,0,0,0,0,0,0,0,0,0,0,0,0,0,365,0,0,0,0,0,0,0,0,0,0,0
"ASV_14",0,110,0,0,2353,246,0,1414,356,4340,4752,5258,85,492,152,0,0,1123,5737,9074,5563,3975,1506,4817,0,0,0,494,810,1015,342,709,448,329,2211,114,260,554,233,1431,1315,5261,0,0,0,1327,3140,311,5442,4911,2876,0,0,0,0,0,0,3883,13695,1909,1707,93,1455,0,1412,2243,5085,9282,0
"ASV_140",0,0,0,251,0,0,0,0,0,0,0,47,0,437,865,0,0,0,0,0,0,0,0,0,0,0,0,510,0,0,92,393,0,0,0,0,0,0,0,0,0,256,0,0,0,0,0,0,0,0,0,765,0,0,0,0,0,0,0,0,239,0,0,0,0,0,0,0,0
"ASV_141",0,0,0,0,0,24,662,810,134,0,0,0,0,0,0,0,0,0,0,0,0,0,0,0,0,0,0,0,0,0,0,0,0,0,0,112,0,0,0,0,0,0,0,0,0,0,1625,0,0,0,0,0,0,0,0,0,0,0,0,0,0,0,0,0,402,0,0,0,0
"ASV_142",0,873,0,0,0,0,0,0,0,0,0,150,0,0,0,0,0,231,0,0,0,0,0,142,0,0,32,716,303,0,0,0,0,0,0,0,0,0,29,0,0,233,0,0,0,0,0,0,0,0,0,346,0,0,0,0,683,0,0,0,142,0,0,0,0,0,0,0,0
"ASV_143",0,0,971,0,0,0,0,0,0,0,0,149,67,0,0,0,0,0,0,0,0,0,0,0,0,0,0,0,0,0,0,0,2288,0,0,0,0,0,0,0,0,0,0,0,0,0,0,244,0,0,0,0,0,0,0,0,0,0,0,0,0,0,0,0,0,0,0,0,0
"ASV_144",0,0,0,0,0,0,0,0,0,0,0,0,0,0,0,0,0,0,0,0,0,0,0,0,0,0,0,0,0,0,0,0,0,0,0,0,0,0,0,0,0,0,0,0,0,0,0,0,0,0,0,0,0,0,0,0,0,171,0,211,1773,488,1018,0,0,0,0,0,0
"ASV_146",0,0,0,0,0,0,0,0,0,0,0,0,0,0,0,465,0,0,0,0,0,0,0,0,0,0,0,0,0,0,317,0,359,0,0,0,0,50,0,0,0,325,0,0,0,0,640,0,0,0,0,0,0,0,0,0,0,0,0,0,0,0,0,0,309,0,0,1159,0
"ASV_147",0,0,0,0,0,0,0,0,0,0,0,0,0,0,0,0,0,0,0,0,0,0,0,0,0,0,0,0,0,0,0,0,0,0,0,0,0,0,0,0,0,0,0,0,0,0,0,0,0,0,0,0,0,0,0,0,0,0,0,0,0,0,0,0,0,3463,0,0,0
"ASV_148",0,343,597,0,0,0,0,0,0,0,0,115,0,0,0,0,0,0,0,0,0,0,0,0,0,446,0,163,320,0,0,0,0,0,295,0,0,0,0,0,0,0,0,12,0,0,321,0,0,0,0,0,0,129,0,0,0,0,0,0,0,0,0,451,333,0,0,0,0
"ASV_15",309,436,0,112,0,53,246,567,317,0,0,49,0,0,0,485,0,674,0,0,0,0,0,0,0,66,0,0,0,0,160,0,284,0,0,261,0,0,0,29,0,1287,1980,69687,28984,0,0,1760,0,0,0,5274,2415,5333,0,0,0,0,0,0,0,0,0,0,531,0,0,0,0
"ASV_150",282,0,0,0,0,0,0,0,0,0,0,0,0,0,0,0,0,0,0,0,0,0,0,0,39,318,0,0,0,0,46,0,0,0,0,0,0,0,0,0,0,0,401,3,0,808,1013,0,0,0,0,426,0,0,0,0,0,0,0,0,0,0,0,0,0,0,0,0,0
"ASV_151",0,0,0,175,573,0,0,0,0,0,0,0,0,0,0,0,0,0,0,0,0,0,0,0,0,0,0,0,0,0,0,0,0,0,0,84,0,0,0,0,0,0,0,0,0,839,0,0,0,0,0,0,0,1646,0,0,0,0,0,0,0,0,0,0,0,0,0,0,0
"ASV_152",0,0,0,215,0,0,1528,389,288,0,0,0,0,0,0,0,0,0,0,0,0,0,0,0,0,0,0,0,0,0,0,0,0,0,0,0,0,0,0,0,0,0,821,0,0,0,0,0,0,0,0,0,0,0,97,30,0,0,0,0,0,0,0,0,0,0,0,0,0
"ASV_155",0,0,0,0,0,0,0,0,0,3243,0,0,0,0,0,0,0,0,0,0,0,0,0,0,0,0,0,0,0,0,0,0,0,0,0,0,0,0,0,0,0,0,0,0,0,0,0,0,0,0,0,0,0,0,0,0,0,0,0,0,0,0,0,0,0,0,0,0,0
"ASV_156",615,1961,639,0,0,0,0,0,0,0,0,0,0,0,0,0,0,0,0,0,0,0,0,0,0,0,0,0,0,0,0,0,0,0,0,0,0,0,0,0,0,0,0,0,0,0,0,0,0,0,0,0,0,0,0,0,0,0,0,0,0,0,0,0,0,0,0,0,0
"ASV_157",0,0,0,342,248,46,0,232,207,0,256,0,0,0,0,0,0,0,34,11,0,0,0,0,0,126,0,0,0,0,0,0,0,0,0,0,0,108,52,0,0,261,0,0,101,0,0,0,0,0,431,0,0,0,79,23,0,0,572,85,0,0,0,0,0,0,0,0,0
"ASV_158",0,0,0,0,0,0,0,0,0,0,0,0,0,0,391,0,0,0,0,0,0,0,0,0,0,0,0,0,0,0,64,448,0,0,0,0,0,863,169,680,433,84,0,0,0,0,0,0,0,0,0,0,0,0,0,0,0,0,0,0,0,0,0,0,0,0,0,0,0
"ASV_159",0,0,0,0,0,0,0,0,0,0,0,0,0,0,0,0,0,0,0,0,0,0,0,0,0,0,0,0,0,0,560,0,389,0,0,0,0,0,0,0,0,0,0,0,0,0,0,0,0,0,0,422,0,152,0,0,0,0,0,0,0,0,0,1895,394,210,0,0,0
"ASV_16",6483,2332,1519,6688,3269,10260,5224,877,1306,987,205,451,158,428,1181,1203,1511,0,64,193,451,1291,799,273,1169,9677,703,330,437,639,0,0,605,886,3926,3924,0,123,71,264,4699,1496,3224,169,1839,17832,2102,1872,0,0,138,287,0,424,0,0,0,0,0,130,0,0,0,3544,1341,2469,0,3123,0
"ASV_160",0,0,41,0,0,0,101,0,138,0,0,0,0,0,0,0,1349,313,0,15,0,0,0,0,0,0,0,0,0,0,0,0,0,0,0,0,0,0,0,0,0,0,0,0,0,0,0,0,0,0,0,0,0,0,0,0,0,0,0,0,0,0,133,0,0,0,0,780,0
"ASV_161",0,0,0,0,0,0,0,0,0,0,0,0,0,0,0,66,0,0,0,0,0,0,0,0,0,0,0,0,0,0,0,0,0,15,0,0,0,0,0,0,0,0,0,0,0,949,460,0,0,0,0,200,77,133,0,0,0,0,0,0,0,0,0,359,0,0,0,637,0
"ASV_163",0,0,0,0,0,0,0,0,406,0,0,0,0,0,0,0,0,0,0,0,0,0,0,0,0,0,0,0,0,0,0,0,0,0,708,0,0,0,0,0,0,0,0,0,0,594,0,0,0,386,0,0,421,0,0,0,0,0,0,0,0,0,0,0,0,444,0,0,0
"ASV_165",0,0,283,0,0,0,0,0,0,0,0,0,0,0,0,0,0,0,0,0,0,0,0,0,0,0,0,0,0,0,0,0,0,0,0,0,0,0,0,0,0,0,1325,38,116,0,0,901,0,0,0,0,119,0,0,0,0,0,0,0,0,0,0,0,0,0,0,0,0
"ASV_166",0,0,0,54,0,0,0,0,0,0,0,0,36,0,0,736,0,0,0,0,0,0,0,0,0,0,0,0,0,0,206,0,0,0,0,0,0,66,55,678,695,209,0,0,0,0,0,0,0,0,0,0,0,0,0,0,0,0,0,0,0,0,0,0,0,0,9,0,0
"ASV_167",0,0,0,0,0,0,0,0,0,0,0,0,0,0,0,0,0,0,0,0,0,0,0,0,0,0,0,0,0,0,0,0,0,0,0,0,0,0,0,0,2254,0,0,0,0,0,0,0,0,0,0,0,0,0,0,0,0,0,463,0,0,0,0,0,0,0,0,0,0
"ASV_17",614,0,60,842,821,0,2607,415,700,80,0,0,60,0,230,0,0,0,0,310,0,0,0,0,1443,582,0,0,0,0,0,0,0,0,0,122,179,65486,0,0,0,0,698,22,210,1098,542,1585,176,0,0,132,0,0,0,0,0,0,0,0,214,0,0,0,0,0,4909,2071,11189
"ASV_170",0,0,0,0,0,0,0,0,0,0,0,0,0,0,0,0,0,0,0,0,0,2649,0,0,0,0,0,0,0,0,0,0,0,0,0,0,0,0,0,0,0,0,0,0,0,0,0,0,0,0,0,0,0,0,0,0,0,0,0,0,0,0,0,0,0,0,0,0,0
"ASV_172",0,0,0,0,0,0,0,0,0,0,0,245,141,365,0,0,0,0,0,0,0,0,0,0,0,0,0,0,0,0,0,0,0,0,0,0,0,94,0,0,0,0,0,0,122,0,0,0,0,0,0,0,0,0,0,13,152,0,1301,169,0,0,0,0,0,0,0,0,0
"ASV_173",0,0,0,0,0,0,0,891,249,0,0,0,0,0,0,0,0,0,0,0,0,0,0,0,0,0,0,0,0,0,0,0,0,0,0,0,0,0,0,0,0,0,0,0,0,0,0,0,0,0,0,0,0,307,552,90,1224,0,0,0,0,0,0,0,0,0,0,0,0
"ASV_174",0,0,0,0,0,0,0,86,0,0,0,0,93,0,0,0,0,0,0,0,32,0,0,132,0,0,0,0,0,0,104,0,0,0,0,78,58,0,0,0,0,391,0,0,0,0,0,0,0,0,0,0,400,0,82,0,0,0,0,0,0,0,112,0,0,0,0,981,0
"ASV_178",0,0,0,0,0,0,0,0,98,0,0,0,0,0,0,103,171,0,0,46,44,0,0,0,0,0,0,0,0,0,0,284,259,40,0,0,0,0,0,0,0,0,0,0,111,140,0,101,148,145,0,0,0,0,0,0,0,0,76,98,0,0,0,191,97,0,335,0,0
"ASV_18",3513,4161,2778,0,0,0,0,0,0,0,0,0,0,0,233,814,0,0,0,0,0,686,484,471,679,1390,1443,0,2883,1344,0,0,0,33,395,952,0,0,0,1100,313,178,707,7,0,0,0,0,419,184,0,19299,14053,24308,0,0,0,1517,729,0,0,0,0,0,0,0,0,0,0
"ASV_182",0,154,0,108,0,0,118,0,0,36,0,0,0,0,0,0,0,0,0,39,0,0,0,0,0,0,0,0,0,0,90,0,0,0,268,0,44,0,0,0,311,0,0,0,0,582,0,0,0,0,0,0,0,0,0,0,0,0,0,0,0,0,0,0,0,426,0,176,0
"ASV_183",443,0,320,0,605,0,0,237,0,0,128,0,0,0,0,0,0,0,0,0,0,0,0,0,0,0,0,0,0,0,0,0,0,0,0,0,0,0,0,0,0,0,0,0,0,0,0,0,0,0,0,0,367,197,0,0,0,0,0,0,0,0,0,0,0,0,0,0,0
"ASV_184",0,0,0,331,822,57,0,0,0,0,0,0,0,0,0,0,0,0,0,0,0,0,0,0,0,0,0,0,0,0,0,0,0,0,0,0,0,0,0,0,0,0,0,0,0,0,0,0,0,0,0,0,0,0,481,91,655,0,0,0,0,0,0,0,0,0,0,0,0
"ASV_185",0,0,0,0,0,16,207,524,1497,0,0,0,0,0,0,0,0,0,0,0,0,0,0,0,0,0,0,0,0,0,0,0,0,0,0,0,0,0,0,0,0,0,0,6,0,0,0,0,0,0,0,0,0,0,0,0,0,0,0,0,0,0,0,0,0,0,0,0,0
"ASV_187",0,0,0,0,0,0,0,0,0,0,0,0,0,0,0,400,0,0,0,0,0,0,0,0,82,288,0,0,0,0,57,0,0,949,231,0,0,0,0,0,82,116,0,0,0,0,0,0,0,0,22,0,0,0,0,0,0,0,0,0,0,0,0,0,0,0,0,0,0
"ASV_188",0,823,0,169,0,0,197,0,0,146,0,372,0,114,0,0,0,0,0,0,0,0,0,0,0,208,0,0,0,0,0,0,0,0,0,0,0,0,0,0,0,0,0,0,149,0,0,0,0,0,0,0,0,0,38,0,0,0,0,0,0,0,0,0,0,0,0,0,0
"ASV_189",0,0,127,0,0,0,172,0,0,0,0,0,0,0,0,89,0,0,0,5,0,29,103,0,14,0,0,0,0,0,0,0,0,0,0,0,0,0,0,0,0,0,0,0,0,0,0,190,0,0,0,0,32,0,0,0,0,0,0,0,0,0,0,0,0,56,1267,229,0
"ASV_19",0,0,0,0,0,0,180,0,0,0,0,0,70,0,298,0,0,0,0,0,0,0,0,0,0,0,0,1019,3059,2110,0,0,0,0,0,0,0,100,0,0,0,0,0,0,0,0,0,0,0,0,0,72860,2895,675,0,0,0,0,0,0,0,0,0,674,0,0,0,0,0
"ASV_190",0,0,0,0,0,0,0,176,79,0,0,0,0,0,0,0,429,304,0,0,0,0,0,0,35,0,93,0,0,0,0,0,0,0,0,0,0,82,0,0,0,0,376,0,0,539,0,0,0,0,0,0,163,0,31,0,0,0,0,0,0,0,0,0,0,0,0,0,0
"ASV_191",0,0,0,0,0,0,0,0,0,0,0,0,0,0,0,0,0,0,0,0,0,0,0,0,0,0,0,0,0,0,0,0,0,0,0,0,0,0,0,0,0,0,0,0,0,0,0,0,0,288,0,0,0,0,0,0,0,0,0,0,0,0,0,1394,485,0,0,0,0
"ASV_192",0,0,561,0,0,0,0,0,0,0,0,0,0,0,0,0,0,0,0,0,0,0,0,0,14,0,0,0,0,0,0,0,0,0,0,0,0,0,59,0,0,0,437,103,0,0,0,0,0,0,0,0,308,676,0,0,0,0,0,0,0,0,0,0,0,0,0,0,0
"ASV_194",631,388,0,0,0,0,0,0,0,0,0,0,0,0,0,0,0,0,0,0,0,0,0,0,0,0,0,0,0,0,20,0,0,0,0,0,0,0,0,166,470,337,0,51,315,0,0,0,0,0,0,0,0,0,0,0,0,0,0,0,0,0,0,0,0,0,0,0,0
"ASV_195",0,0,0,0,0,0,0,0,0,0,0,0,0,0,0,0,0,0,0,0,0,0,0,0,0,0,0,2056,0,0,0,0,0,0,0,0,0,0,0,0,0,0,0,10,0,0,0,0,0,0,0,0,0,0,0,0,0,0,0,0,0,0,0,0,0,0,0,0,0
"ASV_196",0,0,0,0,0,112,185,449,228,0,0,0,0,92,0,0,0,0,0,0,329,0,0,0,0,0,0,0,0,0,0,0,0,0,0,65,0,0,0,0,0,364,0,0,0,0,0,0,40,0,0,0,0,0,0,0,0,0,0,136,0,0,0,0,0,0,0,0,0
"ASV_197",898,973,826,0,0,0,0,0,0,0,0,0,0,0,0,0,0,0,0,0,0,0,0,0,0,0,0,0,0,0,0,0,0,0,0,0,0,0,0,0,0,0,0,0,0,0,0,0,0,0,0,0,0,181,0,0,0,0,0,0,0,0,0,0,0,0,0,0,0
"ASV_198",0,0,0,0,28,0,11,41,0,0,0,0,0,4,7,0,0,0,0,0,0,0,0,12,0,0,0,0,0,0,0,3,0,0,0,0,122,268,582,0,0,0,0,0,0,0,0,0,26,253,8,0,0,0,0,0,0,41,562,0,0,0,0,0,0,0,0,0,0
"ASV_199",0,0,0,0,0,0,0,0,120,0,0,0,0,0,0,0,0,830,0,0,0,0,0,0,0,0,0,0,880,0,0,0,0,0,0,0,0,0,0,0,0,0,0,34,0,0,0,0,0,0,0,0,0,0,0,0,0,0,0,0,94,0,0,0,0,0,0,0,0
"ASV_2",0,0,147,30403,40194,3822,26979,19202,19005,12204,536,1493,0,0,0,0,0,1737,7801,29539,25423,45130,5351,34880,221,833,196,0,171,0,0,341,0,426,701,29914,12031,335,3234,1790,1957,38015,4165,171,1408,3736,2438,5563,24330,25406,56422,1752,3748,10259,402,7,0,21639,1298,1007,2040,89,3292,225,0,2204,8316,2141,14560
"ASV_20",255,0,48,111,0,0,0,0,162,0,623,0,0,0,0,0,0,0,0,0,0,0,256,0,3008,2762,1083,0,702,0,0,397,0,219,0,4060,0,0,0,117,206,642,6293,1294,8009,265,1179,3472,0,0,0,3901,324,44989,90,0,0,0,0,0,0,0,0,0,0,0,0,0,0
"ASV_201",0,0,0,0,0,0,0,0,0,716,111,27,0,0,0,0,0,250,0,0,0,0,0,0,0,0,0,0,0,0,0,0,0,0,0,0,0,95,47,0,0,213,0,0,0,0,0,0,0,0,0,0,0,0,0,0,0,0,0,0,0,0,0,0,0,0,0,183,263
"ASV_204",0,0,0,0,0,0,0,0,0,0,0,108,0,309,726,0,0,0,0,0,0,0,0,0,18,380,0,0,0,0,0,0,0,0,0,0,6,149,72,0,0,0,0,35,0,0,0,0,0,0,67,0,0,0,0,0,0,0,0,0,0,0,0,0,0,0,0,0,0
"ASV_206",0,0,0,0,0,0,0,0,0,166,0,0,0,0,0,0,0,0,0,0,0,0,0,0,0,0,0,0,0,0,0,0,0,0,0,0,0,0,0,0,107,0,0,0,0,0,0,0,0,0,0,0,0,0,0,0,0,0,0,0,0,0,0,1554,0,0,0,0,0
"ASV_207",0,0,0,0,795,0,0,0,0,0,0,0,0,0,0,0,0,0,0,0,0,0,0,0,0,0,0,0,0,0,0,0,0,0,0,0,0,0,0,0,0,0,0,0,0,0,0,0,0,146,0,0,299,238,0,0,132,0,0,0,0,0,0,0,0,183,0,0,0
"ASV_208",0,0,0,0,0,0,0,0,0,0,0,0,0,0,0,0,0,0,0,0,0,0,0,0,95,256,0,0,493,0,0,0,0,0,0,0,0,0,0,0,0,0,0,14,94,0,0,0,0,0,0,584,0,249,0,0,0,0,0,0,0,0,0,0,0,0,0,0,0
"ASV_209",0,0,0,0,0,0,0,0,0,0,0,0,0,0,0,0,0,0,0,0,0,0,0,0,0,0,0,0,0,0,0,0,0,0,0,0,0,0,0,0,0,0,0,0,0,0,1719,0,0,0,0,0,0,0,0,0,0,0,0,0,0,0,0,0,0,0,0,0,0
"ASV_21",1596,1043,1543,5064,1939,878,1765,1436,1947,800,422,156,266,420,922,6759,269,131,0,0,491,262,364,0,228,653,129,1250,261,2489,639,1187,538,327,1002,3599,142,811,437,522,319,4325,7996,151,1955,0,0,225,1815,3012,560,652,0,1766,1233,480,1527,296,689,0,1282,401,1461,268,1112,5327,0,1580,390
"ASV_211",0,0,0,0,0,0,0,0,0,0,0,0,0,0,0,0,0,1706,0,0,0,0,0,0,0,0,0,0,0,0,0,0,0,0,0,0,0,0,0,0,0,0,0,0,0,0,0,0,0,0,0,0,0,0,0,0,0,0,0,0,0,0,0,0,0,0,0,0,0
"ASV_212",0,0,0,0,0,0,0,0,0,0,0,0,0,0,0,0,0,0,0,0,0,0,0,0,169,118,1142,0,0,0,0,0,0,0,0,0,0,0,0,0,0,0,0,235,0,0,0,0,0,0,0,0,0,0,0,0,0,0,0,0,0,0,0,0,0,0,0,0,0
"ASV_213",0,0,0,0,0,0,0,0,0,0,0,0,0,0,0,493,0,0,0,0,0,0,0,0,0,0,0,0,0,0,0,0,0,0,0,0,0,0,0,0,0,0,0,0,0,0,0,0,0,0,0,0,0,0,0,0,0,0,0,0,0,0,0,0,0,0,1162,0,0
"ASV_214",0,0,0,156,0,42,0,0,733,384,296,0,0,0,0,0,0,0,105,0,32,0,0,0,0,0,0,0,0,0,0,0,0,0,0,0,27,0,19,0,0,0,0,0,0,0,0,0,0,0,0,0,340,0,0,0,0,0,0,0,0,0,106,0,0,0,0,0,0
"ASV_215",0,0,0,0,0,0,0,0,0,0,0,0,0,0,0,0,0,0,0,0,0,0,0,0,0,0,0,0,626,0,0,0,0,0,0,0,0,0,0,0,0,0,774,0,0,0,0,0,0,0,0,0,0,232,0,0,0,0,0,0,0,0,0,0,0,0,0,0,0
"ASV_216",0,0,0,0,0,0,0,0,0,0,0,0,0,0,0,0,0,0,0,0,0,0,0,0,0,0,0,0,0,0,0,0,0,0,0,0,0,0,0,0,0,0,0,0,0,0,0,0,0,0,0,0,0,0,0,0,0,0,0,0,0,0,0,1630,0,0,0,0,0
"ASV_217",0,0,0,0,0,0,0,91,0,0,0,0,0,0,0,0,0,0,0,0,0,0,0,0,0,0,0,0,0,0,217,482,185,0,0,0,77,57,0,0,0,0,0,0,0,0,0,0,0,0,0,0,0,259,0,0,0,0,0,0,0,0,0,0,255,0,0,0,0
"ASV_218",0,0,0,192,120,0,0,0,0,0,0,0,0,46,0,0,0,0,0,0,0,0,0,0,0,0,0,0,0,0,0,0,0,0,0,0,0,0,0,0,1072,0,0,0,0,0,0,0,0,0,0,0,0,0,0,0,0,0,0,0,0,0,179,0,0,0,0,0,0
"ASV_22",0,0,0,0,467,24,204,727,122,710,30,103,1050,485,1955,465,1347,8843,66,232,1665,0,0,0,0,0,0,2657,199,3776,1012,1744,1724,0,0,509,444,74,583,7531,1571,3062,0,0,0,0,0,496,1507,408,85,1748,246,176,4682,400,1586,993,4109,2927,1877,509,1034,1214,1677,3894,0,0,1507
"ASV_221",342,308,0,0,0,0,0,0,0,0,0,0,0,0,0,0,0,0,0,0,0,0,304,0,0,0,0,0,483,0,0,0,0,89,0,0,0,0,0,0,0,0,0,0,0,0,0,0,0,0,0,0,0,0,0,0,0,0,0,0,0,0,0,0,0,0,0,0,0
"ASV_225",0,0,0,0,0,0,0,0,0,0,0,0,0,0,0,493,0,0,0,0,0,0,0,0,0,0,0,0,0,0,0,0,0,0,0,0,0,0,0,0,0,0,0,0,0,0,0,0,0,0,0,0,0,0,0,0,0,0,0,0,0,0,0,0,0,0,0,220,791
"ASV_226",0,0,0,0,0,39,0,0,0,0,0,0,0,0,0,0,0,0,0,0,0,0,0,0,0,0,0,0,0,0,0,0,0,0,0,0,0,0,0,0,0,0,0,0,0,0,0,0,0,0,0,963,488,0,0,0,0,0,0,0,0,0,0,0,0,0,0,0,0
"ASV_227",0,0,0,0,0,0,0,0,0,0,0,0,0,0,0,0,0,0,0,0,0,0,0,0,0,507,0,0,0,0,0,0,0,0,0,0,0,0,0,0,0,0,0,0,0,0,0,0,0,0,0,702,0,0,0,0,0,0,0,0,0,0,0,0,277,0,0,0,0
"ASV_228",970,0,222,0,0,0,0,0,0,0,0,0,0,0,0,0,0,0,0,0,0,0,0,0,30,245,0,0,0,0,0,0,0,0,0,0,0,0,0,0,0,0,0,0,0,0,0,0,0,0,0,0,0,0,0,0,0,0,0,0,0,0,0,0,0,0,0,0,0
"ASV_23",0,0,0,74,1204,222,2174,658,1171,304,343,3826,1103,1636,2007,3749,1144,5861,0,0,0,488,0,0,0,0,0,0,657,388,1225,4646,1238,0,0,0,688,238,320,2339,2772,3109,0,0,0,0,0,1185,0,0,0,0,0,0,103,17,85,0,889,521,803,726,1913,968,243,6143,14337,586,0
"ASV_230",0,0,0,0,0,0,360,0,0,0,0,0,0,0,0,0,0,0,0,0,0,0,0,0,0,0,0,0,0,0,0,0,0,0,0,0,109,0,0,0,0,660,0,0,0,0,0,0,0,0,0,0,0,0,0,0,0,0,0,0,131,0,166,0,0,0,0,0,0
"ASV_231",0,0,0,0,0,0,0,0,0,55,0,0,0,0,0,0,0,0,0,0,0,0,0,0,0,0,0,0,340,0,0,1017,0,0,0,0,0,0,0,0,0,0,0,0,0,0,0,0,0,0,0,0,0,0,0,0,0,0,0,0,0,0,0,0,0,0,0,0,0
"ASV_232",0,0,0,0,0,0,0,177,0,0,0,0,0,0,0,0,0,0,0,0,113,0,0,0,0,0,0,0,0,0,0,0,0,0,0,0,0,0,0,0,186,0,0,0,0,0,0,0,0,0,0,0,217,0,0,0,0,0,0,0,0,112,0,0,0,578,0,0,0
"ASV_234",0,0,0,0,0,0,0,224,229,0,0,0,0,0,0,0,0,0,0,0,0,0,0,0,0,0,0,0,0,0,0,0,0,0,0,0,0,0,0,0,0,0,0,0,0,0,0,0,0,0,0,0,393,0,160,101,272,0,0,0,0,0,0,0,0,0,0,0,0
"ASV_235",0,195,0,0,0,0,0,0,0,105,0,0,0,0,160,0,0,0,0,0,0,0,0,0,0,0,0,0,0,0,0,0,0,0,0,0,0,32,56,0,0,0,0,0,0,0,0,0,0,456,0,0,0,0,0,0,0,362,0,0,0,0,0,0,0,0,0,0,0
"ASV_236",0,0,0,0,0,0,0,0,0,0,0,53,0,0,504,0,0,0,0,0,0,0,0,0,0,0,0,0,0,0,132,0,624,0,0,0,0,0,47,0,0,0,0,0,0,0,0,0,0,0,0,0,0,0,0,0,0,0,0,0,0,0,0,0,0,0,0,0,0
"ASV_239",0,0,0,0,0,0,0,0,0,0,0,0,0,0,0,0,0,0,0,0,0,0,0,0,0,0,0,0,0,0,0,0,0,0,0,0,0,0,0,0,0,0,0,0,0,1074,0,0,0,0,0,0,249,0,0,0,0,0,0,0,0,0,0,0,0,0,0,0,0
"ASV_24",0,1534,1382,211,180,0,0,0,0,4084,11046,5548,0,1642,1023,430,0,866,0,0,0,3379,685,299,185,1085,26,1708,5037,8081,93,423,338,0,0,158,0,0,0,1176,3440,878,2952,204,3396,0,0,4468,845,251,60,0,191,474,0,0,0,0,0,245,335,304,0,0,528,1868,0,0,0
"ASV_241",0,0,0,42,6,0,187,465,301,0,0,0,0,0,0,0,0,0,0,0,0,0,0,0,0,0,0,0,0,0,7,3,0,0,0,0,8,7,5,0,0,0,0,0,0,0,0,0,0,0,0,0,4,0,34,46,157,0,0,0,0,0,0,0,0,0,0,0,0
"ASV_243",0,0,0,0,282,0,0,0,0,0,0,0,0,0,0,0,0,0,0,0,0,0,0,0,0,0,0,0,0,0,0,0,0,0,0,0,0,0,0,0,0,0,0,0,0,0,0,0,0,0,0,0,0,0,0,0,0,0,0,0,0,0,0,974,0,0,0,0,0
"ASV_246",0,0,0,0,0,0,0,0,0,0,0,0,0,0,0,0,0,0,0,0,0,0,0,0,0,0,0,0,0,0,0,0,0,0,0,0,0,0,0,0,0,0,0,0,0,0,0,0,0,0,0,0,0,0,0,0,0,0,0,0,0,0,0,0,0,0,1240,0,0
"ASV_247",0,0,0,0,0,0,0,0,0,0,0,0,0,0,0,0,0,0,0,0,0,0,0,0,0,0,0,0,0,0,0,0,0,0,0,0,0,0,42,0,0,372,0,0,0,0,0,0,0,0,96,0,0,659,150,0,0,0,0,0,0,0,138,0,0,0,0,0,0
"ASV_248",0,0,0,0,0,0,0,0,0,0,0,0,0,0,0,0,0,0,0,0,0,0,0,0,0,0,0,0,0,0,0,0,0,0,0,0,0,0,0,206,0,0,0,0,0,0,0,0,0,0,0,0,0,0,0,0,0,0,0,0,0,0,0,0,0,0,0,1013,0
"ASV_249",235,257,285,5,0,19,0,0,4,0,0,0,0,0,0,0,0,0,0,0,0,0,0,0,0,0,0,98,0,0,0,0,0,0,27,0,0,0,0,0,0,0,107,0,0,0,0,149,0,0,0,0,0,0,0,0,0,0,0,0,0,0,0,0,24,54,0,0,0
"ASV_25",0,0,0,0,196,0,0,0,706,0,0,0,0,0,0,0,0,0,0,0,0,0,0,0,0,0,0,0,0,0,0,1239,0,0,0,0,0,0,62176,0,0,0,342,0,0,0,0,0,0,0,0,0,0,0,0,0,0,0,604,0,0,0,0,0,0,0,0,0,0
"ASV_252",13,0,0,0,70,30,117,0,0,0,0,19,19,13,0,0,0,12,0,8,27,0,0,0,0,0,0,0,0,0,0,0,0,0,0,0,0,0,0,27,19,0,38,0,49,0,0,0,0,0,0,0,0,154,277,22,178,0,0,0,0,0,0,0,0,0,116,0,0
"ASV_254",0,0,0,82,0,0,0,0,0,0,0,0,0,0,0,0,0,0,0,0,0,0,0,0,0,0,0,0,0,0,0,0,0,0,0,0,0,0,0,0,0,0,0,0,0,0,0,0,0,0,0,0,0,0,915,49,126,0,0,0,0,0,0,0,0,0,0,0,0
"ASV_255",0,0,0,0,0,0,0,0,0,0,0,0,0,0,0,0,0,0,0,0,0,0,0,0,0,0,0,0,0,0,0,0,0,0,0,113,0,0,0,0,0,0,0,0,0,0,0,0,0,0,0,0,0,0,50,0,0,0,0,0,0,0,0,569,436,0,0,0,0
"ASV_257",0,0,0,0,0,0,0,0,0,0,0,0,0,0,0,0,0,0,0,0,0,0,0,0,0,0,0,0,0,0,0,0,0,0,0,0,0,0,0,0,0,0,0,0,0,0,0,0,0,0,0,0,0,0,1149,0,0,0,0,0,0,0,0,0,0,0,0,0,0
"ASV_258",0,0,0,0,0,0,0,0,0,0,0,0,0,0,0,0,0,0,0,0,0,0,0,0,0,0,0,0,0,0,0,0,0,0,0,0,0,0,0,0,0,1141,0,0,0,0,0,0,0,0,0,0,0,0,0,0,0,0,0,0,0,0,0,0,0,0,0,0,0
"ASV_26",0,0,0,0,0,0,0,0,0,97,300,771,34,556,1828,0,0,0,454,500,1479,3137,0,0,0,0,0,2453,2209,3716,4156,10163,24692,0,0,0,178,181,184,262,0,476,0,0,0,0,0,0,720,706,0,1238,0,452,1190,130,1518,1441,2971,365,186,164,0,0,255,216,0,0,0
"ASV_260",0,0,0,0,0,0,0,459,0,0,0,0,0,0,0,0,0,0,0,0,0,0,0,0,0,0,0,0,0,0,0,0,0,0,0,0,0,0,0,0,0,0,0,0,221,0,0,0,0,0,0,0,0,0,0,0,0,0,0,0,0,0,0,0,0,0,0,0,428
"ASV_261",0,0,0,0,0,0,0,0,0,0,0,0,0,0,0,0,0,0,0,0,0,0,0,0,0,0,0,0,0,0,0,0,0,0,0,0,0,0,0,0,404,0,0,0,0,0,0,0,0,0,0,0,0,0,0,0,0,0,0,0,0,0,0,0,0,0,0,702,0
"ASV_265",0,0,0,0,0,0,349,0,406,0,0,0,0,0,0,0,0,0,0,0,0,0,0,0,0,0,0,0,0,0,0,0,0,0,0,0,0,0,0,0,0,0,0,0,0,0,27,0,0,0,0,0,0,0,0,0,0,0,0,0,0,0,0,0,0,0,0,433,0
"ASV_266",0,0,0,0,0,0,0,0,0,0,0,0,0,0,0,0,0,0,0,0,55,0,178,0,0,0,0,0,0,0,0,0,731,0,0,0,0,0,0,0,0,0,0,0,0,0,0,0,0,0,0,0,0,0,0,0,0,0,0,0,0,0,0,0,89,0,0,0,0
"ASV_268",0,0,0,0,0,0,0,0,0,0,0,0,0,0,0,0,0,0,0,0,0,0,0,0,0,0,0,1048,0,0,0,0,0,0,0,0,0,0,0,0,0,0,0,0,0,0,0,0,0,0,0,0,0,0,0,0,0,0,0,0,0,0,0,0,0,0,0,0,0
"ASV_27",4094,1079,981,94,0,0,2495,0,239,0,287,148,1243,214,0,0,0,586,0,59,373,0,0,0,20,233,0,219,0,0,200,420,0,0,0,0,275,705,829,717,2077,4344,468,0,670,0,0,364,196,193,0,295,1531,557,12555,1125,6544,647,2374,2833,179,133,348,0,0,386,2121,1372,3430
"ASV_272",0,0,0,0,0,0,0,0,0,0,0,0,0,0,0,147,0,299,0,0,0,0,0,0,0,0,0,0,0,0,59,0,0,48,0,8,0,0,0,0,0,0,0,0,0,145,0,0,292,0,26,0,0,0,0,0,0,0,0,0,0,0,0,0,0,0,0,0,0
"ASV_273",0,0,0,0,0,0,0,0,0,0,0,0,0,0,0,0,0,0,0,0,0,0,0,0,0,175,341,0,0,0,0,0,0,0,0,0,0,0,0,0,0,0,501,0,0,0,0,0,0,0,0,0,0,0,0,0,0,0,0,0,0,0,0,0,0,0,0,0,0
"ASV_279",0,0,0,0,0,0,0,0,0,0,0,0,0,0,0,0,0,0,0,0,0,0,0,0,0,0,0,293,0,0,0,0,0,0,0,0,0,0,0,0,0,0,0,0,0,0,0,0,224,0,0,0,0,0,0,0,0,0,0,0,0,0,0,477,0,0,0,0,0
"ASV_28",0,59,86,1396,1240,409,1378,626,788,600,1204,129,754,1096,663,874,264,873,13,14,242,0,84,0,0,27,0,621,313,1175,42,361,106,76,409,589,2070,1091,571,3230,1029,327,546,26,90,836,2050,60,115,761,219,555,0,238,2571,151,1297,1065,4412,2223,696,434,675,10735,1021,2515,731,1619,0
"ASV_280",0,0,0,0,0,0,0,0,0,0,0,0,0,0,0,0,0,0,0,0,0,0,0,0,0,0,0,0,0,0,0,0,0,0,0,0,0,0,0,0,0,0,0,0,0,1044,0,0,0,0,0,0,0,0,0,0,0,0,0,0,0,0,0,0,0,0,0,0,0
"ASV_281",0,0,0,0,0,0,0,0,0,0,0,0,0,0,0,0,0,0,0,0,0,0,0,0,0,0,0,0,0,0,0,0,0,0,0,0,0,0,0,0,0,0,337,0,251,0,0,0,0,0,0,0,0,0,0,0,0,0,0,0,0,0,0,0,0,351,0,0,0
"ASV_283",0,0,0,0,0,18,0,0,0,0,0,166,0,0,0,0,0,0,0,0,0,0,0,0,30,0,0,0,0,0,0,0,0,0,0,0,0,0,0,0,0,0,0,0,0,0,0,0,0,0,0,0,0,0,0,0,0,0,0,0,198,0,0,0,0,0,0,499,0
"ASV_286",0,0,0,0,0,0,0,0,0,0,179,0,0,0,0,0,0,0,0,0,0,0,0,0,0,0,0,0,0,0,0,0,0,0,0,0,0,0,0,0,0,534,0,0,0,0,0,0,0,0,0,0,0,0,0,0,0,0,0,140,0,0,0,0,0,0,0,0,0
"ASV_287",0,431,0,0,71,0,0,0,0,0,0,0,0,0,0,0,0,0,0,0,0,0,0,0,0,0,0,0,0,0,0,0,0,0,0,0,0,0,0,0,0,0,0,0,0,0,0,0,0,0,0,0,0,149,0,0,0,0,0,0,0,0,200,0,0,0,0,0,0
"ASV_288",0,0,0,0,0,0,0,0,0,0,0,0,0,0,0,0,0,0,0,0,0,202,0,0,0,0,0,0,0,0,0,0,0,0,0,0,52,104,40,0,0,436,0,0,0,0,0,0,0,0,0,0,0,0,0,0,0,0,0,0,0,0,0,0,0,0,0,0,0
"ASV_289",0,0,0,0,0,0,0,0,0,0,0,0,0,0,0,825,0,0,0,0,0,0,0,0,0,0,0,0,0,0,0,0,0,0,0,0,0,0,0,0,0,0,0,0,0,0,0,0,0,0,0,0,0,0,0,0,0,0,0,0,0,0,0,0,0,0,0,0,0
"ASV_29",233,161,292,1181,1217,153,158,0,0,121,1957,291,1645,2029,14647,6105,1429,1886,113,388,1040,0,0,0,0,0,0,203,509,637,936,2926,1414,0,0,566,423,1001,815,559,0,399,414,20,394,0,0,0,0,0,0,0,0,0,3375,275,1322,1410,1310,1052,0,0,325,0,0,1744,1444,0,493
"ASV_290",0,0,0,0,0,0,0,0,0,0,0,0,0,0,0,0,0,0,0,0,0,0,0,0,0,0,0,0,0,0,0,0,0,0,0,0,0,0,0,0,0,0,0,0,0,0,0,0,0,0,0,0,0,0,0,0,0,0,0,0,0,0,0,820,0,0,0,0,0
"ASV_292",0,0,0,0,0,0,0,0,13,0,0,0,0,0,0,0,0,0,0,0,0,0,0,0,0,0,0,0,0,0,0,0,0,0,0,0,0,0,0,0,0,0,11,0,0,0,0,0,0,0,0,0,0,0,0,0,0,0,0,0,0,0,0,0,0,0,789,0,0
"ASV_293",0,0,0,0,0,0,0,0,0,0,0,0,0,0,0,0,0,0,0,0,0,0,0,0,0,0,0,0,0,0,0,0,0,0,0,0,0,0,0,0,0,0,0,0,0,0,0,0,0,0,0,497,196,119,0,0,0,0,0,0,0,0,0,0,0,0,0,0,0
"ASV_294",0,0,0,0,0,0,0,0,0,0,0,0,0,0,0,0,0,0,0,0,0,0,0,0,0,0,0,806,0,0,0,0,0,0,0,0,0,0,0,0,0,0,0,0,0,0,0,0,0,0,0,0,0,0,0,0,0,0,0,0,0,0,0,0,0,0,0,0,0
"ASV_3",0,204,533,40998,56083,3868,11209,5722,10465,0,0,0,0,0,0,19323,8748,2548,192,954,17693,0,0,0,62219,27784,46378,299,0,0,0,0,0,131,0,45111,0,0,0,582,118,787,1894,76,213,20074,8691,35965,365,0,264,0,0,603,0,0,0,0,1221,245,13369,15358,10828,0,0,0,22311,6069,3205
"ASV_300",0,0,0,0,0,0,0,0,0,0,0,0,0,0,0,0,0,0,0,0,0,0,0,0,0,0,0,493,0,0,0,0,0,0,0,0,0,0,0,0,0,0,0,0,33,0,0,0,0,0,0,0,256,0,0,0,0,0,0,0,0,0,0,0,0,0,0,0,0
"ASV_305",0,127,0,0,0,0,0,0,0,0,0,0,0,0,124,0,0,0,0,0,0,0,166,0,0,0,0,0,0,0,0,0,0,0,0,0,0,0,0,264,0,0,0,0,0,0,0,62,0,0,0,0,0,0,0,0,0,0,0,0,0,0,0,0,0,0,0,0,0
"ASV_308",0,0,0,0,0,0,0,0,0,0,0,0,0,0,0,0,0,0,0,0,0,0,0,0,0,0,0,0,0,0,0,731,0,0,0,0,0,0,0,0,0,0,0,0,0,0,0,0,0,0,0,0,0,0,0,0,0,0,0,0,0,0,0,0,0,0,0,0,0
"ASV_31",0,0,0,0,0,0,0,0,0,50,414,504,452,86,285,0,0,0,0,0,0,0,0,0,0,0,0,0,0,0,360,717,1009,0,0,0,2228,252,980,7421,20402,11443,0,0,0,0,0,0,0,267,0,1552,687,0,0,0,0,367,0,245,0,0,256,378,0,0,6736,893,479
"ASV_311",0,0,0,0,0,0,0,0,0,0,0,0,69,0,0,0,0,0,0,0,0,0,0,0,0,0,0,0,0,0,0,227,309,0,0,0,72,59,0,0,0,0,0,0,0,0,0,0,0,0,0,0,0,0,0,0,0,0,0,0,0,0,0,0,0,0,0,0,0
"ASV_313",453,0,0,0,0,0,0,177,84,0,0,0,0,0,0,0,0,0,0,0,0,0,0,0,0,0,0,0,0,0,0,0,0,0,0,0,0,0,0,0,0,0,0,0,0,0,0,0,0,0,0,0,0,0,0,0,0,0,0,0,0,0,0,0,0,0,0,0,0
"ASV_315",0,0,0,0,0,0,0,0,0,0,0,0,0,0,0,0,0,0,0,0,0,0,0,0,0,0,0,0,0,0,0,0,0,0,0,0,0,0,0,0,0,0,0,0,0,0,0,0,0,0,0,0,0,0,0,0,0,0,707,0,0,0,0,0,0,0,0,0,0
"ASV_316",0,0,0,0,0,0,0,0,0,0,0,0,0,0,0,0,0,0,0,0,0,0,0,0,0,0,0,0,0,0,0,0,0,0,0,0,0,0,0,0,0,0,0,0,0,0,0,0,0,0,0,706,0,0,0,0,0,0,0,0,0,0,0,0,0,0,0,0,0
"ASV_318",0,0,0,123,0,0,481,0,0,0,0,0,0,0,0,0,0,0,0,0,0,0,0,0,0,0,0,0,0,0,0,0,0,0,0,0,0,0,0,0,0,0,0,0,0,0,0,0,0,0,77,0,0,0,0,0,0,0,0,0,0,0,0,0,0,0,0,0,0
"ASV_319",0,0,0,0,0,0,679,0,0,0,0,0,0,0,0,0,0,0,0,0,0,0,0,0,0,0,0,0,0,0,0,0,0,0,0,0,0,0,0,0,0,0,0,0,0,0,0,0,0,0,0,0,0,0,0,0,0,0,0,0,0,0,0,0,0,0,0,0,0
"ASV_32",0,0,0,300,5338,108,4902,393,1030,0,0,173,69,0,360,0,0,0,21,24,80,0,0,164,0,0,0,0,0,425,4183,13867,15054,529,0,241,169,1298,232,0,0,0,0,0,516,0,0,166,0,423,0,968,449,0,1156,84,0,1622,3040,0,0,85,0,532,0,0,0,0,0
"ASV_320",0,0,0,0,0,0,0,0,0,0,0,0,0,0,0,724,0,0,0,0,0,0,0,0,0,0,0,0,0,0,0,0,0,0,0,0,0,0,0,0,0,0,0,0,0,0,0,0,0,0,0,0,0,0,0,0,0,0,0,0,0,0,0,0,0,0,0,0,0
"ASV_323",0,0,0,0,0,0,0,0,0,0,0,0,0,0,0,0,0,0,0,0,0,0,0,0,0,0,0,0,0,0,0,0,0,0,0,0,0,0,0,0,0,0,0,0,0,0,0,0,0,0,0,0,0,0,0,0,0,0,0,0,0,0,0,0,0,672,0,0,0
"ASV_324",0,0,0,0,0,0,0,0,0,0,0,0,0,0,0,0,0,0,0,0,0,0,0,0,0,0,0,0,0,0,0,0,0,0,0,0,0,0,0,0,0,0,0,0,0,0,0,0,0,0,0,0,0,0,0,0,0,0,0,401,0,0,268,0,0,0,0,0,0
"ASV_325",0,181,482,0,0,0,0,0,0,0,0,0,0,0,0,0,0,0,0,0,0,0,0,0,0,0,0,0,0,0,0,0,0,0,0,0,0,0,0,0,0,0,0,0,0,0,0,0,0,0,0,0,0,0,0,0,0,0,0,0,0,0,0,0,0,0,0,0,0
"ASV_326",0,0,0,0,0,0,0,0,0,62,0,0,0,0,0,0,0,0,0,0,0,0,0,0,0,0,0,0,0,0,0,0,0,0,0,0,0,0,0,0,26,375,0,0,0,0,0,0,0,0,0,0,0,0,0,0,0,0,0,0,0,0,0,0,0,200,0,0,0
"ASV_328",0,0,0,0,0,0,0,0,0,0,0,0,0,0,0,0,0,0,0,0,0,0,0,0,0,0,0,0,0,0,0,0,0,0,0,0,0,0,0,0,0,0,0,0,0,0,0,0,0,0,0,0,0,0,0,0,0,0,0,0,0,0,0,0,0,0,0,661,0
"ASV_33",0,152,0,0,0,0,0,116,114,0,0,986,366,21550,3776,0,0,406,0,0,0,0,0,0,42,120,33,0,0,1962,927,1565,191,0,0,355,3373,2255,1246,124,70,155,4270,0,0,0,0,3302,0,551,0,0,593,211,0,11,0,1538,1174,0,160,88,598,0,0,0,0,0,0
"ASV_335",0,342,288,0,0,0,0,0,0,0,0,0,0,0,0,0,0,0,0,0,0,0,0,0,0,0,0,0,0,0,0,0,0,0,0,0,0,0,0,0,0,0,0,0,0,0,0,0,0,0,0,0,0,0,0,0,0,0,0,0,0,0,0,0,0,0,0,0,0
"ASV_34",807,393,144,191,346,47,3460,1546,1276,0,0,0,36,200,295,8079,525,2571,216,1685,1037,0,506,0,0,0,0,0,563,0,187,2045,695,0,0,16,116,95,412,1473,1089,2211,1328,0,58,0,0,0,840,3,534,0,1136,322,5689,235,2996,195,0,42,0,67,383,0,0,2217,0,1318,1108
"ASV_346",0,0,0,0,0,17,0,0,0,0,0,0,66,0,0,0,0,0,0,0,0,0,0,0,0,0,0,0,0,0,0,0,0,0,0,0,0,0,30,107,0,0,0,0,0,0,0,192,0,0,0,0,0,0,0,0,0,0,0,0,175,0,0,0,0,0,0,0,0
"ASV_347",0,297,0,0,0,0,0,0,0,0,0,0,0,0,0,0,0,0,0,0,0,0,0,281,0,0,0,0,0,0,0,0,0,0,0,0,0,0,0,0,0,0,0,0,0,0,0,0,0,0,0,0,0,0,0,0,0,0,0,0,0,0,0,0,0,0,0,0,0
"ASV_349",0,0,0,0,0,0,0,0,0,0,0,0,33,0,0,0,0,0,0,0,0,0,0,0,0,0,0,0,0,491,0,0,0,0,0,0,0,0,0,0,0,0,0,0,0,0,0,0,0,0,0,0,0,0,0,0,0,0,0,0,0,0,54,0,0,0,0,0,0
"ASV_35",0,0,0,3230,3680,184,1021,0,643,82,143,115,65,1355,593,1095,1184,0,0,0,0,0,754,399,73,123,0,0,0,0,648,746,324,54,500,1363,0,0,4,358,2408,4627,0,0,0,873,0,313,138,0,0,5384,4415,5387,7677,132,376,0,0,0,0,0,0,0,206,0,0,0,905
"ASV_352",0,0,0,0,0,0,0,0,0,0,0,0,0,0,0,0,0,0,0,0,0,0,0,0,0,0,0,0,0,0,0,0,0,0,0,0,0,0,0,0,0,0,0,0,0,0,469,106,0,0,0,0,0,0,0,0,0,0,0,0,0,0,0,0,0,0,0,0,0
"ASV_355",0,0,0,257,0,0,0,0,150,0,0,0,0,0,0,0,0,0,0,0,0,0,0,0,46,0,0,0,0,0,0,0,0,0,0,0,0,0,0,0,0,115,0,0,0,0,0,0,0,0,0,0,0,0,0,0,0,0,0,0,0,0,0,0,0,0,0,0,0
"ASV_358",0,0,0,0,0,0,0,0,0,0,0,0,0,0,0,0,0,0,0,0,0,0,0,0,0,0,0,0,0,0,0,0,0,0,0,0,0,0,0,0,0,0,0,0,0,558,0,0,0,0,0,0,0,0,0,0,0,0,0,0,0,0,0,0,0,0,0,0,0
"ASV_36",4,0,0,194,249,79,2923,1658,1797,130,730,139,74,0,0,1700,1989,633,0,0,0,5220,19069,0,0,121,0,252,0,0,75,407,0,0,0,225,0,0,0,302,453,964,1225,16,0,0,0,1203,0,527,0,454,451,0,0,0,0,0,471,0,0,116,0,1175,516,0,1149,2385,311
"ASV_360",0,0,0,0,0,0,0,0,53,0,0,0,0,0,0,0,0,0,0,0,0,0,0,0,0,0,0,279,0,0,0,0,0,0,0,0,0,0,0,0,0,0,0,0,0,0,0,0,294,0,0,0,0,0,0,0,42,0,0,0,0,0,0,0,0,0,0,0,0
"ASV_361",0,0,0,0,0,0,0,0,0,0,0,0,0,0,0,0,0,509,0,0,36,0,0,0,0,0,0,0,0,0,0,0,0,0,0,0,0,0,0,0,0,0,0,0,0,0,0,0,0,0,0,0,0,0,0,0,0,0,0,0,0,0,0,0,0,0,0,0,0
"ASV_362",0,0,0,67,107,47,0,161,0,0,0,0,0,0,0,0,0,0,0,0,0,0,0,0,0,0,0,0,0,0,0,0,0,0,0,0,0,0,0,0,0,0,0,0,162,0,0,0,0,0,0,0,0,0,0,0,0,0,0,0,0,0,0,0,0,0,0,0,0
"ASV_363",0,0,0,0,61,0,406,0,0,0,0,0,0,0,0,0,0,0,0,0,0,0,0,0,49,0,0,0,0,0,0,0,0,0,0,0,0,0,0,0,0,0,0,27,0,0,0,0,0,0,0,0,0,0,0,0,0,0,0,0,0,0,0,0,0,0,0,0,0
"ASV_364",0,0,0,0,0,0,0,0,0,0,0,0,0,0,0,0,0,0,0,0,0,0,0,0,0,0,0,0,0,0,0,0,0,66,476,0,0,0,0,0,0,0,0,0,0,0,0,0,0,0,0,0,0,0,0,0,0,0,0,0,0,0,0,0,0,0,0,0,0
"ASV_365",0,540,0,0,0,0,0,0,0,0,0,0,0,0,0,0,0,0,0,0,0,0,0,0,0,0,0,0,0,0,0,0,0,0,0,0,0,0,0,0,0,0,0,0,0,0,0,0,0,0,0,0,0,0,0,0,0,0,0,0,0,0,0,0,0,0,0,0,0
"ASV_367",0,0,0,0,0,0,0,0,245,0,0,0,0,0,0,0,0,0,0,0,0,0,0,0,0,0,0,0,0,0,0,0,0,0,0,292,0,0,0,0,0,0,0,0,0,0,0,0,0,0,0,0,0,0,0,0,0,0,0,0,0,0,0,0,0,0,0,0,0
"ASV_368",0,0,0,0,0,0,0,0,0,0,0,0,29,0,0,0,0,0,0,0,0,0,0,0,0,0,0,0,0,0,0,0,0,0,0,0,0,0,0,0,0,0,0,0,0,0,0,0,0,0,0,0,379,128,0,0,0,0,0,0,0,0,0,0,0,0,0,0,0
"ASV_37",2644,1730,1696,805,4271,479,4881,4773,4291,222,925,112,0,330,0,2686,1118,1235,0,40,0,132,0,0,53,368,0,184,0,0,167,336,0,74,0,3452,0,0,27,140,112,3232,5,58,784,0,2515,1036,0,0,270,762,0,1742,1474,108,1089,0,622,219,101,0,0,0,0,117,0,0,0
"ASV_378",0,0,0,0,0,0,0,0,0,0,0,0,0,0,0,0,0,0,0,0,0,0,0,0,0,0,0,0,0,0,0,0,0,0,0,0,0,0,0,0,0,0,0,0,0,0,504,0,0,0,0,0,0,0,0,0,0,0,0,0,0,0,0,0,0,0,0,0,0
"ASV_379",0,0,0,0,0,0,0,0,0,0,0,0,0,0,0,502,0,0,0,0,0,0,0,0,0,0,0,0,0,0,0,0,0,0,0,0,0,0,0,0,0,0,0,0,0,0,0,0,0,0,0,0,0,0,0,0,0,0,0,0,0,0,0,0,0,0,0,0,0
"ASV_38",757,992,791,14877,896,4935,2169,1425,3480,0,0,0,22,86,536,0,0,0,36,0,0,0,0,0,0,0,0,0,0,0,0,607,649,0,0,1950,0,0,118,0,192,563,521,50,775,0,0,6202,0,0,29,0,0,199,0,0,0,0,0,0,0,0,0,0,0,236,3521,0,989
"ASV_381",0,0,0,0,0,0,0,0,0,0,0,0,0,0,0,0,0,0,0,0,0,0,0,0,0,0,0,0,0,0,0,0,0,0,0,0,0,0,0,0,0,0,0,0,0,0,0,0,0,0,0,0,0,0,0,0,0,0,0,0,501,0,0,0,0,0,0,0,0
"ASV_383",0,0,0,0,0,0,0,0,0,0,0,0,0,0,0,0,0,0,0,0,0,0,0,0,0,0,0,0,0,0,0,0,0,0,0,0,0,0,0,0,0,0,0,0,0,0,0,0,0,0,0,0,0,0,0,574,0,0,0,0,0,0,0,0,0,0,0,0,0
"ASV_385",0,0,0,0,0,0,0,0,0,0,0,0,0,0,0,0,0,0,0,0,0,0,0,0,0,0,0,0,0,0,0,0,0,0,0,0,0,0,0,0,0,497,0,0,0,0,0,0,0,0,0,0,0,0,0,0,0,0,0,0,0,0,0,0,0,0,0,0,0
"ASV_387",0,0,0,0,0,0,0,0,0,0,0,0,0,0,0,0,0,0,0,0,0,0,0,0,0,0,0,0,0,0,0,484,0,0,0,0,0,0,0,0,0,0,0,0,0,0,0,0,0,0,0,0,0,0,0,0,0,0,0,0,0,0,0,0,0,0,0,0,0
"ASV_389",0,0,0,0,0,0,0,0,0,0,0,0,0,0,0,0,0,0,0,0,0,0,0,0,0,0,0,0,0,0,0,0,483,0,0,0,0,0,0,0,0,0,0,0,0,0,0,0,0,0,0,0,0,0,0,0,0,0,0,0,0,0,0,0,0,0,0,0,0
"ASV_39",300,2373,0,81,897,26,506,594,500,925,2172,684,0,0,276,2074,0,875,42,692,391,2753,211,0,0,112,126,892,558,282,2753,1068,290,99,4886,353,248,759,83,5,1509,391,71,0,0,1542,661,317,0,657,609,0,0,176,38,0,0,223,946,197,0,0,203,0,949,1952,0,5111,601
"ASV_393",0,0,0,0,0,0,0,0,0,0,0,0,0,0,0,0,0,0,0,0,0,0,0,0,0,0,0,0,0,0,0,0,0,0,0,0,0,0,0,0,0,0,0,0,0,0,0,0,0,0,0,0,0,0,0,0,0,0,0,0,0,0,0,0,0,0,470,0,0
"ASV_398",0,0,0,0,0,0,0,0,0,0,0,0,0,0,0,0,0,0,0,0,30,0,0,0,0,0,0,0,430,0,0,0,0,0,0,0,0,0,0,0,0,0,0,0,0,0,0,0,0,0,0,0,0,0,0,0,0,0,0,0,0,0,0,0,0,0,0,0,0
"ASV_399",0,0,0,0,0,0,0,0,0,0,0,0,0,0,0,0,0,0,0,0,0,0,0,0,0,0,0,0,0,0,0,0,0,0,0,0,0,0,0,0,0,0,0,0,0,0,0,0,0,0,0,0,0,0,0,0,0,0,0,0,0,0,0,459,0,0,0,0,0
"ASV_4",2775,2502,2150,14565,14618,5411,5354,6012,5923,17747,16272,2850,1927,6686,12587,14041,4708,7434,2595,2186,8111,8048,367,1151,2124,15316,622,8644,2180,3412,4073,9889,1567,2510,17362,12879,2226,1699,2564,13751,10774,17207,9202,749,7592,4005,1411,9440,523,3719,3445,1693,0,996,4799,154,944,991,2325,947,5095,1337,7139,8237,28477,31347,0,15096,2592
"ASV_40",747,3742,0,1104,929,0,2337,992,1349,0,0,0,0,0,0,661,473,0,0,0,0,639,306,0,0,0,0,0,0,259,0,1305,4005,0,0,0,0,0,0,0,0,0,509,0,529,1073,1080,757,0,0,0,258,431,1484,279,0,0,292,1016,0,0,0,0,0,0,0,7435,3608,1957
"ASV_402",0,0,0,0,0,0,0,0,0,0,0,0,0,0,0,0,0,0,0,0,0,0,0,0,0,0,0,0,0,0,0,0,0,0,0,0,0,0,0,0,0,0,0,0,0,0,0,455,0,0,0,0,0,0,0,0,0,0,0,0,0,0,0,0,0,0,0,0,0
"ASV_41",0,0,0,269,944,0,0,0,0,288,52,185,0,0,0,0,0,0,0,0,0,519,830,542,0,0,0,0,0,346,0,0,0,0,0,0,0,0,0,0,113,0,0,0,0,0,0,0,6512,5861,341,0,0,0,0,0,0,3604,10395,13304,0,0,0,0,0,0,0,0,0
"ASV_419",0,0,0,0,0,0,0,0,0,0,0,0,0,0,0,0,0,0,0,0,0,0,0,0,0,0,0,0,0,0,203,0,0,0,0,0,0,0,0,0,0,0,0,0,0,219,0,0,0,0,0,0,0,0,0,0,0,0,0,0,0,0,0,0,0,0,0,0,0
"ASV_42",740,845,1833,111,51,0,0,60,0,758,1192,9411,4,12,0,5271,1355,490,40,292,1632,234,283,1554,155,305,166,0,125,153,1235,2334,79,205,269,909,191,603,154,0,341,576,1822,50,435,0,0,0,940,198,633,0,215,230,390,11,69,836,566,253,716,75,601,0,313,0,0,264,201
"ASV_423",0,0,0,0,281,0,0,0,0,0,46,0,0,0,0,0,0,0,0,0,0,0,0,0,0,0,0,0,0,0,0,0,0,0,0,0,0,103,0,0,0,0,0,0,0,0,0,0,0,0,0,0,0,0,0,0,0,0,0,0,0,0,0,0,0,0,0,0,0
"ASV_424",0,0,0,0,0,0,0,0,0,0,0,0,0,0,415,0,0,0,0,0,0,0,0,0,0,0,0,0,0,0,0,0,0,0,0,0,0,0,0,0,0,0,0,0,0,0,0,0,0,0,0,0,0,0,0,0,0,0,0,0,0,0,0,0,0,0,0,0,0
"ASV_427",0,0,0,0,0,0,0,0,0,0,0,0,0,0,0,0,0,0,0,0,0,0,0,0,0,0,0,0,0,406,0,0,0,0,0,0,0,0,0,0,0,0,0,0,0,0,0,0,0,0,0,0,0,0,0,0,0,0,0,0,0,0,0,0,0,0,0,0,0
"ASV_429",0,0,0,0,0,0,0,0,0,0,0,0,0,0,0,0,0,0,0,0,0,0,0,0,0,0,0,0,0,0,0,406,0,0,0,0,0,0,0,0,0,0,0,0,0,0,0,0,0,0,0,0,0,0,0,0,0,0,0,0,0,0,0,0,0,0,0,0,0
"ASV_43",0,187,0,0,0,0,271,0,0,0,0,0,0,0,0,0,0,0,142,226,0,0,0,0,442,2149,6724,0,0,0,0,0,0,0,0,924,0,0,0,0,0,0,0,0,0,0,0,0,0,0,0,0,0,0,0,0,0,0,0,0,0,0,0,0,0,0,2488,752,29345
"ASV_432",0,0,0,0,0,22,0,0,0,0,0,0,0,0,0,0,0,0,0,0,0,0,0,0,0,0,0,0,0,0,0,0,0,0,380,0,0,0,0,0,0,0,0,0,0,0,0,0,0,0,0,0,0,0,0,0,0,0,0,0,0,0,0,0,0,0,0,0,0
"ASV_435",0,0,0,0,0,0,0,0,0,0,0,0,0,0,0,0,396,0,0,0,0,0,0,0,0,0,0,0,0,0,0,0,0,0,0,0,0,0,0,0,0,0,0,0,0,0,0,0,0,0,0,0,0,0,0,0,0,0,0,0,0,0,0,0,0,0,0,0,0
"ASV_439",0,0,0,0,0,0,0,0,0,0,0,0,0,0,0,0,0,345,0,0,45,0,0,0,0,0,0,0,0,0,0,0,0,0,0,0,0,0,0,0,0,0,0,0,0,0,0,0,0,0,0,0,0,0,0,0,0,0,0,0,0,0,0,0,0,0,0,0,0
"ASV_44",0,0,0,265,6707,182,895,1149,1200,0,0,0,0,0,0,1124,866,409,0,0,0,0,0,0,0,98,0,0,0,0,0,0,0,4745,0,1073,0,200,0,773,219,508,1580,9,987,5407,2425,4258,0,0,0,1819,1153,1211,0,0,0,0,0,0,316,0,473,0,0,338,0,0,0
"ASV_445",0,0,0,0,0,0,0,0,0,0,0,0,0,0,0,0,0,0,0,0,0,0,0,0,0,0,0,0,0,0,0,0,0,0,0,0,0,0,0,120,259,0,0,0,0,0,0,0,0,0,0,0,0,0,0,0,0,0,0,0,0,0,0,0,0,0,0,0,0
"ASV_446",0,0,0,0,0,0,0,0,0,0,0,0,0,0,0,0,0,0,0,0,0,0,0,0,0,0,0,0,0,0,0,0,0,0,0,0,0,0,71,161,0,146,0,0,0,0,0,0,0,0,0,0,0,0,0,0,0,0,0,0,0,0,0,0,0,0,0,0,0
"ASV_448",0,0,0,0,0,0,0,0,0,0,0,0,0,0,0,0,0,0,0,0,0,0,0,0,0,193,0,0,0,0,0,0,0,0,0,0,0,0,0,0,0,0,0,0,180,0,0,0,0,0,0,0,0,0,0,0,0,0,0,0,0,0,0,0,0,0,0,0,0
"ASV_45",0,370,45,0,0,0,0,0,0,1422,1209,604,33,867,1367,0,0,2015,0,0,0,0,0,0,362,1761,69,1688,2979,1041,51,428,0,0,0,456,744,146,265,2206,1475,390,2091,201,2787,0,0,139,844,703,1493,0,0,0,0,0,0,114,585,1479,1582,0,1609,0,356,3429,0,0,0
"ASV_452",330,0,0,0,0,0,0,0,0,0,0,0,39,0,0,0,0,0,0,0,0,0,0,0,0,0,0,0,0,0,0,0,0,0,0,0,0,0,0,0,0,0,0,0,0,0,0,0,0,0,0,0,0,0,0,0,0,0,0,0,0,0,0,0,0,0,0,0,0
"ASV_455",0,0,0,0,0,0,0,0,0,0,0,0,0,0,0,0,0,0,0,0,0,0,0,0,75,0,0,0,0,0,0,0,0,28,0,0,0,0,0,0,0,0,0,0,0,0,0,0,0,0,0,0,0,0,0,0,0,0,0,0,0,0,0,0,264,0,0,0,0
"ASV_460",0,0,0,0,0,0,0,0,0,0,0,0,0,0,0,0,0,0,0,0,0,0,0,0,0,0,0,0,0,0,0,0,0,0,0,0,0,0,0,360,0,0,0,0,0,0,0,0,0,0,0,0,0,0,0,0,0,0,0,0,0,0,0,0,0,0,0,0,0
"ASV_462",0,0,0,0,0,0,0,0,0,0,0,239,0,0,0,0,0,0,0,0,0,0,0,0,0,0,0,0,0,0,0,0,0,0,0,0,0,90,0,0,0,0,0,0,0,0,0,0,0,0,28,0,0,0,0,0,0,0,0,0,0,0,0,0,0,0,0,0,0
"ASV_47",0,0,0,0,0,0,368,0,0,0,0,0,0,0,0,0,0,0,0,0,0,0,0,0,54,1395,0,0,0,0,0,0,0,0,0,0,0,0,0,0,0,0,422,2082,35193,347,0,635,0,0,0,0,0,0,0,0,0,0,0,0,0,0,0,0,0,0,0,0,0
"ASV_470",0,0,0,0,0,0,0,0,343,0,0,0,0,0,0,0,0,0,0,0,0,0,0,0,0,0,0,0,0,0,0,0,0,0,0,0,0,0,0,0,0,0,0,0,0,0,0,0,0,0,0,0,0,0,0,7,0,0,0,0,0,0,0,0,0,0,0,0,0
"ASV_471",0,0,0,0,0,0,0,0,0,0,0,0,0,0,0,0,0,0,0,0,0,0,0,0,0,0,0,0,0,0,0,0,0,0,350,0,0,0,0,0,0,0,0,0,0,0,0,0,0,0,0,0,0,0,0,0,0,0,0,0,0,0,0,0,0,0,0,0,0
"ASV_477",0,0,0,0,0,0,0,0,0,0,0,105,0,0,237,0,0,0,0,0,0,0,0,0,0,0,0,0,0,0,0,0,0,0,0,0,0,0,0,0,0,0,0,0,0,0,0,0,0,0,0,0,0,0,0,0,0,0,0,0,0,0,0,0,0,0,0,0,0
"ASV_478",0,0,0,0,0,0,0,0,0,0,0,0,0,0,0,0,0,0,0,0,0,240,0,0,0,0,0,0,0,0,0,0,0,0,0,0,0,0,0,0,0,0,0,0,0,0,0,0,0,0,0,0,0,0,0,0,0,0,0,0,0,0,102,0,0,0,0,0,0
"ASV_48",0,0,0,0,0,0,0,0,0,0,0,0,0,0,0,524,0,0,17,0,0,0,0,0,6101,9120,2042,0,0,391,0,0,0,1051,2680,0,0,0,0,0,0,0,2264,15,0,7675,5153,642,0,0,0,0,424,53,0,0,0,0,0,0,214,0,0,390,0,0,0,0,0
"ASV_484",0,334,0,0,0,0,0,0,0,0,0,0,0,0,0,0,0,0,0,0,0,0,0,0,0,0,0,0,0,0,0,0,0,0,0,0,0,0,0,0,0,0,0,0,0,0,0,0,0,0,0,0,0,0,0,0,0,0,0,0,0,0,0,0,0,0,0,0,0
"ASV_486",0,0,0,0,0,0,0,0,0,0,0,0,0,0,334,0,0,0,0,0,0,0,0,0,0,0,0,0,0,0,0,0,0,0,0,0,0,0,0,0,0,0,0,0,0,0,0,0,0,0,0,0,0,0,0,0,0,0,0,0,0,0,0,0,0,0,0,0,0
"ASV_488",0,0,0,0,0,0,0,206,0,0,0,127,0,0,0,0,0,0,0,0,0,0,0,0,0,0,0,0,0,0,0,0,0,0,0,0,0,0,0,0,0,0,0,0,0,0,0,0,0,0,0,0,0,0,0,0,0,0,0,0,0,0,0,0,0,0,0,0,0
"ASV_49",12627,10615,9597,0,0,0,0,0,0,0,400,0,0,0,0,508,0,408,0,0,0,0,0,0,137,2297,0,209,498,0,0,0,0,0,0,0,0,0,0,99,0,0,1727,36,652,0,0,0,0,0,0,0,0,0,0,0,0,0,0,0,0,0,0,896,0,0,0,0,0
"ASV_490",0,0,0,0,0,8,0,0,0,0,0,0,0,0,0,0,0,0,0,0,32,0,0,0,0,0,0,0,0,0,0,0,0,0,213,0,0,0,0,0,0,0,0,0,0,0,0,0,0,0,0,0,0,0,0,0,0,0,0,0,76,0,0,0,0,0,0,0,0
"ASV_491",0,0,0,0,0,0,0,0,0,94,0,0,0,0,0,0,0,0,0,0,0,0,0,0,0,0,0,0,0,0,0,183,0,0,0,0,0,0,0,0,0,0,0,0,0,0,0,0,0,0,0,0,0,0,0,0,0,0,0,0,0,0,0,0,0,0,0,0,0
"ASV_494",0,0,0,0,0,0,0,0,0,0,0,0,0,0,0,0,0,0,0,0,0,0,0,0,0,0,0,0,0,107,0,0,0,0,0,0,0,19,0,0,0,0,0,0,0,0,0,0,0,0,0,0,0,0,0,0,0,0,0,0,0,0,0,198,0,0,0,0,0
"ASV_496",0,0,0,0,0,3,0,0,0,0,0,0,0,0,0,0,0,0,0,0,0,0,0,0,0,0,0,0,0,0,0,0,0,0,0,0,0,9,0,0,0,0,0,0,0,0,0,0,0,0,0,0,0,0,159,0,150,0,0,0,0,0,0,0,0,0,0,0,0
"ASV_5",2302,1952,990,236,510,55,2897,853,236,8614,11935,16060,20269,3352,7948,19085,3632,9281,88659,5329,5193,1207,10463,1205,0,0,0,7464,12494,9589,14906,33016,7630,0,0,513,634,945,931,4565,6012,9670,1144,46,119,0,0,0,7907,6935,8215,442,0,2385,3695,580,3850,3693,8704,3433,20468,6688,29871,5385,2094,4847,0,0,0
"ASV_50",411,13,506,0,0,0,0,0,0,0,0,0,0,0,0,0,0,0,0,0,0,0,0,0,0,0,0,0,0,0,0,0,0,0,0,0,0,0,0,0,0,0,0,0,0,0,0,0,0,0,0,12387,8502,14922,0,0,0,0,0,0,0,0,0,0,0,0,0,0,0
"ASV_502",0,0,0,0,0,0,0,0,0,0,0,0,0,0,0,0,0,0,0,0,0,0,0,0,0,0,0,0,0,0,78,0,0,0,0,0,0,0,0,0,0,0,0,0,0,0,0,238,0,0,0,0,0,0,0,0,0,0,0,0,0,0,0,0,0,0,0,0,0
"ASV_503",0,0,0,0,0,0,0,0,0,0,0,0,0,0,0,0,0,0,0,0,0,0,0,0,0,0,0,0,0,0,0,0,0,0,0,0,0,0,0,0,0,0,0,0,0,0,0,0,0,0,0,0,0,0,0,0,0,316,0,0,0,0,0,0,0,0,0,0,0
"ASV_51",0,0,0,0,0,0,1549,770,1166,0,0,0,0,92,501,0,0,0,0,0,0,0,0,0,0,0,0,0,0,0,5993,22959,2550,0,0,0,184,546,222,0,0,0,0,0,0,0,0,0,0,0,0,657,0,0,205,58,0,0,0,0,411,0,268,0,0,0,0,0,0
"ASV_513",0,0,0,0,0,0,0,306,0,0,0,0,0,0,0,0,0,0,0,0,0,0,0,0,0,0,0,0,0,0,0,0,0,0,0,0,0,0,0,0,0,0,0,0,0,0,0,0,0,0,0,0,0,0,0,0,0,0,0,0,0,0,0,0,0,0,0,0,0
"ASV_515",105,0,0,0,0,0,0,0,0,0,0,0,0,0,0,0,0,0,0,0,0,0,0,0,0,0,0,0,0,197,0,0,0,0,0,0,0,0,0,0,0,0,0,0,0,0,0,0,0,0,0,0,0,0,0,0,0,0,0,0,0,0,0,0,0,0,0,0,0
"ASV_518",0,0,0,0,0,0,0,0,0,0,0,0,0,0,0,0,0,121,0,0,0,0,0,0,0,0,0,0,0,0,0,0,0,0,0,0,0,0,0,0,0,0,0,0,0,0,68,0,0,0,0,0,0,0,0,0,0,0,0,0,0,0,0,0,0,0,0,0,0
"ASV_52",0,0,159,0,0,0,0,0,0,479,131,167,501,165,261,1392,0,1160,4911,67,87,439,0,0,0,0,0,0,14646,0,675,2012,0,0,0,65,55,102,0,0,183,0,0,0,0,0,0,0,167,259,366,0,0,0,163,52,121,0,2014,0,1919,183,1817,0,0,130,0,0,0
"ASV_524",0,0,0,0,0,0,0,0,0,0,0,0,0,0,0,0,0,0,0,0,0,0,0,0,0,0,0,0,0,0,0,0,0,0,0,0,0,0,0,0,0,0,0,38,0,0,0,0,0,0,0,0,0,254,0,0,0,0,0,0,0,0,0,0,0,0,0,0,0
"ASV_53",0,0,0,1765,2316,347,2182,2225,1924,314,7127,201,0,0,0,0,0,300,12,105,0,0,0,800,204,626,0,0,504,0,227,0,0,232,799,812,0,27,36,132,106,0,0,46,68,3593,4332,739,477,253,206,553,141,62,110,15,0,0,1158,0,0,0,0,0,1938,506,0,491,0
"ASV_531",0,0,0,0,0,0,0,0,0,0,0,0,0,0,0,0,0,0,0,0,0,0,0,0,0,0,0,0,0,0,0,0,0,0,0,0,0,0,0,0,0,0,0,288,0,0,0,0,0,0,0,0,0,0,0,0,0,0,0,0,0,0,0,0,0,0,0,0,0
"ASV_536",0,0,0,0,0,0,0,0,0,0,0,0,34,0,248,0,0,0,0,0,0,0,0,0,0,0,0,0,0,0,0,0,0,0,0,0,0,0,0,0,0,0,0,0,0,0,0,0,0,0,0,0,0,0,0,0,0,0,0,0,0,0,0,0,0,0,0,0,0
"ASV_54",0,2296,100,130,92,35,0,0,243,0,0,0,38,0,0,0,0,313,0,47,27,0,545,0,19,73,0,0,0,0,0,0,3877,0,0,492,148,0,28,258,223,0,0,0,0,406,615,583,0,0,0,0,212,0,2551,472,4729,706,0,339,0,0,144,0,338,0,0,4836,6625
"ASV_548",0,0,0,0,0,0,0,0,0,0,0,0,0,0,0,0,0,0,0,0,0,0,0,0,0,0,0,0,0,0,0,0,0,270,0,0,0,0,0,0,0,0,0,0,0,0,0,0,0,0,0,0,0,0,0,0,0,0,0,0,0,0,0,0,0,0,0,0,0
"ASV_55",0,0,121,0,306,0,393,516,201,0,695,235,0,231,0,2778,0,1456,0,44,0,1655,171,0,0,0,0,340,0,455,96,427,553,54,675,98,178,66,156,1840,1074,2036,0,0,94,754,0,544,475,481,470,0,0,211,99,0,0,0,1901,0,726,0,827,842,826,991,1457,2576,0
"ASV_551",0,0,0,18,38,0,0,0,0,0,0,0,0,0,11,0,0,0,0,0,0,0,0,0,0,0,0,0,0,0,0,0,0,0,0,0,0,0,0,0,0,0,0,0,0,0,0,0,0,0,0,17,0,0,100,35,50,0,0,0,0,0,0,0,0,0,0,0,0
"ASV_552",0,0,0,0,0,0,0,0,0,0,0,0,0,0,0,0,0,0,0,0,0,0,0,0,0,0,0,0,0,0,0,0,0,0,0,0,269,0,0,0,0,0,0,0,0,0,0,0,0,0,0,0,0,0,0,0,0,0,0,0,0,0,0,0,0,0,0,0,0
"ASV_56",222,868,1262,1158,4032,424,735,143,112,118,0,60,442,1360,0,1036,0,1076,38,0,0,0,0,0,69,0,0,1153,0,1877,106,0,0,100,0,472,132,647,108,807,880,662,143,119,420,0,0,399,162,499,138,147,0,0,373,0,570,246,608,248,0,0,102,0,490,2894,942,0,0
"ASV_567",0,0,0,0,0,0,0,0,0,0,0,0,0,0,0,0,0,0,0,0,0,0,0,0,0,0,0,0,0,0,0,257,0,0,0,0,0,0,0,0,0,0,0,0,0,0,0,0,0,0,0,0,0,0,0,0,0,0,0,0,0,0,0,0,0,0,0,0,0
"ASV_57",0,342,310,589,915,63,5136,2619,2736,0,0,116,0,258,0,2907,0,0,0,0,0,0,1195,0,0,0,0,0,0,0,0,0,0,63,177,94,0,0,0,2853,438,679,620,24,678,0,5039,1270,0,0,39,754,193,0,0,0,0,0,0,0,0,0,131,0,0,1256,0,1962,353
"ASV_576",0,0,0,0,0,0,0,0,0,0,0,0,0,0,0,0,0,0,0,0,0,0,0,0,0,0,0,0,0,0,0,0,0,0,0,0,0,0,0,0,0,0,0,0,0,0,0,0,0,0,0,0,255,0,0,0,0,0,0,0,0,0,0,0,0,0,0,0,0
"ASV_577",0,0,0,0,0,0,0,0,0,0,0,0,0,0,0,0,0,0,0,0,0,0,0,0,0,0,0,0,0,0,0,0,0,0,0,0,0,0,0,0,0,0,0,0,0,0,0,0,0,0,0,0,167,0,88,0,0,0,0,0,0,0,0,0,0,0,0,0,0
"ASV_578",0,0,0,0,0,0,0,0,0,0,0,0,0,0,0,0,0,0,0,0,0,0,0,0,0,0,0,0,0,0,0,0,0,0,0,0,0,0,0,0,0,0,0,0,0,0,0,0,0,0,0,0,0,0,0,0,0,0,0,0,0,0,0,0,255,0,0,0,0
"ASV_58",13225,1124,902,0,0,0,399,0,0,0,0,0,0,0,0,856,603,1092,0,0,0,0,0,0,437,704,69,478,484,0,0,0,0,1060,1684,398,0,0,0,0,0,0,917,49,0,2292,628,539,0,0,0,0,0,122,0,0,0,0,0,0,0,0,0,0,0,0,0,0,0
"ASV_587",0,0,248,0,0,0,0,0,0,0,0,0,0,0,0,0,0,0,0,0,0,0,0,0,0,0,0,0,0,0,0,0,0,0,0,0,0,0,0,0,0,0,0,0,0,0,0,0,0,0,0,0,0,0,0,0,0,0,0,0,0,0,0,0,0,0,0,0,0
"ASV_59",361,93,0,283,222,38,3440,2586,4513,0,0,102,0,0,0,657,0,781,0,20,562,0,0,604,0,0,0,0,0,0,105,0,0,0,0,2273,0,0,0,70,354,3398,1507,29,1302,0,0,433,490,401,182,932,445,494,12,0,0,243,845,262,228,95,524,0,0,0,0,0,186
"ASV_593",0,0,0,0,102,0,0,0,0,0,0,0,0,0,0,0,0,0,0,0,0,0,0,0,0,0,0,0,0,0,0,0,0,6,0,0,0,0,0,0,0,0,0,0,0,0,0,0,0,0,0,0,80,19,0,0,0,36,0,0,0,0,0,0,0,0,0,0,0
"ASV_595",0,0,0,0,0,0,0,0,0,0,0,0,0,0,0,0,0,0,0,0,0,0,0,0,0,0,0,0,0,0,0,0,0,0,0,0,0,0,0,0,0,0,0,0,0,0,0,0,0,0,0,0,242,0,0,0,0,0,0,0,0,0,0,0,0,0,0,0,0
"ASV_597",0,0,0,0,0,0,0,0,0,0,0,0,0,0,0,0,0,0,0,0,0,0,0,0,0,0,0,0,0,0,0,0,0,0,0,0,0,0,0,0,0,0,0,0,241,0,0,0,0,0,0,0,0,0,0,0,0,0,0,0,0,0,0,0,0,0,0,0,0
"ASV_6",0,0,0,1555,2637,600,1329,1417,1150,0,147,0,0,0,0,0,0,0,0,0,0,0,0,0,13,92,0,0,0,0,0,0,0,230597,98318,8363,0,0,0,0,0,0,306,0,0,7004,89,2112,0,0,0,3302,4630,7546,0,0,1318,0,0,0,0,0,0,0,0,0,0,0,0
"ASV_60",0,0,0,0,0,0,0,0,0,0,0,0,40,0,0,0,0,0,22,169,0,1882,252,0,0,0,0,0,0,0,0,0,0,0,0,0,0,0,0,140,192,0,0,0,0,0,0,113,0,0,0,10616,9154,2351,0,0,0,0,657,242,0,0,0,0,0,0,0,0,660
"ASV_604",0,0,0,0,0,0,0,0,0,0,0,0,0,0,0,0,0,0,0,0,0,0,0,0,0,0,0,0,0,0,0,0,0,0,0,0,0,0,0,0,0,0,0,0,0,0,238,0,0,0,0,0,0,0,0,0,0,0,0,0,0,0,0,0,0,0,0,0,0
"ASV_607",0,0,0,0,0,0,0,0,0,0,0,0,0,0,0,0,39,25,0,0,0,0,0,0,0,0,0,0,0,0,16,0,0,0,0,0,0,0,0,0,7,0,0,0,0,139,5,0,0,0,0,0,0,0,0,5,0,0,0,0,0,0,0,0,0,0,0,0,0
"ASV_61",620,1013,1104,0,0,0,1068,0,0,168,583,573,310,1330,1317,1587,264,389,0,0,62,0,156,167,0,0,0,0,0,180,1211,2656,1776,0,0,0,45,138,0,166,141,586,0,0,53,0,0,0,265,285,0,267,1750,876,0,0,0,558,0,0,0,66,0,757,759,2353,0,0,0
"ASV_610",0,0,0,0,0,0,0,13,218,0,0,0,0,0,0,0,0,0,0,0,0,0,0,0,0,0,0,0,0,0,0,0,0,0,0,0,0,0,0,0,0,0,0,0,0,0,0,0,0,0,0,0,0,0,0,0,0,0,0,0,0,0,0,0,0,0,0,0,0
"ASV_62",1501,211,1594,0,0,0,0,0,0,0,0,0,25,0,0,0,0,0,0,0,0,0,0,0,0,0,0,0,0,0,0,382,294,0,0,0,537,0,13,0,0,0,15994,41,647,0,0,0,0,0,0,722,586,210,0,0,0,173,0,0,0,0,0,834,0,0,0,0,0
"ASV_628",0,0,0,0,0,0,0,0,0,0,0,38,0,0,0,0,0,0,0,0,0,0,0,0,0,0,0,0,0,0,0,0,0,0,0,0,0,0,0,0,0,0,0,0,0,0,0,0,0,0,0,0,0,0,60,0,120,0,0,0,0,0,0,0,0,0,0,0,0
"ASV_63",1799,1628,3059,3136,0,357,6585,1831,2855,0,0,0,0,0,0,0,0,0,0,0,0,0,0,0,0,0,0,0,0,0,0,0,0,0,0,0,0,0,0,0,0,0,577,165,294,0,0,1096,0,0,0,0,0,0,0,0,0,0,0,0,0,0,0,0,0,0,0,0,0
"ASV_64",1236,1204,0,0,0,0,0,0,0,0,0,0,0,144,856,0,0,0,0,0,0,0,1604,0,0,0,0,3868,6480,747,588,1754,1116,0,0,0,203,127,104,0,129,0,0,0,0,0,0,0,0,0,0,0,0,0,0,0,0,0,0,0,0,0,0,2115,323,0,0,0,0
"ASV_646",0,0,0,0,0,0,0,0,208,0,0,0,0,0,0,0,0,0,0,0,0,0,0,0,0,0,0,0,0,0,0,0,0,0,0,0,0,0,0,0,0,0,0,0,0,0,0,0,0,0,0,0,0,0,0,0,0,0,0,0,0,0,0,0,0,0,0,0,0
"ASV_65",0,0,0,0,1907,148,0,0,637,0,119,0,0,251,0,1068,291,1296,62,490,325,632,0,0,0,0,0,0,0,0,0,0,0,29,185,0,56,539,26,639,2022,0,466,0,0,0,1123,501,254,577,189,0,0,116,1806,65,559,203,0,960,1533,0,1113,0,0,463,0,1293,123
"ASV_654",0,0,0,0,0,0,0,0,0,0,0,0,0,0,0,0,0,0,0,0,0,0,0,0,0,0,14,0,0,0,0,0,0,0,0,0,0,0,0,0,0,0,0,0,0,0,0,3,0,0,0,0,0,0,0,0,0,0,0,0,0,0,0,0,0,0,187,0,0
"ASV_657",0,0,0,0,0,0,0,0,0,0,0,0,0,0,0,0,0,0,0,0,0,0,0,0,0,0,0,0,0,0,0,0,0,0,0,0,0,0,0,0,0,0,0,0,0,0,0,0,0,0,0,0,0,0,0,0,0,0,0,0,0,0,0,0,0,203,0,0,0
"ASV_66",0,0,0,0,0,0,0,0,0,0,0,0,0,0,0,0,0,0,0,0,133,0,0,0,184,174,0,0,0,0,43,0,0,0,0,0,0,0,0,0,0,0,0,0,218,0,0,0,0,180,108,9533,5823,3998,336,0,0,0,0,0,127,0,0,0,490,507,0,246,0
"ASV_661",0,0,0,0,0,0,0,0,0,0,0,0,0,23,0,77,0,0,0,0,0,0,0,0,0,0,0,0,0,0,0,0,0,0,0,0,0,0,0,0,0,0,0,0,0,0,0,0,0,0,0,0,0,0,0,0,0,0,0,0,99,0,0,0,0,0,0,0,0
"ASV_662",0,0,0,0,0,0,0,0,0,0,0,0,0,0,0,0,0,0,0,0,0,0,0,0,0,0,0,0,0,0,0,0,0,0,0,0,0,0,57,0,0,0,0,0,0,0,0,142,0,0,0,0,0,0,0,0,0,0,0,0,0,0,0,0,0,0,0,0,0
"ASV_67",0,0,0,0,886,0,2715,968,700,0,0,0,0,0,0,497,0,781,14,0,32,0,0,0,451,2357,1220,0,0,0,0,0,0,0,235,7469,0,0,0,0,54,0,436,0,0,0,0,394,0,0,0,0,0,0,0,0,0,0,0,0,390,0,582,0,0,0,0,404,0
"ASV_670",0,0,0,0,0,0,0,0,0,0,0,0,0,0,0,0,0,0,0,0,0,0,0,0,0,0,0,0,0,0,0,0,0,0,0,0,0,0,0,0,0,0,0,0,0,0,0,0,0,0,0,0,195,0,0,0,0,0,0,0,0,0,0,0,0,0,0,0,0
"ASV_671",0,0,0,0,0,0,0,526,0,0,0,0,0,0,0,0,0,0,0,0,0,0,0,0,0,0,0,0,0,0,0,0,0,0,0,0,0,0,0,0,0,0,0,0,0,0,0,0,0,0,0,0,0,0,0,0,0,0,0,0,0,0,0,0,0,0,0,0,0
"ASV_677",0,0,0,0,5,0,0,77,76,0,0,0,0,0,0,0,0,0,0,0,0,0,0,0,0,0,0,0,0,0,0,0,0,0,0,0,0,0,0,0,0,0,0,0,0,0,0,0,0,0,0,0,0,0,0,0,0,0,0,0,0,0,0,0,0,33,0,0,0
"ASV_68",0,0,0,99,0,0,0,0,0,0,545,290,417,135,170,0,0,0,3495,843,1023,0,0,0,0,0,0,1219,2210,364,306,0,0,0,0,0,0,0,0,169,0,0,0,0,0,0,0,0,0,386,216,0,408,0,0,0,127,206,0,0,174,5187,704,0,0,463,0,0,0
"ASV_681",0,42,0,0,0,0,0,0,0,0,0,0,0,0,0,0,0,0,0,0,0,0,0,11,0,0,0,0,0,0,0,12,0,0,0,0,0,0,0,0,0,72,0,0,0,0,0,0,0,0,0,0,0,13,0,0,0,0,0,0,0,0,0,0,0,0,0,0,0
"ASV_682",0,0,0,0,165,0,0,0,0,0,0,0,0,0,0,0,0,0,0,0,0,0,0,0,0,0,0,0,0,0,24,0,0,0,0,0,0,0,0,0,0,0,0,0,0,0,0,0,0,0,0,0,0,0,0,0,0,0,0,0,0,0,0,0,0,0,0,0,0
"ASV_69",0,0,0,133,751,0,0,169,0,408,729,211,154,0,1146,1005,0,984,132,117,207,0,0,0,13,170,0,0,0,0,2258,1845,621,0,0,333,38,448,630,2235,323,880,0,26,0,0,0,0,1315,385,122,0,0,0,287,0,0,0,0,0,101,0,341,0,0,269,0,0,0
"ASV_7",0,0,0,658,3176,178,2927,1730,787,14843,8997,22922,0,52,152,7121,1078,6825,17498,13873,15792,20893,1792,8177,24,1093,0,1360,2038,706,976,2302,640,831,2779,1090,1788,975,709,6432,4177,6711,0,0,467,2586,13771,4517,10131,10792,7701,789,0,0,79,0,0,9206,47479,8260,3787,2108,2894,13202,3198,8290,0,14518,0
"ASV_70",0,0,0,0,0,0,0,0,0,0,0,0,0,0,0,0,0,0,0,0,0,0,0,0,0,0,0,0,0,0,0,0,0,0,0,0,40,0,134,0,0,0,0,0,0,0,0,0,0,0,0,0,0,0,107,40,270,0,0,130,7375,6685,3399,0,0,0,0,0,0
"ASV_704",0,0,0,0,0,0,0,0,0,0,0,0,0,0,0,0,0,0,0,0,0,0,0,0,0,0,0,0,0,0,0,0,0,0,0,0,0,0,0,0,0,0,0,0,0,0,0,0,0,0,0,0,0,0,0,0,0,0,0,0,0,0,0,0,0,177,0,0,0
"ASV_71",0,0,0,87,0,77,0,163,0,459,385,159,0,99,0,1023,0,0,0,0,0,0,0,0,0,0,0,3059,326,0,0,0,0,0,0,55,114,519,310,0,87,444,1884,25,230,0,0,0,0,0,0,0,0,171,809,0,0,0,0,0,996,487,363,574,3722,1202,0,0,0
"ASV_716",0,0,0,0,0,0,0,0,0,0,0,0,0,0,0,0,0,0,0,0,0,0,0,0,0,0,0,0,0,0,0,0,0,0,0,0,0,0,0,0,0,0,0,0,0,0,0,0,0,0,0,0,0,0,0,0,0,0,0,0,0,0,0,0,0,0,0,173,0
"ASV_72",3632,4444,3350,0,0,0,0,0,0,595,0,0,0,0,0,0,0,0,8,42,0,0,0,0,0,139,0,0,0,0,0,0,0,0,0,0,0,0,0,327,289,2280,0,16,367,0,0,0,0,155,47,0,491,0,0,0,0,228,0,1512,0,0,108,0,0,261,0,0,0
"ASV_727",0,0,0,0,0,0,0,0,0,0,0,0,0,0,0,0,0,0,0,0,0,0,0,0,0,0,0,0,0,0,0,0,0,0,0,0,0,0,0,0,0,170,0,0,0,0,0,0,0,0,0,0,0,0,0,0,0,0,0,0,0,0,0,0,0,0,0,0,0
"ASV_73",0,0,0,0,0,0,0,0,177,0,0,0,0,0,0,0,0,0,0,0,0,0,0,0,54,16,0,0,0,0,0,0,0,298,2995,0,0,0,0,0,0,0,0,0,0,8152,4807,112,0,0,0,0,0,0,0,0,0,0,0,0,0,0,0,511,0,438,0,96,0
"ASV_74",0,1687,0,720,311,91,319,788,905,0,1257,0,0,0,0,0,0,0,0,32,0,0,0,0,0,0,0,0,0,0,571,2367,0,0,0,79,0,0,0,279,0,0,0,59,199,0,3076,0,187,0,219,0,0,0,0,0,0,0,0,0,0,0,0,0,0,0,0,5217,0
"ASV_743",0,0,0,0,0,0,0,0,0,0,0,0,0,0,0,0,0,0,0,0,0,0,0,0,0,0,0,0,0,0,0,0,0,0,0,0,0,0,0,0,0,0,0,0,0,0,0,0,0,0,0,0,0,0,0,0,0,0,0,0,0,0,165,0,0,0,0,0,0
"ASV_745",0,0,0,0,0,0,0,0,0,0,0,0,0,0,0,0,164,0,0,0,0,0,0,0,0,0,0,0,0,0,0,0,0,0,0,0,0,0,0,0,0,0,0,0,0,0,0,0,0,0,0,0,0,0,0,0,0,0,0,0,0,0,0,0,0,0,0,0,0
"ASV_746",0,0,0,0,0,0,0,0,0,0,0,0,0,0,0,0,0,0,0,0,0,0,0,0,0,0,0,0,0,0,0,0,0,0,0,0,0,0,0,0,0,0,0,0,0,0,0,0,0,0,0,0,0,0,164,0,0,0,0,0,0,0,0,0,0,0,0,0,0
"ASV_75",0,0,0,0,209,89,855,561,1146,0,0,0,0,0,0,0,0,0,0,0,0,0,0,0,69,86,0,0,0,0,0,0,0,124,1861,341,0,0,0,0,0,0,576,12,0,3678,2537,2322,0,0,0,0,0,0,46,17,0,0,0,0,0,0,0,0,0,0,0,2357,0
"ASV_750",0,0,0,0,0,0,0,0,0,0,0,0,0,137,0,0,0,0,0,0,0,0,0,0,0,0,0,0,0,0,25,0,0,0,0,0,0,0,0,0,0,0,0,0,0,0,0,0,0,0,0,0,0,0,0,0,0,0,0,0,0,0,0,0,0,0,0,0,0
"ASV_757",0,0,289,0,0,0,0,0,0,0,0,0,0,0,0,0,0,0,0,0,0,0,0,0,0,0,0,0,0,0,0,0,0,0,0,0,0,0,0,0,0,0,0,0,0,0,0,0,0,0,0,0,0,0,0,0,0,0,0,0,0,0,0,0,0,0,0,0,0
"ASV_76",9716,1919,4582,0,0,0,0,0,0,0,0,0,0,0,0,0,0,0,0,0,0,0,0,0,0,0,0,0,0,0,0,0,0,0,0,0,0,0,0,0,0,0,0,0,0,0,0,0,0,0,0,0,0,0,0,0,0,0,0,0,0,0,0,0,0,0,0,0,0
"ASV_767",0,0,154,0,0,0,0,0,0,0,0,0,0,0,0,0,0,0,0,0,0,0,0,0,0,0,0,0,0,0,0,0,0,0,0,0,0,0,0,0,0,0,0,0,0,0,0,0,0,0,0,0,0,0,0,0,0,0,0,0,0,0,0,0,0,0,0,0,0
"ASV_768",0,0,0,0,0,0,154,0,0,0,0,0,0,0,0,0,0,0,0,0,0,0,0,0,0,0,0,0,0,0,0,0,0,0,0,0,0,0,0,0,0,0,0,0,0,0,0,0,0,0,0,0,0,0,0,0,0,0,0,0,0,0,0,0,0,0,0,0,0
"ASV_77",0,0,174,0,138,0,473,609,0,0,178,155,157,158,0,0,0,0,0,0,0,0,0,0,0,0,0,0,216,0,126,1228,203,0,0,0,102,9811,35,0,0,248,0,0,0,0,0,0,0,0,25,0,0,0,187,0,321,0,0,0,0,0,86,0,1263,0,0,0,0
"ASV_772",0,0,0,0,0,0,0,0,0,0,18,0,0,0,0,0,94,0,0,0,0,0,0,0,0,0,0,0,0,0,0,0,0,0,0,0,0,0,0,0,0,0,0,0,0,0,0,0,0,0,0,0,0,0,0,0,0,0,0,0,0,0,0,41,0,0,0,0,0
"ASV_778",0,0,0,0,0,0,0,0,0,0,0,0,0,151,0,0,0,0,0,0,0,0,0,0,0,0,0,0,0,0,0,0,0,0,0,0,0,0,0,0,0,0,0,0,0,0,0,0,0,0,0,0,0,0,0,0,0,0,0,0,0,0,0,0,0,0,0,0,0
"ASV_78",0,0,0,0,0,0,0,0,0,0,496,360,62,0,426,0,457,0,0,0,0,710,0,0,0,0,0,895,0,252,852,2521,270,0,0,0,247,69,287,0,227,1425,0,0,0,0,0,0,0,0,23,0,510,0,293,35,151,166,925,678,164,135,357,2099,337,345,0,0,0
"ASV_782",0,0,0,0,0,0,0,0,0,0,0,0,0,0,149,0,0,0,0,0,0,0,0,0,0,0,0,0,0,0,0,0,0,0,0,0,0,0,0,0,0,0,0,0,0,0,0,0,0,0,0,0,0,0,0,0,0,0,0,0,0,0,0,0,0,0,0,0,0
"ASV_8",0,0,0,0,0,0,0,0,0,150,1020,0,0,144,0,0,0,0,0,0,0,801,0,210,0,0,0,0,0,0,0,0,0,0,0,0,0,0,0,0,0,0,0,0,0,0,0,0,0,0,0,0,0,0,10901,278938,11723,0,0,0,0,0,0,0,0,0,0,0,0
"ASV_80",5283,2353,5436,0,0,0,0,0,0,0,0,0,0,0,0,0,0,0,27,26,101,0,0,0,66,679,1014,0,0,0,0,0,0,0,0,0,0,0,0,0,0,0,359,75,0,0,0,0,0,0,0,0,0,0,0,0,320,0,0,0,0,0,0,0,0,0,0,0,0
"ASV_81",536,587,0,1436,48,52,2463,1113,281,0,0,114,59,68,0,0,0,0,0,0,0,0,0,0,0,0,0,0,0,0,0,0,0,0,0,272,204,0,0,918,665,0,259,62,536,0,0,0,0,0,23,0,0,110,274,21,214,0,0,0,331,0,389,0,0,1089,0,1477,226
"ASV_814",0,0,0,13,33,0,0,42,32,0,0,0,0,0,0,0,0,0,0,0,0,0,0,0,0,20,0,0,0,0,0,0,0,0,0,0,0,0,0,0,0,0,0,0,0,0,0,0,0,0,0,0,0,0,0,0,0,0,0,0,0,0,0,0,0,0,0,0,0
"ASV_82",0,0,0,0,648,43,0,0,0,151,0,115,0,319,226,0,0,0,529,377,693,711,560,506,0,0,0,0,0,0,0,0,0,131,0,189,3,0,0,0,208,252,0,0,0,0,0,454,179,0,295,0,0,0,0,0,0,2751,1364,0,1908,173,68,0,0,0,0,0,0
"ASV_827",0,136,0,0,0,0,0,0,0,0,0,0,0,0,0,0,0,0,0,0,0,0,0,0,0,0,0,0,0,0,0,0,0,0,0,0,0,0,0,0,0,0,0,0,0,0,0,0,0,0,0,0,0,0,0,0,0,0,0,0,0,0,0,0,0,0,0,0,0
"ASV_83",641,301,187,0,330,35,0,0,0,0,0,817,0,0,0,0,151,470,0,64,311,0,0,0,53,269,97,741,1985,6,0,0,690,0,0,0,0,0,0,271,600,0,493,0,0,0,0,0,0,0,0,0,452,575,0,0,0,2090,195,91,512,427,0,0,0,0,0,383,0
"ASV_836",0,0,0,0,0,0,0,0,0,0,0,0,0,0,0,0,0,0,0,0,0,0,0,0,0,0,0,0,0,0,0,0,0,0,0,0,0,0,0,0,0,0,0,0,0,0,0,0,0,0,0,118,0,0,0,15,0,0,0,0,0,0,0,0,0,0,0,0,0
"ASV_841",0,0,0,0,0,0,0,0,0,0,0,0,0,0,0,0,0,0,0,0,0,0,0,0,0,0,0,0,0,0,131,0,0,0,0,0,0,0,0,0,0,0,0,0,0,0,0,0,0,0,0,0,0,0,0,0,0,0,0,0,0,0,0,0,0,0,0,0,0
"ASV_842",0,0,0,0,0,0,0,0,0,0,0,0,0,0,0,0,0,0,0,0,0,0,0,0,0,0,0,0,0,0,0,0,0,0,0,0,0,0,0,0,0,0,0,0,0,0,131,0,0,0,0,0,0,0,0,0,0,0,0,0,0,0,0,0,0,0,0,0,0
"ASV_85",0,0,0,1285,665,52,0,0,0,0,0,0,0,0,0,0,0,0,0,0,0,0,0,0,0,0,0,0,0,0,0,0,0,0,0,0,0,0,0,0,0,0,0,0,0,1401,412,592,0,0,0,1763,388,2034,0,0,0,0,0,0,0,160,0,0,0,0,2665,0,193
"ASV_86",0,0,0,0,0,0,0,0,0,159,93,542,137,48,163,0,0,0,0,0,0,0,0,597,0,0,0,0,0,0,1639,4716,325,0,0,0,170,99,458,0,0,0,304,0,0,0,0,0,0,0,0,0,0,461,0,21,0,0,0,0,0,0,0,1044,0,0,0,0,0
"ASV_860",0,0,0,0,0,0,0,0,0,0,0,0,0,0,123,0,0,0,0,0,0,0,0,0,0,0,0,0,0,0,0,0,0,0,0,0,0,0,0,0,0,0,0,0,0,0,0,0,0,0,0,0,0,0,0,0,0,0,0,0,0,0,0,0,0,0,0,0,0
"ASV_861",0,0,0,0,0,0,0,0,0,0,0,0,0,0,0,0,0,0,0,0,0,0,0,0,0,0,0,0,0,0,0,0,0,0,0,0,0,0,0,0,0,0,0,0,123,0,0,0,0,0,0,0,0,0,0,0,0,0,0,0,0,0,0,0,0,0,0,0,0
"ASV_863",0,0,0,0,0,0,0,0,0,0,0,0,0,0,0,0,0,0,0,0,0,0,122,0,0,0,0,0,0,0,0,0,0,0,0,0,0,0,0,0,0,0,0,0,0,0,0,0,0,0,0,0,0,0,0,0,0,0,0,0,0,0,0,0,0,0,0,0,0
"ASV_88",2383,937,814,0,0,0,3478,0,0,0,0,0,0,0,0,376,0,0,0,13,0,637,0,183,0,0,0,0,0,0,0,0,0,0,0,165,0,0,0,0,111,1164,0,0,104,0,0,0,0,0,0,0,0,0,0,0,0,0,0,0,0,0,0,0,0,252,0,0,0
"ASV_89",0,0,0,571,393,480,2657,2352,2546,0,0,0,0,0,0,0,0,0,0,0,0,0,0,0,0,0,0,0,0,0,0,0,0,0,0,0,0,0,0,0,0,0,0,0,0,130,437,393,0,0,0,0,0,0,0,0,7,0,0,0,0,0,0,0,0,0,0,0,0
"ASV_891",0,0,0,0,0,0,0,0,0,0,0,0,0,0,0,0,0,0,0,0,0,0,0,0,0,0,0,0,0,0,0,0,0,0,0,0,0,0,0,115,0,0,0,0,0,0,0,0,0,0,0,0,0,0,0,0,0,0,0,0,0,0,0,0,0,0,0,0,0
"ASV_892",0,0,0,0,0,0,0,0,0,0,0,0,0,0,0,0,0,0,0,0,0,0,0,0,0,0,0,0,0,0,0,0,0,0,0,0,0,0,0,0,0,0,0,0,0,0,0,0,0,0,0,0,0,115,0,0,0,0,0,0,0,0,0,0,0,0,0,0,0
"ASV_893",0,114,0,0,0,0,0,0,0,0,0,0,0,0,0,0,0,0,0,0,0,0,0,0,0,0,0,0,0,0,0,0,0,0,0,0,0,0,0,0,0,0,0,0,0,0,0,0,0,0,0,0,0,0,0,0,0,0,0,0,0,0,0,0,0,0,0,0,0
"ASV_895",0,0,0,0,0,0,0,0,24,0,0,0,0,0,0,0,0,0,0,0,0,0,0,0,0,0,0,0,0,0,0,0,0,0,0,0,0,0,0,21,0,30,4,0,35,0,0,0,0,0,0,0,0,0,0,0,0,0,0,0,0,0,0,0,0,0,0,0,0
"ASV_899",0,0,0,0,0,0,0,0,0,0,0,0,0,0,0,0,0,0,0,0,0,0,0,0,0,0,0,0,0,0,0,0,0,0,0,113,0,0,0,0,0,0,0,0,0,0,0,0,0,0,0,0,0,0,0,0,0,0,0,0,0,0,0,0,0,0,0,0,0
"ASV_9",0,0,0,532,1944,221,1555,1391,3829,232,267,256,285,1209,3788,1081,622,0,0,0,68,634,394,4361,0,0,0,217,0,349,872,1760,463,0,822,0,0,0,101,1227,1696,4538,0,0,0,628,302,0,2356,6954,373,589,762,1478,111798,8295,71015,0,388,0,0,105,0,0,195,641,0,164,0
"ASV_902",0,0,0,0,0,0,0,0,0,0,0,0,0,0,0,0,0,0,0,0,0,0,0,0,0,0,0,0,0,0,0,0,0,0,0,0,0,0,0,0,0,0,0,0,0,0,0,0,0,0,112,0,0,0,0,0,0,0,0,0,0,0,0,0,0,0,0,0,0
"ASV_91",0,0,91,0,0,0,317,1266,0,144,585,467,0,361,1113,0,0,0,0,0,0,0,0,0,0,0,0,0,0,0,291,2093,0,0,0,0,260,282,175,87,0,0,0,0,0,0,0,0,0,276,0,0,0,100,961,8,510,0,0,0,11,75,0,0,498,0,0,0,0
"ASV_917",0,0,0,0,0,0,0,0,0,0,0,0,0,0,0,0,0,0,0,0,0,0,0,0,0,108,0,0,0,0,0,0,0,0,0,0,0,0,0,0,0,0,0,0,0,0,0,0,0,0,0,0,0,0,0,0,0,0,0,0,0,0,0,0,0,0,0,0,0
"ASV_922",0,0,0,0,0,0,0,0,0,0,0,0,0,106,0,0,0,0,0,0,0,0,0,0,0,0,0,0,0,0,0,0,0,0,0,0,0,0,0,0,0,0,0,0,0,0,0,0,0,0,0,0,0,0,0,0,0,0,0,0,0,0,0,0,0,0,0,0,0
"ASV_93",0,0,0,0,0,0,0,0,0,370,75,109,0,214,0,2135,827,0,0,0,0,0,0,87,0,0,0,0,659,463,416,742,602,0,0,0,0,193,0,0,0,0,0,0,0,0,0,0,0,0,0,435,605,0,0,0,0,0,0,0,0,0,0,749,698,0,0,0,0
"ASV_933",0,0,0,0,0,0,0,0,0,0,0,0,0,0,0,8,0,0,0,0,0,0,0,0,0,0,0,0,0,0,0,0,0,0,0,0,0,0,0,0,0,0,0,0,0,0,0,0,0,0,0,0,0,0,0,0,0,0,21,0,0,0,0,0,74,0,0,0,0
"ASV_94",0,0,0,0,0,0,0,0,0,0,0,0,0,0,0,0,0,0,0,0,0,0,0,0,0,0,0,0,0,0,0,0,0,0,0,0,0,0,0,0,0,0,0,53,44,0,0,0,0,0,0,6629,1396,1312,0,0,0,0,0,0,0,0,0,0,0,0,0,0,0
"ASV_942",0,0,0,0,0,0,0,0,0,0,0,0,0,0,0,0,0,0,0,0,0,0,0,0,0,0,0,0,0,0,0,0,0,0,0,0,0,0,0,0,0,0,0,0,0,0,0,0,0,0,0,0,0,0,101,0,0,0,0,0,0,0,0,0,0,0,0,0,0
"ASV_95",0,0,0,0,227,0,479,0,79,0,0,0,0,0,0,1958,1078,0,0,0,0,0,0,0,0,0,0,0,314,780,59,0,0,0,0,0,0,0,0,0,0,372,0,0,0,0,0,0,0,0,0,1826,402,0,0,0,19,0,0,0,0,86,0,0,739,453,0,0,0
"ASV_953",0,0,0,0,0,0,0,0,0,0,0,0,0,0,0,0,0,0,0,0,0,0,0,0,0,0,0,0,0,0,0,0,0,0,0,0,0,0,0,0,0,0,0,0,0,0,0,0,0,0,0,0,0,0,98,0,0,0,0,0,0,0,0,0,0,0,0,0,0
"ASV_954",0,0,0,0,0,0,0,0,0,0,0,0,0,0,0,0,0,0,0,0,0,0,0,0,0,0,0,0,0,0,0,0,0,0,0,0,0,0,0,0,0,0,0,0,0,0,0,0,0,0,0,0,0,0,0,0,0,98,0,0,0,0,0,0,0,0,0,0,0
"ASV_956",0,0,0,0,0,0,0,0,0,0,0,0,0,97,0,0,0,0,0,0,0,0,0,0,0,0,0,0,0,0,0,0,0,0,0,0,0,0,0,0,0,0,0,0,0,0,0,0,0,0,0,0,0,0,0,0,0,0,0,0,0,0,0,0,0,0,0,0,0
"ASV_97",0,0,0,0,0,0,0,0,0,0,0,0,135,800,1484,0,0,0,15,50,1064,0,0,0,0,0,0,0,632,0,512,443,821,0,0,0,187,223,213,0,0,345,0,0,0,0,0,0,331,178,0,0,0,0,0,0,0,0,0,0,0,0,66,0,0,0,0,0,0
"ASV_98",589,1062,3276,0,0,0,0,0,0,0,0,0,0,0,0,0,0,0,0,0,0,0,0,0,28,23,0,0,0,0,0,0,0,0,0,0,0,0,0,0,0,0,3466,216,640,0,0,0,0,0,0,0,0,0,0,0,0,0,0,0,0,0,0,0,0,0,0,0,0
"ASV_980",0,0,0,92,0,0,0,0,0,0,0,0,0,0,0,0,0,0,0,0,0,0,0,0,0,0,0,0,0,0,0,0,0,0,0,0,0,0,0,0,0,0,0,0,0,0,0,0,0,0,0,0,0,0,0,0,0,0,0,0,0,0,0,0,0,0,0,0,0
"ASV_981",0,0,0,0,0,0,0,0,0,0,0,0,0,0,0,0,0,0,0,0,0,0,0,0,0,0,0,0,0,0,0,0,0,0,0,0,0,0,0,0,92,0,0,0,0,0,0,0,0,0,0,0,0,0,0,0,0,0,0,0,0,0,0,0,0,0,0,0,0
"ASV_983",0,0,0,0,0,0,0,0,0,0,0,0,0,0,0,0,0,0,0,0,0,0,0,0,0,0,0,0,0,0,0,0,0,0,0,0,0,0,0,0,0,0,0,0,0,0,0,92,0,0,0,0,0,0,0,0,0,0,0,0,0,0,0,0,0,0,0,0,0
"ASV_988",0,0,0,0,0,0,0,0,0,0,0,0,90,0,0,0,0,0,0,0,0,0,0,0,0,0,0,0,0,0,0,0,0,0,0,0,0,0,0,0,0,0,0,0,0,0,0,0,0,0,0,0,0,0,0,0,0,0,0,0,0,0,0,0,0,0,0,0,0
"ASV_99",0,0,0,0,0,0,0,0,0,66,0,285,0,0,0,0,0,0,0,0,0,0,0,0,0,0,0,0,0,0,0,0,258,0,0,0,301,220,371,412,346,439,0,0,114,0,0,0,0,0,62,0,0,0,0,0,0,785,0,0,982,113,2724,0,0,203,0,0,0
"ASV_992",0,0,0,0,0,0,0,0,0,0,0,0,0,0,0,0,0,0,0,0,0,0,0,0,0,0,0,0,0,0,0,0,0,0,0,0,0,0,0,0,0,0,0,0,0,0,0,90,0,0,0,0,0,0,0,0,0,0,0,0,0,0,0,0,0,0,0,0,0
