"","Start","End","eDNA_Distance","GeographicDistance","TempDistance","OceanResistance","GeographicDistance_scaled","TempDistance_scaled","OceanResistance_scaled"
"1","BAR","CDOU",0.646616541353384,120608.901389799,4.006,-0.119059885769354,-0.350647621700874,1.67594639449484,-0.874217071905544
"2","BAR","CHAM",0.618320610687023,99633.5065436687,3.17,-0.122350565640489,-0.646362205448198,1.3261982203067,-0.898278366294059
"3","BAR","CMAR",0.551724137931034,155809.298978161,-0.290999999999997,-0.130164198826985,0.145613402081624,-0.121742486469794,-0.955411279766831
"4","BAR","CORA",0.639344262295082,206664.553912996,-0.939,-0.106424311714089,0.862579192463072,-0.392839157371607,-0.781826356607327
"5","BAR","CUEV",0.574074074074074,93130.0394274876,0.171000000000003,0.0610482457727162,-0.738049159867113,0.0715393992657572,0.442725002227106
"6","BAR","DAPH",0.558441558441559,115059.064292759,-0.0779999999999994,-0.0741510980641595,-0.428890142476087,-0.0326320066826253,-0.545846156495503
"7","BAR","EGAS",0.552631578947368,115835.655514661,-0.18,-0.12981784223981,-0.417941631060153,-0.0753046308060589,-0.95287873690828
"8","BAR","ELI",0.483870967741935,110252.20485986,3.307,-0.0475396286701756,-0.49665804132896,1.38351341153132,-0.3512643605523
"9","BAR","GARD",0.525252525252525,178589.690405996,0.244,0.0587041340728247,0.466775126001502,0.102079610648213,0.425584969194601
"10","BAR","PCAL",0.590909090909091,180324.874081443,-0.767,-0.148345096852818,0.491238032281649,-0.320881399045818,-1.08834913965542
"11","BAR","PESP",0.523809523809524,125077.227256179,3.338,-0.049822922017844,-0.287652425027962,1.39648254239236,-0.367959692691867
"12","BAR","PIN",0.629310344827586,212944.033983829,-0.667999999999999,-0.181273307946817,0.951108340491891,-0.279463852102485,-1.32911864986201
"13","BAR","PLAZ",0.615942028985507,132546.410221053,-0.0729999999999968,-0.0670347396656907,-0.182350648942551,-0.0305402113824559,-0.49381168304164
"14","BAR","PMAN",0.5,101105.67237504,2.488,-0.0558199692556079,-0.625607368210352,1.04087734136375,-0.411809816283469
"15","BAR","PMOR",0.6,77408.4695017008,4.189,-0.0802253237083127,-0.959694451436735,1.752506102481,-0.590260604916408
"16","BAR","PROJ",0.607476635514019,97683.1649810201,-0.323999999999998,-0.111157646345363,-0.673858443187443,-0.135548335450905,-0.816436273847059
"17","BAR","PVIC",0.587301587301587,151033.592675261,2.684,-0.0982174493049467,0.0782847052050507,1.12287571713034,-0.721818169799322
"18","BAR","RED",0.696428571428571,183384.971594714,1.379,-0.095820188944535,0.534379792854041,0.576917143786418,-0.704289516294086
"19","BAR","SOMB",0.595505617977528,107988.457712814,-0.552999999999997,-0.0913879950341202,-0.528572722802591,-0.231352560198613,-0.671881525653328
"20","BAR","STAFE",0.583333333333333,130632.714014179,0.142000000000003,-0.0472929314422641,-0.209330254398654,0.059406986524781,-0.349460522179058
"21","BAR","SUAR",0.64,169021.311627888,0.867000000000001,0.0592602705582116,0.33187854034667,0.362717305049184,0.429651412671059
"22","BAR","TOR",0.55952380952381,31828.5597494627,0.204000000000001,-0.0769823273042434,-1.60228755342596,0.0853452482468672,-0.56654796976655
"23","CDOU","BAR",0.568807339449541,120608.901389799,-4.006,0.119282143994128,-0.350647621700874,-1.67594639449484,0.8685284906755
"24","CDOU","CHAM",0.381679389312977,21444.4233102277,-0.835999999999999,0.101141377724615,-1.74868482543108,-0.34974817418814,0.735884072276502
"25","CDOU","CMAR",0.456896551724138,93108.7268664709,-4.297,0.0668025975163174,-0.738349627875267,-1.79768888096464,0.48480054793192
"26","CDOU","CORA",0.549180327868853,225021.935018026,-4.945,0.120161092051579,1.12138458573396,-2.06878555186645,0.87495531698214
"27","CDOU","CUEV",0.527777777777778,211233.884182482,-3.835,0.0993277842856157,0.926998365906874,-1.60440699522909,0.722623163483879
"28","CDOU","DAPH",0.415584415584416,197378.024671567,-4.084,0.156158483875903,0.731656168165717,-1.70857840117747,1.13816653041599
"29","CDOU","EGAS",0.394736842105263,141049.075698222,-4.186,0.158649550288312,-0.0624786655654348,-1.7512510253009,1.15638108930276
"30","CDOU","ELI",0.494623655913978,79076.9028433213,-0.698999999999998,0.0733904849398842,-0.936172602396621,-0.292432982963528,0.532970866803491
"31","CDOU","GARD",0.545454545454545,296693.535160989,-3.762,0.0870248772639654,2.13182265177547,-1.57386678384663,0.632664893681004
"32","CDOU","PCAL",0.509090909090909,165931.306263147,-4.773,0.116826623036574,0.288315133940523,-1.99682779354066,0.850573838460577
"33","CDOU","PESP",0.380952380952381,25875.9476186677,-0.667999999999999,0.0420322499952052,-1.68620846320526,-0.279463852102485,0.303680947377847
"34","CDOU","PIN",0.5,148033.869524075,-4.674,0.00448189260849732,0.0359941123691392,-1.95541024659733,0.029114523764029
"35","CDOU","PLAZ",0.492753623188406,225362.595745641,-4.079,0.144430140575132,1.12618727698267,-1.7064866058773,1.05240944315727
"36","CDOU","PMAN",0.492307692307692,49325.3396768085,-1.518,0.0876877479603743,-1.35561505781436,-0.635069053131097,0.637511772621651
"37","CDOU","PMOR",0.472727272727273,62681.0196674565,0.183,0.117845256164769,-1.16732447362898,0.0765597079861599,0.858022035347301
"38","CDOU","PROJ",0.448598130841122,164966.322086961,-4.33,0.168212525380908,0.274710627513973,-1.81149472994575,1.22630510742173
"39","CDOU","PVIC",0.476190476190476,31429.0214484969,-1.322,-0.015706306313937,-1.60792031043616,-0.553070677364499,-0.118500624615338
"40","CDOU","RED",0.473214285714286,63780.4032224433,-2.627,-0.0498578025777667,-1.15182518254405,-1.09902925070843,-0.368214737683663
"41","CDOU","SOMB",0.370786516853933,180031.249250817,-4.559,0.155760038259085,0.487098460883665,-1.90729895469346,1.13525311505518
"42","CDOU","STAFE",0.385416666666667,249386.427344821,-3.864,0.0313985511863054,1.46487922597728,-1.61653940797006,0.225927848474463
"43","CDOU","SUAR",0.528,287125.156382882,-3.139,0.0882768134221684,1.99692606612065,-1.31322908944566,0.641818991204249
"44","CDOU","TOR",0.333333333333333,150582.377636769,-3.802,0.0779010231893818,0.0719234010071081,-1.59060114624798,0.56595170751784
"45","CHAM","BAR",0.541284403669725,99633.5065436686,-3.17,0.123701995355675,-0.6463622054482,-1.3261982203067,0.900846233187165
"46","CHAM","CDOU",0.390977443609023,21444.4233102277,0.835999999999999,-0.0951036162143652,-1.74868482543108,0.34974817418814,-0.699049970641943
"47","CHAM","CMAR",0.517241379310345,113548.818633417,-3.461,0.0379899850143755,-0.450181835423212,-1.4479407067765,0.274124098486746
"48","CHAM","CORA",0.573770491803279,245462.026784971,-4.109,0.101674478809505,1.409552378186,-1.71903737767831,0.739782082002362
"49","CHAM","CUEV",0.490740740740741,190258.489336351,-2.999,0.099862718096636,0.63128378215954,-1.25465882104095,0.726534574015858
"50","CHAM","DAPH",0.415584415584416,212837.53110184,-3.248,0.0153539961577469,0.949606845256816,-1.35883022698933,0.108610826766813
"51","CHAM","EGAS",0.447368421052632,161489.167465168,-3.35,0.12569663753109,0.225689126886618,-1.40150285111276,0.915430961711928
"52","CHAM","ELI",0.473118279569892,62774.6024325936,0.137,0.101786588840561,-1.16600512833696,0.0573151912246115,0.740601825206435
"53","CHAM","GARD",0.525252525252525,275718.140314859,-2.926,0.085539421628174,1.83610806802815,-1.22411860965849,0.621803312866846
"54","CHAM","PCAL",0.518181818181818,186371.398030093,-3.937,0.0947447581034205,0.576482926392575,-1.64707961935252,0.689112294460319
"55","CHAM","PESP",0.352380952380952,46670.76800231,0.167999999999999,-0.0195696677407271,-1.39303964807883,0.0702843220856545,-0.146749339245596
"56","CHAM","PIN",0.517241379310345,168473.961291021,-3.838,-0.00701803014089263,0.324161904821192,-1.60566207240919,-0.0549723633091917
"57","CHAM","PLAZ",0.528985507246377,230324.800436299,-3.243,0.0139225958462155,1.19614525895781,-1.35673843168916,0.0981444959074428
"58","CHAM","PMAN",0.438461538461538,28432.7299304803,-0.681999999999999,0.080086542467871,-1.6501625235404,-0.285320878942956,0.581932120323345
"59","CHAM","PMOR",0.436363636363636,41788.4099211284,1.019,0.127522878596631,-1.46187193935502,0.4263078821743,0.928784349347056
"60","CHAM","PROJ",0.495327102803738,185406.413853906,-3.494,0.138661998600339,0.562878419966012,-1.46174655575761,1.01023306393921
"61","CHAM","PVIC",0.476190476190476,51869.1145956896,-0.486000000000001,-0.0443822549492979,-1.31975249852516,-0.203322503176359,-0.328177794381281
"62","CHAM","RED",0.4375,84220.4935151424,-1.791,-0.0624217026488227,-0.863657410876171,-0.749281076520286,-0.460081376225227
"63","CHAM","SOMB",0.48314606741573,200471.341017763,-3.723,0.130743061778583,0.775266253335718,-1.55755078050532,0.952330175304039
"64","CHAM","STAFE",0.4375,228411.032498691,-3.028,0.0250514336338397,1.16916464222996,-1.26679123378192,0.179518027425625
"65","CHAM","SUAR",0.544,266149.761536752,-2.303,0.0870450627483831,1.70121148237333,-0.96348091525752,0.632812488981054
"66","CHAM","TOR",0.345238095238095,129606.982790638,-2.966,0.0740113647565424,-0.223791182740225,-1.24085297205984,0.537510710432627
"67","CMAR","BAR",0.522935779816514,155809.29897816,0.290999999999997,0.126623219923518,0.14561340208161,0.121742486469794,0.922206088005734
"68","CMAR","CDOU",0.526315789473684,93108.7268664709,4.297,-0.061349200648992,-0.738349627875267,1.79768888096464,-0.452239292716418
"69","CMAR","CHAM",0.572519083969466,113548.818633417,3.461,-0.0343543517539964,-0.450181835423212,1.4479407067765,-0.254854244133151
"70","CMAR","CORA",0.426229508196721,146792.602895151,-0.648000000000003,0.113431723359923,0.0184945302547447,-0.271096670901813,0.8257504938211
"71","CMAR","CUEV",0.407407407407407,169741.60936788,0.462,0.214807372711184,0.342033416949394,0.193281885735551,1.56700441045512
"72","CMAR","DAPH",0.415584415584416,109412.224228334,0.212999999999997,0.159132836989461,-0.508500227119963,0.0891104797871684,1.15991485862879
"73","CMAR","EGAS",0.328947368421053,49319.4507558268,0.110999999999997,0.287818027734398,-1.35569808079579,0.0464378556637351,2.10085484039862
"74","CMAR","ELI",0.559139784946237,146708.891915192,3.598,0.0211874170761261,0.0173143590219623,1.50525589800111,0.151264522509277
"75","CMAR","GARD",0.373737373737374,235199.288353758,0.534999999999997,0.210131055858352,1.26486659536491,0.223822097118007,1.53281140449396
"76","CMAR","PCAL",0.4,87702.0116386167,-0.476000000000003,0.103058851438196,-0.814574392880831,-0.199138912576024,0.749904548686077
"77","CMAR","PESP",0.514285714285714,93908.0114130493,3.629,-0.0219861920743993,-0.727081182216867,1.51822502886215,-0.16441885000522
"78","CMAR","PIN",0.370689655172414,83482.3183047131,-0.377000000000002,-0.100664007167661,-0.874064327012244,-0.157721365632691,-0.739707284291945
"79","CMAR","PLAZ",0.442028985507246,137396.795302408,0.218,0.140307821313152,-0.11396911830301,0.091202275087338,1.02226724117767
"80","CMAR","PMAN",0.515384615384615,117479.515750502,2.779,-0.00809535889846295,-0.394766217727222,1.16261982783354,-0.0628497398405562
"81","CMAR","PMOR",0.590909090909091,146835.677638526,4.48,-0.0028623280888193,0.0191018051070464,1.8742485889508,-0.0245860679594096
"82","CMAR","PROJ",0.383177570093458,73236.625953135,-0.0330000000000013,0.271721209996229,-1.01850979138495,-0.0138058489811113,1.98315567624906
"83","CMAR","PVIC",0.547619047619048,68052.1077080625,2.975,-0.0949915693736863,-1.09160198659837,1.24461820360014,-0.698230689482896
"84","CMAR","RED",0.491071428571429,57734.2876795352,1.67,-0.25472000598436,-1.23706431888332,0.698659630256213,-1.86615740554508
"85","CMAR","SOMB",0.337078651685393,88301.5796866186,-0.262,0.230720383104643,-0.806121583432251,-0.109610073728819,1.68335958406015
"86","CMAR","STAFE",0.385416666666667,166268.65659415,0.433,0.169241343007718,0.293071154670592,0.181149472994575,1.23382777287695
"87","CMAR","SUAR",0.456,227021.617217471,1.158,0.211937903929676,1.14957643592671,0.484459791518979,1.54602299147962
"88","CMAR","TOR",0.44047619047619,128765.969123634,0.494999999999997,0.140379606585479,-0.235647932436157,0.207087734716661,1.02279213166774
"89","CORA","BAR",0.596330275229358,206664.553912996,0.939,0.105269373901654,0.862579192463072,0.392839157371607,0.766067783588457
"90","CORA","CDOU",0.586466165413534,225021.935018026,4.945,-0.117850298314751,1.12138458573396,2.06878555186645,-0.865372626084742
"91","CORA","CHAM",0.603053435114504,245462.026784972,4.109,-0.10132337111933,1.40955237818601,1.71903737767831,-0.744528522082181
"92","CORA","CMAR",0.396551724137931,146792.602895152,0.648000000000003,-0.111527430504891,0.0184945302547586,0.271096670901813,-0.819140117998129
"93","CORA","CUEV",0.5,183234.884484689,1.11,0.187750304461237,0.532263839967697,0.464378556637363,1.36916441691373
"94","CORA","DAPH",0.454545454545455,93090.5444246004,0.861000000000001,0.147523246230726,-0.738605966946292,0.360207150688982,1.07502608429786
"95","CORA","EGAS",0.355263157894737,121182.880825793,0.759,-0.00748550721318722,-0.342555564734147,0.317534526565548,-0.0583905333825029
"96","CORA","ELI",0.634408602150538,278622.100066748,4.246,-0.0629633731912582,1.8770485726312,1.77635256890292,-0.464042045416251
"97","CORA","GARD",0.474747474747475,194435.049383833,1.183,0.211525790859874,0.690165616089102,0.49491876801982,1.54300964035396
"98","CORA","PCAL",0.390909090909091,59523.0259493663,0.172000000000001,-0.118922644218725,-1.21184639107903,0.07195775832579,-0.873213568228087
"99","CORA","PESP",0.542857142857143,225821.219564605,4.277,-0.100873781509822,1.13265303139237,1.78932169976397,-0.741241144284273
"100","CORA","PIN",0.362068965517241,101756.235031984,0.271000000000001,-0.175423694597061,-0.61643562833556,0.113375305269122,-1.28634655583303
"101","CORA","PLAZ",0.507246376811594,102390.29357683,0.866000000000003,0.173293588704555,-0.607496566161236,0.362298945989151,1.26345760028783
"102","CORA","PMAN",0.584615384615385,249392.723902057,3.427,-0.0872841140254568,1.464967995882,1.43371649873535,-0.64187414330324
"103","CORA","PMOR",0.654545454545455,278748.885790082,5.128,-0.0758277082580198,1.87883601871629,2.14534525985261,-0.558105450328101
"104","CORA","PROJ",0.420560747663551,119096.447581044,0.615000000000002,0.0627164919789678,-0.371970445503428,0.257290821920702,0.454923138980924
"105","CORA","PVIC",0.53968253968254,199965.315859618,3.623,-0.136723626557131,0.768132227010863,1.51571487450195,-1.00337350271646
"106","CORA","RED",0.526785714285714,184756.000113023,2.318,-0.200448443615682,0.553708779534464,0.969756301158025,-1.46932632801246
"107","CORA","SOMB",0.415730337078652,99257.6290682036,0.386000000000003,0.073862326963018,-0.651661388229382,0.161486597172994,0.536420953189311
"108","CORA","STAFE",0.375,124425.565130288,1.081,0.190792441653231,-0.29683966539771,0.452246143896387,1.39140837907757
"109","CORA","SUAR",0.528,190877.4893835,1.806,0.209617349021043,0.640010547144182,0.755556462420791,1.52905520458211
"110","CORA","TOR",0.547619047619048,179372.276396831,1.143,0.11843908402454,0.477808152660781,0.478184405618474,0.862364076356937
"111","CUEV","BAR",0.577981651376147,93130.0394274876,-0.171000000000003,-0.060859579781961,-0.738049159867113,-0.0715393992657572,-0.448659208271337
"112","CUEV","CDOU",0.616541353383459,211233.884182482,3.835,-0.099206685570986,0.926998365906874,1.60440699522909,-0.729051418230978
"113","CUEV","CHAM",0.580152671755725,190258.489336352,2.999,-0.0986378484621906,0.631283782159555,1.25465882104095,-0.724892108401451
"114","CUEV","CMAR",0.448275862068966,169741.609367881,-0.462,-0.216174658322232,0.342033416949408,-0.193281885735551,-1.58431566045724
"115","CUEV","CORA",0.557377049180328,183234.884484689,-1.11,-0.188232922759398,0.532263839967697,-0.464378556637363,-1.38000702168604
"116","CUEV","DAPH",0.441558441558442,106656.050194619,-0.249000000000002,-0.190672547928592,-0.547357224239403,-0.104171405948382,-1.39784544465405
"117","CUEV","EGAS",0.355263157894737,123968.521335738,-0.351000000000003,-0.253740535106888,-0.303283144362044,-0.146844030071816,-1.85899556116922
"118","CUEV","ELI",0.53763440860215,200877.187652543,3.136,-0.0585794184732156,0.780987946278789,1.31197401226556,-0.431986777451106
"119","CUEV","GARD",0.434343434343434,86677.1583135663,0.0729999999999968,0.0542111138417554,-0.829022944464367,0.0305402113824559,0.392732219396116
"120","CUEV","PCAL",0.472727272727273,176065.007283023,-0.938000000000002,-0.227326611024135,0.431181726006861,-0.392420798311574,-1.66585820712701
"121","CUEV","PESP",0.457142857142857,215702.210048862,3.167,-0.0591592226824904,0.989993562579786,1.3249431431266,-0.436226278196661
"122","CUEV","PIN",0.517241379310345,216477.630324495,-0.839000000000002,-0.244660942656914,1.00092556580166,-0.351003251368242,-1.79260601389576
"123","CUEV","PLAZ",0.521739130434783,81285.5726333173,-0.244,-0.15415668536526,-0.905034410606899,-0.102079610648213,-1.13084319788617
"124","CUEV","PMAN",0.561538461538462,191730.655167723,2.317,-0.064188207539962,0.652038619397396,0.969337942097991,-0.472997975800072
"125","CUEV","PMOR",0.563636363636364,168033.452294384,4.018,-0.0749079098349126,0.317951536171016,1.68096670321525,-0.551379928094654
"126","CUEV","PROJ",0.485981308411215,102317.638314987,-0.495000000000001,-0.253065375263302,-0.608520872052522,-0.207087734716662,-1.8540588245701
"127","CUEV","PVIC",0.547619047619048,237687.628164734,2.513,-0.186641347463851,1.29994762133951,1.05133631786459,-1.36836949897727
"128","CUEV","RED",0.571428571428571,227369.808136206,1.208,-0.229851615348529,1.15448528905456,0.505377744520662,-1.68432091840878
"129","CUEV","SOMB",0.438202247191011,104692.663014474,-0.724,-0.216606895880424,-0.575037381250537,-0.30289195946437,-1.5874761608829
"130","CUEV","STAFE",0.4375,65664.5084113361,-0.0289999999999999,-0.140830105560715,-1.1252627561508,-0.0121324127409761,-1.03339988148159
"131","CUEV","SUAR",0.512,77108.7795354578,0.695999999999998,0.0550936727495886,-0.963919530119206,0.291177905783427,0.399185448068662
"132","CUEV","TOR",0.380952380952381,62817.5887540066,0.0329999999999977,-0.137253190799418,-1.1653991000721,0.0138058489811098,-1.00724565121777
"133","DAPH","BAR",0.688073394495413,115059.064292759,0.0779999999999994,0.0723283168922271,-0.428890142476087,0.0326320066826253,0.525204344660474
"134","DAPH","CDOU",0.661654135338346,197378.024671567,4.084,-0.153669991626442,0.731656168165717,1.70857840117747,-1.12728451646308
"135","DAPH","CHAM",0.656488549618321,212837.53110184,3.248,-0.0159722270838568,0.949606845256816,1.35883022698933,-0.120445024611577
"136","DAPH","CMAR",0.612068965517241,109412.224228334,-0.212999999999997,-0.158680655131523,-0.508500227119963,-0.0891104797871684,-1.16392224921098
"137","DAPH","CORA",0.655737704918033,93090.5444246003,-0.861000000000001,-0.147978859975666,-0.738605966946293,-0.360207150688982,-1.08567123306402
"138","DAPH","CUEV",0.601851851851852,106656.050194618,0.249000000000002,0.19030939366517,-0.547357224239417,0.104171405948382,1.38787635521026
"139","DAPH","EGAS",0.486842105263158,63541.2752317174,-0.102,-0.104333975526886,-1.15519644848486,-0.0426726241234334,-0.766541918029013
"140","DAPH","ELI",0.67741935483871,223456.229418031,3.385,0.0163553642574372,1.09931100937605,1.41614541821394,0.115932782587938
"141","DAPH","GARD",0.565656565656566,136016.337532812,0.321999999999999,0.152122448742202,-0.13343104012672,0.134711617330838,1.10865523387018
"142","DAPH","PCAL",0.590909090909091,82198.8905900042,-0.689,-0.252304003517478,-0.892158303083209,-0.288249392363192,-1.84849171065056
"143","DAPH","PESP",0.571428571428571,198177.309218145,3.416,-0.135029529996548,0.742924613824111,1.42911454907498,-0.990986349403761
"144","DAPH","PIN",0.629310344827586,125034.853576517,-0.59,-0.291990881734194,-0.288249816168154,-0.24683184541986,-2.13868027274978
"145","DAPH","PLAZ",0.601449275362319,27984.5749673343,0.00500000000000256,0.0530971622661054,-1.65648068629029,0.00209179530016938,0.384587058564345
"146","DAPH","PMAN",0.653846153846154,214309.696933211,2.566,0.0144430125628595,0.970361682494659,1.07350934804637,0.101949758137207
"147","DAPH","PMOR",0.7,190612.494059872,4.267,0.0143866452757468,0.636274599268278,1.78513810916363,0.101537603220225
"148","DAPH","PROJ",0.532710280373832,39744.7586191609,-0.245999999999999,-0.0370960815671683,-1.49068367322317,-0.10291632876828,-0.274901641860036
"149","DAPH","PVIC",0.666666666666667,172321.405513158,2.762,-0.179710535743249,0.378403809442605,1.15550772381297,-1.31769173398907
"150","DAPH","RED",0.660714285714286,162003.586226211,1.457,-0.237666181097107,0.232941487612581,0.609549150469043,-1.74146065073105
"151","DAPH","SOMB",0.50561797752809,23745.5776951812,-0.474999999999998,-0.0601016490279414,-1.71624277053406,-0.198720553515988,-0.443117254719871
"152","DAPH","STAFE",0.489583333333333,57043.1004615369,0.220000000000002,0.070038941836902,-1.24680879053504,0.0920389932074061,0.508464543364367
"153","DAPH","SUAR",0.648,129642.089343229,0.945,0.151329526864462,-0.223296244758728,0.395349311731809,1.1028574268897
"154","DAPH","TOR",0.5,87766.7867765936,0.282,0.0877552953692056,-0.813661182278384,0.117977254929492,0.63800567605581
"155","EGAS","BAR",0.688073394495413,115835.655514661,0.18,0.130421612177894,-0.417941631060153,0.0753046308060589,0.949979751143641
"156","EGAS","CDOU",0.654135338345865,141049.075698222,4.186,-0.155932655169938,-0.0624786655654348,1.7512510253009,-1.14382900445773
"157","EGAS","CHAM",0.679389312977099,161489.167465168,3.35,-0.125093048547204,0.225689126886618,1.40150285111276,-0.918331270605039
"158","EGAS","CMAR",0.560344827586207,49319.4507558268,-0.110999999999997,-0.290855737716037,-1.35569808079579,-0.046437855663735,-2.1303801537884
"159","EGAS","CORA",0.598360655737705,121182.880825793,-0.759,0.0083748844886169,-0.342555564734147,-0.317534526565548,0.0575798948568867
"160","EGAS","CUEV",0.546296296296296,123968.521335738,0.351000000000003,0.253969147023503,-0.303283144362044,0.146844030071816,1.85335343783111
"161","EGAS","DAPH",0.493506493506494,63541.2752317175,0.102,0.105628718258706,-1.15519644848486,0.0426726241234334,0.768695292401369
"162","EGAS","ELI",0.698924731182796,194649.240746943,3.487,-0.0666603880204614,0.693185321331792,1.45881804233737,-0.491074441652802
"163","EGAS","GARD",0.515151515151515,189423.640584357,0.424,0.184970110626065,0.619513946454473,0.177384241454272,1.34883577209112
"164","EGAS","PCAL",0.554545454545455,74496.0124158563,-0.587,-0.1237731368006,-1.00075475285849,-0.245576768239759,-0.908680138819028
"165","EGAS","PESP",0.571428571428571,141848.3602448,3.518,-0.129494379829776,-0.0512102199070408,1.47178717319842,-0.95051359518188
"166","EGAS","PIN",0.586206896551724,97683.4206532497,-0.488,-0.237794023539018,-0.673854838678088,-0.204159221296426,-1.74239542857351
"167","EGAS","PLAZ",0.615942028985507,90952.875702617,0.107000000000003,0.0973665750142755,-0.768743173942784,0.0447644194236029,0.708282894760345
"168","EGAS","PMAN",0.661538461538462,165419.864582253,2.668,-0.103669358432967,0.281104744582608,1.11618197216981,-0.761682269513003
"169","EGAS","PMOR",0.7,191389.085281774,4.369,0.0497545386711726,0.647223110684212,1.82781073328706,0.360145954142987
"170","EGAS","PROJ",0.570093457943925,25975.7168098668,-0.143999999999998,0.203198684853046,-1.68480190065601,-0.0602437046448463,1.48212223809032
"171","EGAS","PVIC",0.642857142857143,115992.456539814,2.864,-0.195041115804649,-0.415731024288533,1.1981803479364,-1.42978820476391
"172","EGAS","RED",0.589285714285714,105674.636511286,1.559,-0.290366875238773,-0.561193356573489,0.652221774592477,-2.12680561465316
"173","EGAS","SOMB",0.460674157303371,41040.6391375889,-0.372999999999998,0.132521767400731,-1.47241413546694,-0.156047929392554,0.965335986042549
"174","EGAS","STAFE",0.5625,120011.40119682,0.322000000000003,0.0927750108454944,-0.359071278187528,0.13471161733084,0.674709596385778
"175","EGAS","SUAR",0.616,181245.969448069,1.047,0.184684586703713,0.504223787016256,0.438021935855242,1.34674803477856
"176","EGAS","TOR",0.571428571428571,88792.3256601343,0.384,0.148981214599431,-0.79920296557793,0.160649879052926,1.08568667952509
"177","ELI","BAR",0.559633027522936,110252.20485986,-3.307,0.0477442771792102,-0.49665804132896,-1.38351341153132,0.345447017920023
"178","ELI","CDOU",0.646616541353384,79076.9028433212,0.698999999999998,-0.0722705658398869,-0.936172602396622,0.292432982963528,-0.532095794495172
"179","ELI","CHAM",0.625954198473282,62774.6024325936,-0.137,-0.10098843427178,-1.16600512833696,-0.0573151912246115,-0.742079479815519
"180","ELI","CMAR",0.646551724137931,146708.891915192,-3.598,-0.0176825396238854,0.0173143590219623,-1.50525589800111,-0.13295074839315
"181","ELI","CORA",0.721311475409836,278622.100066746,-4.246,0.0647929363213379,1.87704857263117,-1.77635256890292,0.470106001051886
"182","ELI","CUEV",0.601851851851852,200877.187652542,-3.136,0.0592004614798254,0.780987946278774,-1.31197401226556,0.429214091540317
"183","ELI","DAPH",0.61038961038961,223456.229418031,-3.385,-0.0164700732830955,1.09931100937605,-1.41614541821394,-0.124085252293753
"184","ELI","EGAS",0.631578947368421,194649.240746943,-3.487,0.0696595882945666,0.693185321331792,-1.45881804233737,0.505690728342272
"185","ELI","GARD",0.616161616161616,286336.83863105,-3.063,0.0584087664271859,1.98581223214738,-1.2814338008831,0.423425255046501
"186","ELI","PCAL",0.690909090909091,219531.471311868,-4.074,0.0478629414368679,1.04397912083775,-1.70439481057713,0.346314685316643
"187","ELI","PESP",0.504761904761905,53200.9552246535,0.0309999999999988,-0.0885369203320017,-1.30097598918643,0.012969130861043,-0.651034603309691
"188","ELI","PIN",0.732758620689655,201634.034572797,-3.975,-0.0404019730676304,0.79165809926638,-1.6629772636338,-0.299074162957225
"189","ELI","PLAZ",0.673913043478261,240943.49875249,-3.38,-0.0159671754193812,1.34584942307704,-1.41405362291377,-0.120408087081687
"190","ELI","PMAN",0.484615384615385,37317.8833873664,-0.818999999999999,-0.0941957189768616,-1.52489816140045,-0.342636070167567,-0.692411469310436
"191","ELI","PMOR",0.545454545454545,33055.8968947919,0.881999999999998,-0.0229582270836103,-1.58498435147381,0.368992690949688,-0.171526323666734
"192","ELI","PROJ",0.644859813084112,206080.330106292,-3.631,-0.0285946538827027,0.854342708664693,-1.51906174698222,-0.212739607797439
"193","ELI","PVIC",0.587301587301587,80756.1779335356,-0.623000000000001,-0.109643805547309,-0.912497904592704,-0.260637694400971,-0.805367142079234
"194","ELI","RED",0.714285714285714,118756.951219679,-1.928,-0.0960314947987388,-0.376756721324277,-0.806596267744897,-0.705834574629481
"195","ELI","SOMB",0.629213483146067,216385.622838086,-3.86,-0.022604499164735,0.999628429049547,-1.61486597172993,-0.168939881982099
"196","ELI","STAFE",0.645833333333333,239029.730814882,-3.165,-0.00558908758079554,1.31886880634919,-1.32410642500654,-0.0445240034111762
"197","ELI","SUAR",0.68,276768.459852943,-2.44,0.0588217171881037,1.85091564649257,-1.02079610648213,0.426444731329674
"198","ELI","TOR",0.535714285714286,140225.681106829,-3.103,0.018645372726416,-0.0740870186209913,-1.29816816328445,0.132677215374493
"199","GARD","BAR",0.568807339449541,178589.690405996,-0.244,-0.0584932053079466,0.466775126001502,-0.102079610648213,-0.431356390895459
"200","GARD","CDOU",0.661654135338346,296693.535160991,3.762,-0.0863982252407212,2.1318226517755,1.57386678384663,-0.63539656672948
"201","GARD","CHAM",0.641221374045801,275718.14031486,2.926,-0.0854328713438261,1.83610806802816,1.22411860965849,-0.628337945042807
"202","GARD","CMAR",0.46551724137931,235199.288353758,-0.534999999999997,-0.210422041089481,1.26486659536491,-0.223822097118007,-1.5422527974131
"203","GARD","CORA",0.573770491803279,194435.049383832,-1.183,-0.211047211118802,0.690165616089089,-0.49491876801982,-1.54682401087276
"204","GARD","CUEV",0.481481481481482,86677.1583135665,-0.0729999999999968,-0.051730420174608,-0.829022944464364,-0.0305402113824559,-0.381907228305417
"205","GARD","DAPH",0.441558441558442,136016.337532812,-0.321999999999999,-0.152474632463598,-0.13343104012672,-0.134711617330838,-1.11854410723352
"206","GARD","EGAS",0.368421052631579,189423.640584356,-0.424,-0.184174778647464,0.619513946454459,-0.177384241454272,-1.35033406534508
"207","GARD","ELI",0.591397849462366,286336.838631051,3.063,-0.0579383367923333,1.9858122321474,1.2814338008831,-0.427299218753556
"208","GARD","PCAL",0.481818181818182,207289.118830724,-1.011,-0.234383742814284,0.871384411913002,-0.422961009694031,-1.71745961844349
"209","GARD","PESP",0.542857142857143,301161.86102737,3.094,-0.0581784647267199,2.19481784844839,1.29440293174415,-0.429055022765627
"210","GARD","PIN",0.543103448275862,255924.711247112,-0.911999999999999,-0.230761257068257,1.55705703320194,-0.381543462750698,-1.69097217531118
"211","GARD","PLAZ",0.58695652173913,108031.762891565,-0.316999999999997,-0.177482857051431,-0.527962199234268,-0.132619822030669,-1.30140305356256
"212","GARD","PMAN",0.546153846153846,277190.306146231,2.244,-0.0615491568912147,1.85686290526601,0.938797730715534,-0.453701363229914
"213","GARD","PMOR",0.654545454545455,253493.103272892,3.945,-0.0686911273899162,1.52277582203963,1.65042649183279,-0.505923111140042
"214","GARD","PROJ",0.476635514018692,164954.712530881,-0.567999999999998,-0.17773794746215,0.274546954073312,-0.237627946099118,-1.30326826248849
"215","GARD","PVIC",0.579365079365079,303145.306793569,2.44,-0.18936768521324,2.22278079472138,1.02079610648213,-1.38830435066734
"216","GARD","RED",0.571428571428571,292827.486765042,1.135,-0.223474407497877,2.07731846243644,0.474837533138205,-1.63769107853367
"217","GARD","SOMB",0.438202247191011,159189.128460906,-0.796999999999997,-0.139831459840189,0.193262796810957,-0.333432170846826,-1.02609783156717
"218","GARD","STAFE",0.46875,79728.9443048454,-0.101999999999997,-0.208188459301425,-0.926980014090415,-0.0426726241234321,-1.52592095382824
"219","GARD","SUAR",0.528,10568.6057949885,0.623000000000001,-0.0361864362163691,-1.90201389851998,0.260637694400971,-0.268250358407424
"220","GARD","TOR",0.595238095238095,148277.239732515,-0.0399999999999991,-0.0900899320801093,0.0394251857965179,-0.016734362401346,-0.662390151197474
"221","PCAL","BAR",0.587155963302752,180324.874081443,0.767,0.147777696995879,0.491238032281649,0.320881399045818,1.07688661616589
"222","PCAL","CDOU",0.593984962406015,165931.306263147,4.773,-0.115826295935289,0.288315133940523,1.99682779354066,-0.850573217147254
"223","PCAL","CHAM",0.595419847328244,186371.398030092,3.937,-0.0937212865719144,0.576482926392561,1.64707961935252,-0.68894244217625
"224","PCAL","CMAR",0.431034482758621,87702.0116386166,0.476000000000003,-0.104594001761091,-0.814574392880833,0.199138912576024,-0.768443217461031
"225","PCAL","CORA",0.450819672131147,59523.0259493662,-0.172000000000001,0.118914811763137,-1.21184639107904,-0.07195775832579,0.865842574909036
"226","PCAL","CUEV",0.462962962962963,176065.007283024,0.938000000000002,0.228513452491769,0.431181726006874,0.392420798311574,1.66722261259806
"227","PCAL","DAPH",0.415584415584416,82198.8905900042,0.689,0.257423588561491,-0.892158303083209,0.288249392363192,1.878612149723
"228","PCAL","EGAS",0.355263157894737,74496.0124158562,0.587,0.125713016177283,-1.00075475285849,0.245576768239759,0.915550721592308
"229","PCAL","ELI",0.634408602150538,219531.471311868,4.074,-0.046023408866072,1.04397912083775,1.70439481057713,-0.340177833605621
"230","PCAL","GARD",0.424242424242424,207289.118830724,1.011,0.236364283194708,0.871384411913002,0.422961009694031,1.72462751253828
"231","PCAL","PESP",0.533333333333333,166730.590809725,4.105,-0.0943763481775188,0.299583579598917,1.71736394143818,-0.693732221417105
"232","PCAL","PIN",0.387931034482759,48955.6452638677,0.0990000000000002,-0.201698147912606,-1.36082707075803,0.0414175469433325,-1.4784641062724
"233","PCAL","PLAZ",0.521739130434783,103150.871671009,0.694000000000003,0.264938789238323,-0.596773810466891,0.290341187663362,1.93356293890799
"234","PCAL","PMAN",0.569230769230769,190302.095147177,3.255,-0.0752595772330339,0.631898544088551,1.36175874040956,-0.553951303349738
"235","PCAL","PMOR",0.627272727272727,219658.257035202,4.956,-0.0623818487849456,1.04576656692283,2.07338750152682,-0.459789966671937
"236","PCAL","PROJ",0.476635514018692,92175.243838222,0.443000000000001,0.187278874245899,-0.751510025911099,0.185333063594912,1.36571734164689
"237","PCAL","PVIC",0.531746031746032,140874.687104738,3.451,-0.141954338406256,-0.0649372247825891,1.44375711617616,-1.04162021846881
"238","PCAL","RED",0.526785714285714,125665.334188732,2.146,-0.236118445436118,-0.279361196279489,0.897798542832235,-1.73014368134083
"239","PCAL","SOMB",0.415730337078652,72336.4253253818,0.214000000000002,0.236882767779808,-1.03120096863705,0.0895288388472042,1.72841864711428
"240","PCAL","STAFE",0.447916666666667,131795.084532156,0.909000000000002,0.228395150577781,-0.192942962697819,0.380288385570598,1.66635759464108
"241","PCAL","SUAR",0.512,201991.939809937,1.634,0.234966975768954,0.796703906460869,0.683598704095001,1.7144104672349
"242","PCAL","TOR",0.476190476190476,153281.532747986,0.971,0.16339249909719,0.109976535932015,0.406226647292684,1.19106130495094
"243","PESP","BAR",0.541284403669725,125077.227256179,-3.338,0.0507292026067852,-0.287652425027962,-1.39648254239236,0.367272650389059
"244","PESP","CDOU",0.511278195488722,25875.9476186677,0.667999999999999,-0.0366931920217112,-1.68620846320526,0.279463852102485,-0.271955732704809
"245","PESP","CHAM",0.480916030534351,46670.7680023099,-0.167999999999999,0.0213833837824004,-1.39303964807883,-0.0702843220856545,0.152697421726054
"246","PESP","CMAR",0.560344827586207,93908.0114130493,-3.629,0.0272694037185364,-0.727081182216867,-1.51822502886215,0.195735718979559
"247","PESP","CORA",0.60655737704918,225821.219564604,-4.277,0.102808274881289,1.13265303139235,-1.78932169976397,0.748072344844103
"248","PESP","CUEV",0.472222222222222,215702.210048861,-3.167,0.0598953226885432,0.989993562579771,-1.3249431431266,0.434294883582343
"249","PESP","DAPH",0.415584415584416,198177.309218145,-3.416,0.13802086890005,0.742924613824111,-1.42911454907498,1.00554515412604
"250","PESP","EGAS",0.407894736842105,141848.3602448,-3.518,0.132737334396942,-0.0512102199070408,-1.47178717319842,0.966912201645221
"251","PESP","ELI",0.440860215053763,53200.9552246536,-0.0309999999999988,0.0885693815115505,-1.30097598918643,-0.012969130861043,0.643958235130423
"252","PESP","GARD",0.515151515151515,301161.861027368,-3.094,0.0588924975100653,2.19481784844837,-1.29440293174415,0.426962273670565
"253","PESP","PCAL",0.554545454545455,166730.590809725,-4.105,0.0957591038795466,0.299583579598917,-1.71736394143818,0.696529142433045
"254","PESP","PIN",0.603448275862069,148833.154070654,-4.006,-0.0184858874310136,0.0472625580275475,-1.67594639449484,-0.138824789272433
"255","PESP","PLAZ",0.550724637681159,226161.88029222,-3.411,0.128058695633457,1.13745572264108,-1.42702275377482,0.932702217984033
"256","PESP","PMAN",0.523076923076923,23971.5792289616,-0.849999999999998,0.0278944539168431,-1.71305656355305,-0.35560520102861,0.200306056240555
"257","PESP","PMOR",0.436363636363636,53327.7411169863,0.850999999999999,0.0234327970789145,-1.29918854071878,0.356023560088645,0.167682634077979
"258","PESP","PROJ",0.476635514018692,165765.606633539,-3.662,0.146664944193559,0.285979073172367,-1.53203087784326,1.06875022070758
"259","PESP","PVIC",0.53968253968254,28203.9462428674,-0.654,-0.142720936103343,-1.65338795378603,-0.273606825262014,-1.04722554429493
"260","PESP","RED",0.616071428571429,65956.0714244755,-1.959,-0.0955067402108318,-1.12115225259656,-0.819565398605941,-0.701997594091778
"261","PESP","SOMB",0.449438202247191,180830.533797395,-3.891,0.134932063491724,0.49836690654206,-1.62783510259097,0.982959956188532
"262","PESP","STAFE",0.5,253854.7532112,-3.196,-0.000934663825130647,1.52787442265018,-1.33707555586758,-0.010491078733115
"263","PESP","SUAR",0.512,291593.482249262,-2.471,0.0594859797498977,2.05992126279356,-1.03376523734317,0.431301787523682
"264","PESP","TOR",0.392857142857143,155050.703503148,-3.134,0.0235249726569726,0.134918597680006,-1.31113729414549,0.16835661751178
"265","PIN","BAR",0.605504587155963,212944.033983829,0.667999999999999,0.180004850587375,0.951108340491891,0.279463852102485,1.31253002732561
"266","PIN","CDOU",0.56390977443609,148033.869524075,4.674,-0.00242317410448949,0.0359941123691392,1.95541024659733,-0.0213749949554579
"267","PIN","CHAM",0.572519083969466,168473.961291021,3.838,0.00841190613171655,0.324161904821192,1.60566207240919,0.0578505953468313
"268","PIN","CMAR",0.370689655172414,83482.3183047131,0.377000000000002,0.100658946696277,-0.874064327012244,0.157721365632691,0.732356559589286
"269","PIN","CORA",0.39344262295082,101756.235031984,-0.271000000000001,0.175128319462458,-0.61643562833556,-0.113375305269122,1.2768730641489
"270","PIN","CUEV",0.481481481481482,216477.630324496,0.839000000000002,0.244272572455046,1.00092556580168,0.351003251368242,1.78245254671181
"271","PIN","DAPH",0.441558441558442,125034.853576517,0.59,0.292679260171895,-0.288249816168154,0.24683184541986,2.13639994030202
"272","PIN","EGAS",0.368421052631579,97683.4206532497,0.488,0.238111189652791,-0.673854838678088,0.204159221296426,1.73740080930465
"273","PIN","ELI",0.666666666666667,201634.034572797,3.975,0.0423088930367488,0.79165809926638,1.6629772636338,0.305703748113192
"274","PIN","GARD",0.464646464646465,255924.711247112,0.911999999999999,0.231111085193756,1.55705703320194,0.381543462750698,1.68621637911543
"275","PIN","PCAL",0.354545454545454,48955.6452638677,-0.0990000000000002,0.204829147161234,-1.36082707075803,-0.0414175469433325,1.49404410078223
"276","PIN","PESP",0.561904761904762,148833.154070654,4.006,0.0215819612361211,0.0472625580275475,1.67594639449484,0.154149410603734
"277","PIN","PLAZ",0.492753623188406,147892.948681634,0.595000000000002,0.27254346572451,0.0340073870383666,0.248923640720029,1.98916797094669
"278","PIN","PMAN",0.576923076923077,172404.658408106,3.156,0.0259480108551718,0.379577522517182,1.32034119346623,0.186073757338383
"279","PIN","PMOR",0.645454545454546,201760.820296131,4.857,0.0248750308479723,0.793445545351465,2.03196995458349,0.178228178662474
"280","PIN","PROJ",0.467289719626168,122918.333199974,0.344000000000001,0.230383632427908,-0.318088870294832,0.14391551665158,1.68089727916093
"281","PIN","PVIC",0.555555555555556,122977.250365667,3.352,-0.00799907920578584,-0.317258246353959,1.40233956923283,-0.0621457473162574
"282","PIN","RED",0.491071428571429,101875.904501931,2.047,-0.0438767005552608,-0.614748508367033,0.856380995888903,-0.324481204746101
"283","PIN","SOMB",0.382022471910112,112748.985767411,0.115000000000002,0.276397675152135,-0.461458011379539,0.0481112919038718,2.01734976659522
"284","PIN","STAFE",0.364583333333333,176951.474175837,0.810000000000002,0.241439000411594,0.443679282793623,0.338870838627266,1.76173360297419
"285","PIN","SUAR",0.496,249550.463057528,1.535,0.232008059477454,1.46719182856992,0.642181157151669,1.69277501232928
"286","PIN","TOR",0.523809523809524,185900.704129302,0.872,0.195539317717989,0.56984700597411,0.364809100349352,1.42611731063357
"287","PLAZ","BAR",0.513761467889908,132546.410221053,0.0729999999999968,0.0658376395560033,-0.182350648942551,0.0305402113824559,0.477744821314657
"288","PLAZ","CDOU",0.473684210526316,225362.595745641,4.079,-0.142718622050234,1.12618727698267,1.7064866058773,-1.04720862404888
"289","PLAZ","CHAM",0.50381679389313,230324.800436299,3.243,-0.0143928468018868,1.19614525895781,1.35673843168916,-0.10889667126088
"290","PLAZ","CMAR",0.336206896551724,137396.795302408,-0.218,-0.136693792161356,-0.11396911830301,-0.091202275087338,-1.00315535503642
"291","PLAZ","CORA",0.442622950819672,102390.29357683,-0.866000000000003,-0.172785223762474,-0.607496566161236,-0.362298945989151,-1.26705418283638
"292","PLAZ","CUEV",0.388888888888889,81285.5726333172,0.244,0.15362783125878,-0.9050344106069,0.102079610648213,1.11966251908696
"293","PLAZ","DAPH",0.285714285714286,27984.5749673343,-0.00500000000000256,-0.0470674071798485,-1.65648068629029,-0.00209179530016937,-0.347811499520448
"294","PLAZ","EGAS",0.302631578947368,90952.875702617,-0.107000000000003,-0.0958115824731698,-0.768743173942784,-0.0447644194236029,-0.704226586185636
"295","PLAZ","ELI",0.516129032258065,240943.49875249,3.38,0.0156376418357746,1.34584942307704,1.41405362291377,0.110684830446393
"296","PLAZ","GARD",0.424242424242424,108031.762891565,0.316999999999997,0.176299027891233,-0.527962199234268,0.132619822030669,1.28543322838577
"297","PLAZ","PCAL",0.4,103150.871671009,-0.694000000000003,-0.260821891611953,-0.596773810466891,-0.290341187663362,-1.91077410244666
"298","PLAZ","PESP",0.40952380952381,226161.88029222,3.411,-0.125257681996672,1.13745572264108,1.42702275377482,-0.919535062541348
"299","PLAZ","PIN",0.396551724137931,147892.948681634,-0.595000000000002,-0.271212849095101,0.0340073870383666,-0.248923640720029,-1.98675228834486
"300","PLAZ","PMAN",0.5,231796.96626767,2.561,0.0140642550356559,1.21690009619565,1.0714175527462,0.0991803011493511
"301","PLAZ","PMOR",0.518181818181818,208099.763394331,4.262,0.0138354384421823,0.882813012969268,1.78304631386346,0.0975072051229526
"302","PLAZ","PROJ",0.364485981308411,67156.3038491715,-0.251000000000001,-0.0518588642903887,-1.10423117747627,-0.105008124068449,-0.382846405558538
"303","PLAZ","PVIC",0.492063492063492,200305.976587233,2.757,-0.163484454751184,0.772934918259572,1.1534159285128,-1.19904740308753
"304","PLAZ","RED",0.526785714285714,189988.157300286,1.452,-0.213417941570161,0.627472596429548,0.607457355168875,-1.56415867894738
"305","PLAZ","SOMB",0.247191011235955,51157.3658954282,-0.48,-0.0541478707933016,-1.32978684935262,-0.200812348816157,-0.399583512016972
"306","PLAZ","STAFE",0.3125,29058.5258202898,0.215,0.0856271118640347,-1.64133994964259,0.089947197907237,0.622444499692265
"307","PLAZ","SUAR",0.448,101657.514701981,0.939999999999998,0.17514867939298,-0.61782740386629,0.39325751643164,1.27702193499055
"308","PLAZ","TOR",0.285714285714286,100717.947370734,0.276999999999997,0.0617019891659494,-0.631073579411517,0.115885459629323,0.447505142761926
"309","PMAN","BAR",0.403669724770642,101105.67237504,-2.488,0.0572655254956523,-0.625607368210352,-1.04087734136375,0.4150659318404
"310","PMAN","CDOU",0.503759398496241,49325.3396768084,1.518,-0.0867402878479457,-1.35561505781436,0.635069053131097,-0.637897712211278
"311","PMAN","CHAM",0.442748091603053,28432.7299304803,0.681999999999999,-0.0776684785936689,-1.6501625235404,0.285320878942956,-0.571565075293814
"312","PMAN","CMAR",0.456896551724138,117479.515750502,-2.779,0.010914908894689,-0.394766217727222,-1.16261982783354,0.0761524322600566
"313","PMAN","CORA",0.557377049180328,249392.723902056,-3.427,0.0880488425364265,1.46496799588199,-1.43371649873535,0.640152078952479
"314","PMAN","CUEV",0.472222222222222,191730.655167722,-2.317,0.0652246266997394,0.652038619397383,-0.969337942097991,0.473262500524995
"315","PMAN","DAPH",0.415584415584416,214309.696933211,-2.566,-0.0141170850402754,0.970361682494659,-1.07350934804637,-0.106880314402399
"316","PMAN","EGAS",0.421052631578947,165419.864582253,-2.668,0.104385498549983,0.281104744582608,-1.11618197216981,0.759604929141308
"317","PMAN","ELI",0.279569892473118,37317.8833873664,0.818999999999999,0.0942807741266993,-1.52489816140045,0.342636070167567,0.685719665735365
"318","PMAN","GARD",0.404040404040404,277190.30614623,-2.244,0.0621418498478317,1.85686290526599,-0.938797730715534,0.450721383104702
"319","PMAN","PCAL",0.490909090909091,190302.095147178,-3.255,0.0766755885895637,0.631898544088566,-1.36175874040956,0.556991388126478
"320","PMAN","PESP",0.40952380952381,23971.5792289616,0.849999999999998,-0.0304957309411609,-1.71305656355305,0.35560520102861,-0.226640192646197
"321","PMAN","PIN",0.525862068965517,172404.658408106,-3.156,-0.023595809754499,0.379577522517182,-1.32034119346623,-0.17618829776997
"322","PMAN","PLAZ",0.528985507246377,231796.96626767,-2.561,-0.0138115965444735,1.21690009619565,-1.0714175527462,-0.104646597080252
"323","PMAN","PMOR",0.454545454545455,30237.3237311657,1.701,0.0233770144829518,-1.62472106184124,0.711628761117256,0.16727475439482
"324","PMAN","PROJ",0.467289719626168,189337.110970992,-2.812,0.120662328515933,0.618294037662016,-1.17642567681465,0.878620334121264
"325","PMAN","PVIC",0.468253968253968,51526.8017688454,0.195999999999998,-0.094441526436946,-1.32457848134189,0.0819983757665966,-0.694208801743732
"326","PMAN","RED",0.5625,89527.5750549885,-1.109,-0.0840269275211853,-0.788837298073468,-0.463960197577329,-0.618057750816984
"327","PMAN","SOMB",0.426966292134832,204402.038134848,-3.041,0.113329897883631,0.830681871031708,-1.27222990156236,0.825005950791314
"328","PMAN","STAFE",0.479166666666667,229883.198330062,-2.346,-0.0034049665612293,1.1899194794678,-0.981470354838967,-0.0285538146082769
"329","PMAN","SUAR",0.536,267621.927368123,-1.621,0.0630290896462229,1.72196631961117,-0.678160036314564,0.457208838225924
"330","PMAN","TOR",0.44047619047619,131079.148622009,-2.284,0.0240098078469663,-0.203036345502383,-0.95553209311688,0.171901709314443
"331","PMOR","BAR",0.596330275229358,77408.4695017008,-4.189,0.080076663758372,-0.959694451436735,-1.752506102481,0.581859887670294
"332","PMOR","CDOU",0.56390977443609,62681.0196674565,-0.183,-0.116340850703846,-1.16732447362898,-0.0765597079861599,-0.854335617091978
"333","PMOR","CHAM",0.526717557251908,41788.4099211284,-1.019,-0.121959498138143,-1.46187193935502,-0.4263078821743,-0.895418899354638
"334","PMOR","CMAR",0.612068965517241,146835.677638527,-4.48,0.00597852803012323,0.0191018051070608,-1.8742485889508,0.0400578506393957
"335","PMOR","CORA",0.688524590163934,278748.88579008,-5.128,0.0771788786283234,1.87883601871626,-2.14534525985261,0.560671420903786
"336","PMOR","CUEV",0.555555555555556,168033.452294384,-4.018,0.0761411660431589,0.317951536171016,-1.68096670321525,0.553083715937001
"337","PMOR","DAPH",0.571428571428571,190612.494059872,-4.267,-0.0146127502661019,0.636274599268278,-1.78513810916363,-0.110504594910927
"338","PMOR","EGAS",0.56578947368421,191389.085281774,-4.369,-0.0492860864446687,0.647223110684212,-1.82781073328706,-0.364034376565646
"339","PMOR","ELI",0.46236559139785,33055.8968947918,-0.881999999999998,0.0224400094034066,-1.58498435147381,-0.368992690949688,0.160423417909544
"340","PMOR","GARD",0.616161616161616,253493.103272892,-3.945,0.0694357668655289,1.52277582203963,-1.65042649183279,0.504054156720166
"341","PMOR","PCAL",0.627272727272727,219658.257035203,-4.956,0.0643680918005134,1.04576656692285,-2.07338750152682,0.466999558163116
"342","PMOR","PESP",0.40952380952381,53327.7411169863,-0.850999999999999,-0.0211808170099467,-1.29918854071878,-0.356023560088645,-0.158529985916997
"343","PMOR","PIN",0.663793103448276,201760.820296131,-4.857,-0.0226530059522481,0.793445545351465,-2.03196995458349,-0.169294561300629
"344","PMOR","PLAZ",0.615942028985507,208099.763394331,-4.262,-0.0142803816746739,0.882813012969268,-1.78304631386346,-0.10807433161063
"345","PMOR","PMAN",0.538461538461538,30237.3237311657,-1.701,-0.0219269440000224,-1.62472106184124,-0.711628761117256,-0.163985630909057
"346","PMOR","PROJ",0.635514018691589,173236.594748133,-4.513,-0.0287616324830594,0.391306298556921,-1.88805443793191,-0.213960547365279
"347","PMOR","PVIC",0.523809523809524,80882.9636568701,-1.505,-0.0656919691340554,-0.910710458507612,-0.629630385350659,-0.483993408908898
"348","PMOR","RED",0.669642857142857,118883.736943013,-2.81,-0.066463572761042,-0.374969275239192,-1.17558895869459,-0.489635337855869
"349","PMOR","SOMB",0.561797752808989,183541.887479927,-4.742,-0.0218948911765174,0.536592018941774,-1.98385866267962,-0.163751262191181
"350","PMOR","STAFE",0.583333333333333,206185.995456723,-4.047,-0.00209973185591301,0.85583239624142,-1.69309911595622,-0.0190100006486743
"351","PMOR","SUAR",0.6,243924.724494784,-3.322,0.0704040959993866,1.38787923638479,-1.38978879743182,0.511134533197715
"352","PMOR","TOR",0.452380952380952,107381.94574867,-3.985,0.0332552361007461,-0.537123428728764,-1.66716085423414,0.239503840081833
"353","PROJ","BAR",0.614678899082569,97683.1649810202,0.323999999999998,0.107452167293621,-0.673858443187442,0.135548335450905,0.782028264841623
"354","PROJ","CDOU",0.556390977443609,164966.322086961,4.33,-0.163888475550396,0.274710627513973,1.81149472994575,-1.2020015839163
"355","PROJ","CHAM",0.587786259541985,185406.413853906,3.494,-0.137268871402946,0.562878419966012,1.46174655575761,-1.00736030704345
"356","PROJ","CMAR",0.431034482758621,73236.6259531349,0.0330000000000013,-0.271877816290609,-1.01850979138495,0.0138058489811113,-1.99161449678701
"357","PROJ","CORA",0.491803278688525,119096.447581044,-0.615000000000002,-0.062153680861872,-0.371970445503428,-0.257290821920702,-0.458121613692589
"358","PROJ","CUEV",0.490740740740741,102317.638314987,0.495000000000001,0.252326623416559,-0.608520872052522,0.207087734716662,1.84134338349753
"359","PROJ","DAPH",0.350649350649351,39744.7586191609,0.245999999999999,0.0365507664241552,-1.49068367322317,0.10291632876828,0.26360060074621
"360","PROJ","EGAS",0.394736842105263,25975.7168098668,0.143999999999998,-0.189635737813125,-1.68480190065601,0.0602437046448463,-1.39026433850268
"361","PROJ","ELI",0.591397849462366,206080.330106293,3.631,0.0286370417893898,0.854342708664707,1.51906174698222,0.205735823373912
"362","PROJ","GARD",0.434343434343434,164954.712530881,0.567999999999998,0.177761312576482,0.274546954073312,0.237627946099118,1.29612538431386
"363","PROJ","PCAL",0.490909090909091,92175.243838222,-0.443000000000001,-0.185900372435287,-0.751510025911099,-0.185333063594912,-1.36295152488225
"364","PROJ","PESP",0.466666666666667,165765.606633539,3.662,-0.141667530942197,0.285979073172367,1.53203087784326,-1.03952309596046
"365","PROJ","PIN",0.508620689655172,122918.333199974,-0.344000000000001,-0.228525660726841,-0.318088870294832,-0.14391551665158,-1.67462560140815
"366","PROJ","PLAZ",0.507246376811594,67156.3038491716,0.251000000000001,0.0517892361582865,-1.10423117747627,0.105008124068449,0.375023565197912
"367","PROJ","PMAN",0.561538461538462,189337.110970992,2.812,-0.117357062164535,0.618294037662016,1.17642567681465,-0.861766106861312
"368","PROJ","PMOR",0.645454545454546,173236.594748133,4.513,0.02905884131685,0.391306298556921,1.88805443793191,0.208820001416322
"369","PROJ","PVIC",0.579365079365079,139909.702928552,3.008,-0.198836076643206,-0.0785417312091388,1.25842405258125,-1.45753677755288
"370","PROJ","RED",0.580357142857143,129591.882900025,1.703,-0.27645779937904,-0.224004063494081,0.712465479237324,-2.02510311485399
"371","PROJ","SOMB",0.314606741573034,19838.8185128401,-0.228999999999999,-0.000955242384195119,-1.77132090726912,-0.0958042247477078,-0.010641548176249
"372","PROJ","STAFE",0.40625,96024.0807712738,0.466000000000001,0.0819195029776294,-0.697248486620995,0.194955321975686,0.595334640214351
"373","PROJ","SUAR",0.528,156777.041394594,1.191,0.178206411775722,0.15925679463511,0.49826564050009,1.29937992844589
"374","PROJ","TOR",0.464285714285714,70639.8268126104,0.527999999999999,0.125159510617999,-1.05511989491572,0.220893583697772,0.911503515322128
"375","PVIC","BAR",0.522935779816514,151033.592675261,-2.684,0.0973937254167899,0.0782847052050507,-1.12287571713034,0.70848141720958
"376","PVIC","CDOU",0.503759398496241,31429.0214484969,1.322,0.0153134260350092,-1.60792031043616,0.553070677364499,0.108314179962871
"377","PVIC","CHAM",0.49618320610687,51869.1145956896,0.486000000000001,0.0459750007981106,-1.31975249852516,0.203322503176359,0.332510153342674
"378","PVIC","CMAR",0.508620689655172,68052.1077080625,-2.975,0.102127076816439,-1.09160198659837,-1.24461820360014,0.743091457058872
"379","PVIC","CORA",0.524590163934426,199965.315859618,-3.623,0.138982950172425,0.768132227010863,-1.51571487450195,1.01257984653819
"380","PVIC","CUEV",0.472222222222222,237687.628164734,-2.513,0.188701925633383,1.29994762133951,-1.05133631786459,1.37612262557152
"381","PVIC","DAPH",0.454545454545455,172321.405513158,-2.762,0.183634922361315,0.378403809442605,-1.15550772381297,1.33907293913249
"382","PVIC","EGAS",0.407894736842105,115992.456539813,-2.864,0.199228817081088,-0.415731024288547,-1.1981803479364,1.45309475414014
"383","PVIC","ELI",0.440860215053763,80756.1779335356,0.623000000000001,0.109366234059593,-0.912497904592704,0.260637694400971,0.796023829812651
"384","PVIC","GARD",0.464646464646465,303145.306793569,-2.44,0.191425877981095,2.22278079472138,-1.02079610648213,1.39604003531821
"385","PVIC","PCAL",0.463636363636364,140874.687104739,-3.451,0.143410630195622,-0.0649372247825752,-1.44375711617616,1.04495483185074
"386","PVIC","PESP",0.447619047619048,28203.9462428674,0.654,0.13873508965771,-1.65338795378603,0.273606825262014,1.01076750226729
"387","PVIC","PIN",0.517241379310345,122977.250365667,-3.352,0.0112562875216781,-0.317258246353959,-1.40233956923283,0.0786485765109705
"388","PVIC","PLAZ",0.536231884057971,200305.976587233,-2.757,0.168333922890097,0.772934918259572,-1.1534159285128,1.22719276022329
"389","PVIC","PMAN",0.484615384615385,51526.8017688454,-0.195999999999998,0.0930494332082362,-1.32457848134189,-0.0819983757665966,0.676716159623558
"390","PVIC","PMOR",0.454545454545455,80882.9636568701,1.505,0.0660025800423325,-0.910710458507612,0.629630385350659,0.478950858289862
"391","PVIC","PROJ",0.504672897196262,139909.702928552,-3.008,0.202796021021173,-0.0785417312091388,-1.25842405258125,1.47917797934207
"392","PVIC","RED",0.491071428571429,40100.1645251619,-1.305,-0.0498247345593617,-1.48567310201221,-0.545958573343927,-0.367972945909061
"393","PVIC","SOMB",0.426966292134832,154974.630092408,-3.237,0.186005782563473,0.133846102160554,-1.35422827732896,1.35640855593877
"394","PVIC","STAFE",0.40625,229364.502081436,-2.542,0.15674863991415,1.18260681401483,-1.06346873060556,1.14248172324163
"395","PVIC","SUAR",0.44,294967.635657282,-1.817,0.191980895568748,2.10749063528318,-0.760158412081161,1.40009829746777
"396","PVIC","TOR",0.416666666666667,181007.06892223,-2.48,0.0667624890985104,0.500855727913019,-1.03753046888348,0.484507277092426
"397","RED","BAR",0.688073394495413,183384.971594714,-1.379,0.0973806602500224,0.534379792854041,-0.576917143786418,0.708385885332843
"398","RED","CDOU",0.556390977443609,63780.4032224433,2.627,0.0583887223867541,-1.15182518254405,1.09902925070843,0.423278693978135
"399","RED","CHAM",0.519083969465649,84220.4935151424,1.791,0.06604372280832,-0.863657410876171,0.749281076520286,0.479251692233955
"400","RED","CMAR",0.508620689655172,57734.2876795352,-1.67,0.249982709063603,-1.23706431888332,-0.698659630256213,1.82420479345641
"401","RED","CORA",0.565573770491803,184756.000113023,-2.318,0.201727172568982,0.553708779534464,-0.969756301158025,1.47136261039948
"402","RED","CUEV",0.555555555555556,227369.808136207,-1.208,0.230165509994842,1.15448528905457,-0.505377744520662,1.67930237832577
"403","RED","DAPH",0.506493506493507,162003.586226211,-1.457,0.238819569667986,0.232941487612581,-0.609549150469043,1.74258045021535
"404","RED","EGAS",0.394736842105263,105674.636511286,-1.559,0.289273335051756,-0.561193356573489,-0.652221774592477,2.11149597814522
"405","RED","ELI",0.655913978494624,118756.951219679,1.928,0.099301139692404,-0.376756721324277,0.806596267744897,0.722428339488159
"406","RED","GARD",0.515151515151515,292827.486765042,-1.135,0.22394348507619,2.07731846243644,-0.474837533138205,1.63380722865364
"407","RED","PCAL",0.518181818181818,125665.334188732,-2.146,0.235617736058806,-0.279361196279489,-0.897798542832235,1.71916879545996
"408","RED","PESP",0.59047619047619,65956.0714244754,1.959,0.100669762514189,-1.12115225259656,0.819565398605941,0.732435644334392
"409","RED","PIN",0.508620689655172,101875.904501931,-2.047,0.044304786948905,-0.614748508367033,-0.856380995888903,0.320297629277351
"410","RED","PLAZ",0.615942028985507,189988.157300286,-1.452,0.213590690857023,0.627472596429548,-0.607457355168875,1.55810809072285
"411","RED","PMAN",0.623076923076923,89527.5750549884,1.109,0.0875422683956264,-0.78883729807347,0.463960197577329,0.636448032977568
"412","RED","PMOR",0.663636363636364,118883.736943013,2.81,0.0703081960691744,-0.374969275239192,1.17558895869459,0.51043331747846
"413","RED","PROJ",0.560747663551402,129591.882900025,-1.703,0.277454146627146,-0.224004063494081,-0.712465479237324,2.02507463567054
"414","RED","PVIC",0.547619047619048,40100.1645251619,1.305,0.0562855894711498,-1.48567310201221,0.545958573343927,0.407900686331625
"415","RED","SOMB",0.48314606741573,144656.810063881,-1.932,0.250671747794525,-0.011616230124388,-0.808269703985032,1.82924301181829
"416","RED","STAFE",0.489583333333333,219046.682794489,-1.237,0.19722537456768,1.0371444921848,-0.517510157261638,1.43844567796338
"417","RED","SUAR",0.592,284649.815628755,-0.512,0.226301218173213,1.96202830299823,-0.214199838737234,1.65104686069279
"418","RED","TOR",0.547619047619048,186394.16789196,-1.175,0.18216447025109,0.576803939669006,-0.491571895539551,1.32832106338222
"419","SOMB","BAR",0.669724770642202,107988.457712814,0.552999999999997,0.0880151720196913,-0.528572722802591,0.231352560198613,0.639905881738801
"420","SOMB","CDOU",0.578947368421053,180031.249250817,4.559,-0.152716135002898,0.487098460883665,1.90729895469346,-1.1203099622912
"421","SOMB","CHAM",0.648854961832061,200471.341017763,3.723,-0.127758511681836,0.775266253335718,1.55755078050532,-0.937821010013204
"422","SOMB","CMAR",0.491379310344828,88301.5796866186,0.262,-0.231673023243638,-0.806121583432251,0.109610073728819,-1.69763896613205
"423","SOMB","CORA",0.573770491803279,99257.6290682036,-0.386000000000003,-0.0738898475284006,-0.651661388229382,-0.161486597172994,-0.543935905028871
"424","SOMB","CUEV",0.537037037037037,104692.663014474,0.724,0.215475504510845,-0.575037381250537,0.30289195946437,1.571889758332
"425","SOMB","DAPH",0.428571428571429,23745.5776951811,0.474999999999998,0.0577181734706071,-1.71624277053406,0.198720553515988,0.418375672260697
"426","SOMB","EGAS",0.368421052631579,41040.6391375889,0.372999999999998,-0.126900751924515,-1.47241413546694,0.156047929392554,-0.93154911154731
"427","SOMB","ELI",0.645161290322581,216385.622838086,3.86,0.0223568198447203,0.999628429049547,1.61486597172993,0.159815139821129
"428","SOMB","GARD",0.494949494949495,159189.128460906,0.796999999999997,0.138354016746955,0.193262796810957,0.333432170846826,1.00798111530525
"429","SOMB","PCAL",0.527272727272727,72336.4253253818,-0.214000000000002,-0.234817739364546,-1.03120096863705,-0.0895288388472042,-1.72063298053534
"430","SOMB","PESP",0.533333333333333,180830.533797395,3.891,-0.132090111472457,0.49836690654206,1.62783510259097,-0.969493461244205
"431","SOMB","PIN",0.525862068965517,112748.985767411,-0.115000000000002,-0.276143320471797,-0.461458011379539,-0.0481112919038718,-2.02280366007186
"432","SOMB","PLAZ",0.514492753623188,51157.3658954282,0.48,0.0542390162690218,-1.32978684935262,0.200812348816157,0.392936240614497
"433","SOMB","PMAN",0.607692307692308,204402.038134848,3.041,-0.110750211699181,0.830681871031708,1.27222990156236,-0.813457131131945
"434","SOMB","PMOR",0.645454545454546,183541.887479927,4.742,0.0216102934429696,0.536592018941774,1.98385866267962,0.154356574349937
"435","SOMB","PROJ",0.429906542056075,19838.8185128401,0.228999999999999,0.000621757322562719,-1.77132090726912,0.0958042247477078,0.000889398521952394
"436","SOMB","PVIC",0.595238095238095,154974.630092409,3.237,-0.181904552375585,0.133846102160568,1.35422827732896,-1.33373427904093
"437","SOMB","RED",0.589285714285714,144656.810063881,1.932,-0.250288553509906,-0.011616230124388,0.808269703985032,-1.83375483624873
"438","SOMB","STAFE",0.458333333333333,80215.8913896308,0.695,0.0660878101882045,-0.920114953597365,0.290759546723394,0.479574057054528
"439","SOMB","SUAR",0.536,152814.880271322,1.42,0.136286312152381,0.103397592178934,0.594069865247798,0.992862157853649
"440","SOMB","TOR",0.5,80945.1163793562,0.756999999999998,0.0969221725287806,-0.909834219152236,0.31669780844548,0.70503344496601
"441","STAFE","BAR",0.63302752293578,130632.714014179,-0.142000000000003,0.0463637679615538,-0.209330254398654,-0.059406986524781,0.335352800313668
"442","STAFE","CDOU",0.556390977443609,249386.427344821,3.864,-0.0316649434222507,1.46487922597728,1.61653940797006,-0.235189418584886
"443","STAFE","CHAM",0.587786259541985,228411.032498691,3.028,-0.0249383477554763,1.16916464222996,1.26679123378192,-0.186004871649622
"444","STAFE","CMAR",0.491379310344828,166268.656594151,-0.433,-0.169360471880557,0.293071154670606,-0.181149472994575,-1.24201256029471
"445","STAFE","CORA",0.508196721311475,124425.565130288,-1.081,-0.19119620821838,-0.29683966539771,-0.452246143896387,-1.40167442373606
"446","STAFE","CUEV",0.5,65664.5084113361,0.0289999999999999,0.142167643099579,-1.1252627561508,0.0121324127409761,1.03586616944351
"447","STAFE","DAPH",0.363636363636364,57043.1004615369,-0.220000000000002,-0.0695561472219239,-1.24680879053504,-0.0920389932074061,-0.512248094926041
"448","STAFE","EGAS",0.447368421052632,120011.40119682,-0.322000000000003,-0.0947927434132917,-0.359071278187528,-0.13471161733084,-0.696776883536259
"449","STAFE","ELI",0.634408602150538,239029.730814882,3.165,0.00571481208323555,1.31886880634919,1.32410642500654,0.0381295722040881
"450","STAFE","GARD",0.484848484848485,79728.9443048454,0.101999999999997,0.208038380719827,-0.926980014090415,0.0426726241234321,1.51750986361505
"451","STAFE","PCAL",0.518181818181818,131795.084532156,-0.909000000000002,-0.22652086662076,-0.192942962697819,-0.380288385570598,-1.65996664245019
"452","STAFE","PESP",0.542857142857143,253854.753211201,3.196,0.00119319434469879,1.52787442265019,1.33707555586758,0.0050677187939179
"453","STAFE","PIN",0.474137931034483,176951.474175837,-0.810000000000002,-0.240803129152913,0.443679282793623,-0.338870838627266,-1.76439786541253
"454","STAFE","PLAZ",0.521739130434783,29058.5258202898,-0.215,-0.0912134690591589,-1.64133994964259,-0.089947197907237,-0.670605400042076
"455","STAFE","PMAN",0.615384615384615,229883.198330062,2.346,0.00345111083120816,1.1899194794678,0.981470354838967,0.0215774965341161
"456","STAFE","PMOR",0.636363636363636,206185.995456723,4.047,0.00233043380644195,0.85583239624142,1.69309911595622,0.0133831595389334
"457","STAFE","PROJ",0.467289719626168,96024.0807712737,-0.466000000000001,-0.0836296423574329,-0.697248486620996,-0.194955321975686,-0.615152820633685
"458","STAFE","PVIC",0.547619047619048,229364.502081435,2.542,-0.153703763633277,1.18260681401481,1.06346873060556,-1.12753145576753
"459","STAFE","RED",0.5625,219046.682794489,1.237,-0.196299704589482,1.0371444921848,0.517510157261638,-1.43899094597602
"460","STAFE","SOMB",0.415730337078652,80215.8913896308,-0.695,-0.0678403238613509,-0.920114953597365,-0.290759546723394,-0.499702076287285
"461","STAFE","SUAR",0.544,73354.696115262,0.724999999999998,0.210003905027495,-1.01684521872243,0.303310318524403,1.53188168367857
"462","STAFE","TOR",0.464285714285714,98804.4629064337,0.0619999999999976,0.0358382133667358,-0.658050199685815,0.0259382617220859,0.258390446749647
"463","SUAR","BAR",0.587155963302752,169021.311627888,-0.867000000000001,-0.059149826001776,0.33187854034667,-0.362717305049184,-0.43615757011511
"464","SUAR","CDOU",0.556390977443609,287125.156382882,3.139,-0.0879893896197347,1.99692606612065,1.31322908944566,-0.647031084836147
"465","SUAR","CHAM",0.564885496183206,266149.761536751,2.303,-0.0868480660177235,1.70121148237332,0.96348091525752,-0.638685781052136
"466","SUAR","CMAR",0.413793103448276,227021.617217471,-1.158,-0.212179852975142,1.14957643592671,-0.484459791518979,-1.55510583414619
"467","SUAR","CORA",0.516393442622951,190877.489383499,-1.806,-0.209727163479214,0.640010547144168,-0.755556462420791,-1.53717188544373
"468","SUAR","CUEV",0.435185185185185,77108.7795354579,-0.695999999999998,-0.0525006413818653,-0.963919530119204,-0.291177905783427,-0.387539049065212
"469","SUAR","DAPH",0.428571428571429,129642.089343229,-0.945,-0.150448418906362,-0.223296244758728,-0.395349311731809,-1.10372853026953
"470","SUAR","EGAS",0.368421052631579,181245.969448069,-1.047,-0.184595154845243,0.504223787016256,-0.438021935855242,-1.3534078360687
"471","SUAR","ELI",0.56989247311828,276768.459852943,2.44,-0.0584039492089086,1.85091564649257,1.02079610648213,-0.430703754553114
"472","SUAR","GARD",0.404040404040404,10568.6057949885,-0.623000000000001,0.057099723080735,-1.90201389851998,-0.260637694400971,0.413853592484437
"473","SUAR","PCAL",0.445454545454545,201991.939809937,-1.634,-0.233233909403144,0.796703906460869,-0.683598704095001,-1.7090520913407
"474","SUAR","PESP",0.419047619047619,291593.482249261,2.471,-0.0587572946203265,2.05992126279355,1.03376523734317,-0.433287399361451
"475","SUAR","PIN",0.456896551724138,249550.463057528,-1.535,-0.231564561553473,1.46719182856992,-0.642181157151669,-1.6968458994227
"476","SUAR","PLAZ",0.5,101657.514701981,-0.939999999999998,-0.176326387530129,-0.61782740386629,-0.39325751643164,-1.29294700353853
"477","SUAR","PMAN",0.553846153846154,267621.927368123,1.621,-0.0620875388153988,1.72196631961117,0.678160036314564,-0.457637986201015
"478","SUAR","PMOR",0.545454545454545,243924.724494783,3.322,-0.0695761926062086,1.38787923638478,1.38978879743182,-0.512394665820595
"479","SUAR","PROJ",0.448598130841122,156777.041394594,-1.191,-0.178231536455777,0.15925679463511,-0.49826564050009,-1.30687736168612
"480","SUAR","PVIC",0.444444444444444,294967.635657282,1.817,-0.190409555335916,2.10749063528318,0.760158412081161,-1.39592245535026
"481","SUAR","RED",0.544642857142857,284649.815628755,0.512,-0.224848102104338,1.96202830299823,0.214199838737234,-1.64773546802774
"482","SUAR","SOMB",0.348314606741573,152814.880271322,-1.42,-0.136521975148692,0.103397592178934,-0.594069865247798,-1.00189903722838
"483","SUAR","STAFE",0.40625,73354.6961152619,-0.724999999999998,-0.209684977732344,-1.01684521872243,-0.303310318524403,-1.53686342527313
"484","SUAR","TOR",0.428571428571429,138708.860954406,-0.663,-0.0929360315472168,-0.095471399858328,-0.277372056802317,-0.683200694859824
"485","TOR","BAR",0.660550458715596,31828.5597494627,-0.204000000000001,0.0747557995850032,-1.60228755342596,-0.0853452482468672,0.542953982419605
"486","TOR","CDOU",0.578947368421053,150582.377636769,3.802,-0.077651289700898,0.0719234010071081,1.59060114624798,-0.571439390929072
"487","TOR","CHAM",0.580152671755725,129606.982790638,2.966,-0.0729790248065705,-0.223791182740225,1.24085297205984,-0.537276012695393
"488","TOR","CMAR",0.594827586206897,128765.969123634,-0.494999999999997,-0.142187073321624,-0.235647932436157,-0.207087734716661,-1.04332196507816
"489","TOR","CORA",0.688524590163934,179372.276396831,-1.143,-0.119928407009517,0.477808152660781,-0.478184405618474,-0.880567657821102
"490","TOR","CUEV",0.518518518518519,62817.5887540066,-0.0329999999999977,0.138138307979235,-1.1653991000721,-0.0138058489811098,1.00640386307606
"491","TOR","DAPH",0.454545454545455,87766.7867765937,-0.282,-0.0911801431963137,-0.813661182278382,-0.117977254929492,-0.670361722921216
"492","TOR","EGAS",0.526315789473684,88792.3256601343,-0.384,-0.148426274213351,-0.79920296557793,-0.160649879052926,-1.08894270464683
"493","TOR","ELI",0.580645161290323,140225.681106829,3.103,-0.0168941016763164,-0.0740870186209913,1.29816816328445,-0.127185727696381
"494","TOR","GARD",0.656565656565657,148277.239732514,0.0399999999999991,0.0903379646077044,0.0394251857965035,0.016734362401346,0.65689003044129
"495","TOR","PCAL",0.6,153281.532747985,-0.971,-0.163393829824242,0.109976535932001,-0.406226647292684,-1.19838475794079
"496","TOR","PESP",0.514285714285714,155050.703503148,3.134,-0.0221941844459507,0.134918597680006,1.31113729414549,-0.165939680313377
"497","TOR","PIN",0.655172413793103,185900.704129302,-0.872,-0.196605174199849,0.56984700597411,-0.364809100349352,-1.44122452520876
"498","TOR","PLAZ",0.565217391304348,100717.947370734,-0.276999999999997,-0.0657527193249996,-0.631073579411517,-0.115885459629323,-0.484437611409812
"499","TOR","PMAN",0.638461538461538,131079.148622009,2.284,-0.0223514262497006,-0.203036345502383,0.95553209311688,-0.16708942488847
"500","TOR","PMOR",0.581818181818182,107381.94574867,3.985,-0.030310265275838,-0.537123428728764,1.66716085423414,-0.225284076540392
"501","TOR","PROJ",0.579439252336449,70639.8268126104,-0.527999999999999,-0.132888260717315,-1.05511989491572,-0.220893583697772,-0.975329490483924
"502","TOR","PVIC",0.611111111111111,181007.06892223,2.48,-0.0652790762010604,0.500855727913019,1.03753046888348,-0.480974355460741
"503","TOR","RED",0.660714285714286,186394.16789196,1.175,-0.181398913382566,0.576803939669006,0.491571895539551,-1.33003707082203
"504","TOR","SOMB",0.528089887640449,80945.1163793562,-0.756999999999998,-0.100840498723828,-0.909834219152236,-0.31669780844548,-0.740997782139296
"505","TOR","STAFE",0.53125,98804.4629064339,-0.0619999999999976,-0.0363044168233879,-0.658050199685812,-0.0259382617220859,-0.269113026983154
"506","TOR","SUAR",0.616,138708.860954406,0.663,0.0933551478652093,-0.095471399858328,0.277372056802317,0.67895153062541
