"","journeyID","OceanographicResistance","OceanographicResistanceSD","start","end"
"1","CDOU_BAR",0.0925433241551628,0.0659331162826713,"CDOU","BAR"
"2","CHAM_BAR",0.0974559256520469,0.0707012163821186,"CHAM","BAR"
"3","CMAR_BAR",0.12967737343338,0.0816949769435564,"CMAR","BAR"
"4","CORA_BAR",0.116310018986684,0.0904731661603476,"CORA","BAR"
"5","CUEV_BAR",-0.0295009102176245,0.123944158868167,"CUEV","BAR"
"6","DAPH_BAR",0.107814290480431,0.119830229552729,"DAPH","BAR"
"7","EGAS_BAR",0.136308731766081,0.0902524622341148,"EGAS","BAR"
"8","ELI_BAR",0.0444233352640218,0.0957238950693972,"ELI","BAR"
"9","GARD_BAR",-0.0596049949065029,0.115384398195829,"GARD","BAR"
"10","PCAL_BAR",0.173229035876338,0.119614464843274,"PCAL","BAR"
"11","PESP_BAR",0.0454753170901162,0.0889113974653919,"PESP","BAR"
"12","PIN_BAR",0.183335135133574,0.121220401191484,"PIN","BAR"
"13","PLAZ_BAR",0.122386265665432,0.0707007477900169,"PLAZ","BAR"
"14","PMAN_BAR",0.0505931082576727,0.0958251494281206,"PMAN","BAR"
"15","PMOR_BAR",0.0724386552823358,0.100739704758563,"PMOR","BAR"
"16","PROJ_BAR",0.139981754975216,0.0979226428480319,"PROJ","BAR"
"17","PVIC_BAR",0.0713849142058019,0.0723571805181994,"PVIC","BAR"
"18","RED_BAR",0.0871266302918012,0.107305074584901,"RED","BAR"
"19","SOMB_BAR",0.127971502184876,0.0979944304596538,"SOMB","BAR"
"20","STAFE_BAR",0.0948565811914733,0.0549472912300596,"STAFE","BAR"
"21","SUAR_BAR",-0.0574496523877567,0.120029248325533,"SUAR","BAR"
"22","TOR_BAR",0.155846315566405,0.0950058022892751,"TOR","BAR"
"23","BAR_CDOU",-0.0926650971065632,0.0685646168881594,"BAR","CDOU"
"24","CHAM_CDOU",-0.0787666960832739,0.075597400328816,"CHAM","CDOU"
"25","CMAR_CDOU",-0.0522331471535866,0.148466101601317,"CMAR","CDOU"
"26","CORA_CDOU",-0.148726288602838,0.137284828518263,"CORA","CDOU"
"27","CUEV_CDOU",-0.0662636884136717,0.136271451234422,"CUEV","CDOU"
"28","DAPH_CDOU",-0.157871689697367,0.168694687686485,"DAPH","CDOU"
"29","EGAS_CDOU",-0.135737958828042,0.169891754825998,"EGAS","CDOU"
"30","ELI_CDOU",-0.0655314900505063,0.0378569210827875,"ELI","CDOU"
"31","GARD_CDOU",-0.073393379057368,0.12632756867818,"GARD","CDOU"
"32","PCAL_CDOU",-0.146852919686701,0.152409651072413,"PCAL","CDOU"
"33","PESP_CDOU",-0.0363736290912995,0.0177023740827915,"PESP","CDOU"
"34","PIN_CDOU",-0.0203388548581317,0.115684506997306,"PIN","CDOU"
"35","PLAZ_CDOU",-0.145702996752806,0.163777024167544,"PLAZ","CDOU"
"36","PMAN_CDOU",-0.0645874912701284,0.0522458971876954,"PMAN","CDOU"
"37","PMOR_CDOU",-0.0808487560494109,0.0429955549020983,"PMOR","CDOU"
"38","PROJ_CDOU",-0.137222001535537,0.158138850392643,"PROJ","CDOU"
"39","PVIC_CDOU",-0.00999939125181582,0.0166385606691139,"PVIC","CDOU"
"40","RED_CDOU",0.0798177596864287,0.162029713238536,"RED","CDOU"
"41","SOMB_CDOU",-0.125073212210626,0.155646791861505,"SOMB","CDOU"
"42","STAFE_CDOU",0.00742661948318693,0.1139928356063,"STAFE","CDOU"
"43","SUAR_CDOU",-0.072925216533849,0.12946368661427,"SUAR","CDOU"
"44","TOR_CDOU",-0.038382524497306,0.132404424548647,"TOR","CDOU"
"45","BAR_CHAM",-0.0969896257609584,0.0724012768410054,"BAR","CHAM"
"46","CDOU_CHAM",0.0848423047187879,0.0698822354070115,"CDOU","CHAM"
"47","CMAR_CHAM",-0.0287750730985443,0.14707349003727,"CMAR","CHAM"
"48","CORA_CHAM",-0.13062511437954,0.146498953290038,"CORA","CHAM"
"49","CUEV_CHAM",-0.0655919059183645,0.143141012962171,"CUEV","CHAM"
"50","DAPH_CHAM",0.0156106258262858,0.146359053031604,"DAPH","CHAM"
"51","EGAS_CHAM",-0.108927722483456,0.175526175680812,"EGAS","CHAM"
"52","ELI_CHAM",-0.0659306734459865,0.0140644595890364,"ELI","CHAM"
"53","GARD_CHAM",-0.073829912645301,0.130495508314672,"GARD","CHAM"
"54","PCAL_CHAM",-0.122427732432084,0.161575427129421,"PCAL","CHAM"
"55","PESP_CHAM",0.0152250263574941,0.0768199128277815,"PESP","CHAM"
"56","PIN_CHAM",-0.00858932862314544,0.116096473271382,"PIN","CHAM"
"57","PLAZ_CHAM",0.0292178311331434,0.132176956788844,"PLAZ","CHAM"
"58","PMAN_CHAM",-0.0515039380546981,0.0240804835459703,"PMAN","CHAM"
"59","PMOR_CHAM",-0.0778779257809534,0.0275453080021804,"PMOR","CHAM"
"60","PROJ_CHAM",-0.114507825898693,0.165536503009389,"PROJ","CHAM"
"61","PVIC_CHAM",0.0256662881308986,0.0661607695775337,"PVIC","CHAM"
"62","RED_CHAM",0.0798693589579696,0.146051889623643,"RED","CHAM"
"63","SOMB_CHAM",-0.104172639946318,0.161764795558271,"SOMB","CHAM"
"64","STAFE_CHAM",0.0147807819034374,0.115859898469123,"STAFE","CHAM"
"65","SUAR_CHAM",-0.0730184945913521,0.133853418826735,"SUAR","CHAM"
"66","TOR_CHAM",-0.0327134679561232,0.140790955425316,"TOR","CHAM"
"67","BAR_CMAR",-0.132921649687831,0.0845229376784986,"BAR","CMAR"
"68","CDOU_CMAR",0.0568232892117628,0.147051170444966,"CDOU","CMAR"
"69","CHAM_CMAR",0.0320950386671991,0.145132543338636,"CHAM","CMAR"
"70","CORA_CMAR",-0.149989155372132,0.0652646593104413,"CORA","CMAR"
"71","CUEV_CMAR",-0.225758367665617,0.135104756243041,"CUEV","CMAR"
"72","DAPH_CMAR",-0.15248580234651,0.0918726245008002,"DAPH","CMAR"
"73","EGAS_CMAR",-0.247882010197848,0.0457668437245259,"EGAS","CMAR"
"74","ELI_CMAR",-0.0144727183617338,0.143477624668153,"ELI","CMAR"
"75","GARD_CMAR",-0.225226589878225,0.0856243966488276,"GARD","CMAR"
"76","PCAL_CMAR",-0.147378461818804,0.0625124845226894,"PCAL","CMAR"
"77","PESP_CMAR",0.0292838808398517,0.16117085435797,"PESP","CMAR"
"78","PIN_CMAR",0.068455350851556,0.0657194386071098,"PIN","CMAR"
"79","PLAZ_CMAR",-0.130576069140391,0.0937643091646869,"PLAZ","CMAR"
"80","PMAN_CMAR",0.0116353695483455,0.151468492710456,"PMAN","CMAR"
"81","PMOR_CMAR",0.00872096687586581,0.135759547929598,"PMOR","CMAR"
"82","PROJ_CMAR",-0.213561534591986,0.0634419520635368,"PROJ","CMAR"
"83","PVIC_CMAR",0.0724031454064165,0.170795125897731,"PVIC","CMAR"
"84","RED_CMAR",0.291608416066298,0.142447602211482,"RED","CMAR"
"85","SOMB_CMAR",-0.175601046401027,0.101142907053846,"SOMB","CMAR"
"86","STAFE_CMAR",-0.122284149827122,0.103443860851233,"STAFE","CMAR"
"87","SUAR_CMAR",-0.219939441018279,0.0905193110910976,"SUAR","CMAR"
"88","TOR_CMAR",-0.133901248115545,0.102043307335548,"TOR","CMAR"
"89","BAR_CORA",-0.117795177978,0.0920897741005931,"BAR","CORA"
"90","CDOU_CORA",0.150395797382804,0.137911836723892,"CDOU","CORA"
"91","CHAM_CORA",0.130069855743785,0.148058082994594,"CHAM","CORA"
"92","CMAR_CORA",0.152226514376225,0.0651170712441008,"CMAR","CORA"
"93","CUEV_CORA",-0.213689123763191,0.0673822298855533,"CUEV","CORA"
"94","DAPH_CORA",-0.13307172969181,0.0469764696445573,"DAPH","CORA"
"95","EGAS_CORA",0.0327569882469439,0.0510456721794602,"EGAS","CORA"
"96","ELI_CORA",0.0945291608303876,0.165517817250072,"ELI","CORA"
"97","GARD_CORA",-0.262615551972453,0.11199302210218,"GARD","CORA"
"98","PCAL_CORA",0.150963811395427,0.0682111090409138,"PCAL","CORA"
"99","PESP_CORA",0.137702821874649,0.152374212052277,"PESP","CORA"
"100","PIN_CORA",0.196075238810993,0.0993859070474474,"PIN","CORA"
"101","PLAZ_CORA",-0.166542908116708,0.090226844553044,"PLAZ","CORA"
"102","PMAN_CORA",0.119029123950718,0.158101365013241,"PMAN","CORA"
"103","PMOR_CORA",0.106101724121389,0.154126761508474,"PMOR","CORA"
"104","PROJ_CORA",-0.0500942099541828,0.0428101594998725,"PROJ","CORA"
"105","PVIC_CORA",0.167616720576271,0.13751698904572,"PVIC","CORA"
"106","RED_CORA",0.253931035598045,0.1083902732573,"RED","CORA"
"107","SOMB_CORA",-0.0575662569964137,0.0419240100519211,"SOMB","CORA"
"108","STAFE_CORA",-0.195422240500232,0.0639405928009376,"STAFE","CORA"
"109","SUAR_CORA",-0.264322562502969,0.115385011464906,"SUAR","CORA"
"110","TOR_CORA",-0.126584524404007,0.105617697834447,"TOR","CORA"
"111","BAR_CUEV",0.0297918821204947,0.129854486944834,"BAR","CUEV"
"112","CDOU_CUEV",0.0662307709661184,0.138452928198747,"CDOU","CUEV"
"113","CHAM_CUEV",0.0668298497462904,0.145984516746067,"CHAM","CUEV"
"114","CMAR_CUEV",0.223648953148095,0.135580604406797,"CMAR","CUEV"
"115","CORA_CUEV",0.213007317204673,0.0679032875692768,"CORA","CUEV"
"116","DAPH_CUEV",0.236459513891268,0.21530267037166,"DAPH","CUEV"
"117","EGAS_CUEV",0.278904587212605,0.153162612893321,"EGAS","CUEV"
"118","ELI_CUEV",0.0385478919195353,0.146641268168578,"ELI","CUEV"
"119","GARD_CUEV",-0.0856728487287397,0.0865889050385135,"GARD","CUEV"
"120","PCAL_CUEV",0.257710560875899,0.160838683186845,"PCAL","CUEV"
"121","PESP_CUEV",0.039280692187434,0.141463447908312,"PESP","CUEV"
"122","PIN_CUEV",0.280478729326965,0.162486776794159,"PIN","CUEV"
"123","PLAZ_CUEV",0.207154588437913,0.0994067570139111,"PLAZ","CUEV"
"124","PMAN_CUEV",0.0422488582426546,0.150000147560679,"PMAN","CUEV"
"125","PMOR_CUEV",0.0501237258898883,0.157866756954239,"PMOR","CUEV"
"126","PROJ_CUEV",0.297474574841032,0.155002855973383,"PROJ","CUEV"
"127","PVIC_CUEV",0.185786750478339,0.162508335494453,"PVIC","CUEV"
"128","RED_CUEV",0.246557990529256,0.139305094439355,"RED","CUEV"
"129","SOMB_CUEV",0.262648667788389,0.187401521529959,"SOMB","CUEV"
"130","STAFE_CUEV",0.203828420386978,0.0997255182253052,"STAFE","CUEV"
"131","SUAR_CUEV",-0.084745333639961,0.0995922434114002,"SUAR","CUEV"
"132","TOR_CUEV",0.178751787409176,0.084659808411632,"TOR","CUEV"
"133","BAR_DAPH",-0.110282878301356,0.122539231296213,"BAR","DAPH"
"134","CDOU_DAPH",0.15995716302942,0.166761962355783,"CDOU","DAPH"
"135","CHAM_DAPH",-0.0171861032392802,0.147398548193024,"CHAM","DAPH"
"136","CMAR_DAPH",0.153426651191865,0.0907680312984286,"CMAR","DAPH"
"137","CORA_DAPH",0.13316140992939,0.0444227042149705,"CORA","DAPH"
"138","CUEV_DAPH",-0.23787555104421,0.213944910261072,"CUEV","DAPH"
"139","EGAS_DAPH",0.0616801045798983,0.084981194844793,"EGAS","DAPH"
"140","ELI_DAPH",-0.0377741029194029,0.135851556217719,"ELI","DAPH"
"141","GARD_DAPH",-0.235808602662607,0.163420674884882,"GARD","DAPH"
"142","PCAL_DAPH",0.263595583558023,0.0843480456073979,"PCAL","DAPH"
"143","PESP_DAPH",0.147461581738102,0.181411322704543,"PESP","DAPH"
"144","PIN_DAPH",0.313740126657934,0.105980263713594,"PIN","DAPH"
"145","PLAZ_DAPH",-0.0425418703494386,0.0252478792094811,"PLAZ","DAPH"
"146","PMAN_DAPH",-0.0375527807507826,0.138388956732069,"PMAN","DAPH"
"147","PMOR_DAPH",-0.0408263323313531,0.146967646139185,"PMOR","DAPH"
"148","PROJ_DAPH",0.0130118231661935,0.0354223042609814,"PROJ","DAPH"
"149","PVIC_DAPH",0.181752046308375,0.168669653008745,"PVIC","DAPH"
"150","RED_DAPH",0.262951055084034,0.134816334064743,"RED","DAPH"
"151","SOMB_DAPH",0.03391293736437,0.0288929858883779,"SOMB","DAPH"
"152","STAFE_DAPH",-0.072138643318459,0.0570731084591811,"STAFE","DAPH"
"153","SUAR_DAPH",-0.230455861619433,0.16833772050774,"SUAR","DAPH"
"154","TOR_DAPH",-0.124759491209083,0.148818296117605,"TOR","DAPH"
"155","BAR_EGAS",-0.135600704577642,0.0986479424713813,"BAR","EGAS"
"156","CDOU_EGAS",0.137818617334773,0.167411586800584,"CDOU","EGAS"
"157","CHAM_EGAS",0.108999136868317,0.173729001678923,"CHAM","EGAS"
"158","CMAR_EGAS",0.244457463394122,0.0506528531298973,"CMAR","EGAS"
"159","CORA_EGAS",-0.0313623006550063,0.050219907091778,"CORA","EGAS"
"160","CUEV_EGAS",-0.279464786175752,0.151125662828866,"CUEV","EGAS"
"161","DAPH_EGAS",-0.0607478156701586,0.0749192452223627,"DAPH","EGAS"
"162","ELI_EGAS",0.0618454153616387,0.18478283343087,"ELI","EGAS"
"163","GARD_EGAS",-0.219786120943695,0.095166127424764,"GARD","EGAS"
"164","PCAL_EGAS",0.119518831284922,0.0997482049688022,"PCAL","EGAS"
"165","PESP_EGAS",0.119385143740323,0.184471961713859,"PESP","EGAS"
"166","PIN_EGAS",0.238817483860898,0.134301603467671,"PIN","EGAS"
"167","PLAZ_EGAS",-0.0623341020281918,0.0566840128279828,"PLAZ","EGAS"
"168","PMAN_EGAS",0.0927786285903636,0.183444119844326,"PMAN","EGAS"
"169","PMOR_EGAS",-0.057029426556023,0.14252057362862,"PMOR","EGAS"
"170","PROJ_EGAS",-0.13574711193173,0.0864917917356472,"PROJ","EGAS"
"171","PVIC_EGAS",0.164528732471904,0.174369730292771,"PVIC","EGAS"
"172","RED_EGAS",0.292657664065095,0.111849046062151,"RED","EGAS"
"173","SOMB_EGAS",-0.081575172126952,0.093572451028575,"SOMB","EGAS"
"174","STAFE_EGAS",-0.0716853147228537,0.060630386927371,"STAFE","EGAS"
"175","SUAR_EGAS",-0.212255310324091,0.10136731743106,"SUAR","EGAS"
"176","TOR_EGAS",-0.138383995287074,0.119611300350097,"TOR","EGAS"
"177","BAR_ELI",-0.045187462172982,0.095944526924582,"BAR","ELI"
"178","CDOU_ELI",0.066285958903391,0.037268550801318,"CDOU","ELI"
"179","CHAM_ELI",0.066990415500376,0.0191748027098062,"CHAM","ELI"
"180","CMAR_ELI",0.0169132425895536,0.143544087712024,"CMAR","ELI"
"181","CORA_ELI",-0.0933792242715495,0.164679129190969,"CORA","ELI"
"182","CUEV_ELI",-0.0384237976810546,0.144854945139353,"CUEV","ELI"
"183","DAPH_ELI",0.0365394541686289,0.13506537142257,"DAPH","ELI"
"184","EGAS_ELI",-0.0600202485650232,0.185755066356459,"EGAS","ELI"
"185","GARD_ELI",-0.054597787127149,0.133804456511685,"GARD","ELI"
"186","PCAL_ELI",-0.0764123620094631,0.177187722485825,"PCAL","ELI"
"187","PESP_ELI",0.0796134097096223,0.0370806399571961,"PESP","ELI"
"188","PIN_ELI",0.0215524492847741,0.11664724968273,"PIN","ELI"
"189","PLAZ_ELI",0.0479301743478225,0.119423611631436,"PLAZ","ELI"
"190","PMAN_ELI",0.0624937757216765,0.0133723870545095,"PMAN","ELI"
"191","PMOR_ELI",0.0194411295789442,0.0146124867642665,"PMOR","ELI"
"192","PROJ_ELI",0.0463010631179066,0.135975842842989,"PROJ","ELI"
"193","PVIC_ELI",0.0883787850434679,0.0470935676445122,"PVIC","ELI"
"194","RED_ELI",0.0978371878309404,0.107304615773408,"RED","ELI"
"195","SOMB_ELI",0.0445078371423218,0.132211300059856,"SOMB","ELI"
"196","STAFE_ELI",0.0342851974488796,0.104092877629003,"STAFE","ELI"
"197","SUAR_ELI",-0.0531995416914344,0.13723138268587,"SUAR","ELI"
"198","TOR_ELI",0.00415829007956312,0.133060102779051,"TOR","ELI"
"199","BAR_GARD",0.0597009736256785,0.118692991357552,"BAR","GARD"
"200","CDOU_GARD",0.074148180665763,0.128186827561029,"CDOU","GARD"
"201","CHAM_GARD",0.0738275495604173,0.132747839039413,"CHAM","GARD"
"202","CMAR_GARD",0.224709788291225,0.0857008294203326,"CMAR","GARD"
"203","CORA_GARD",0.2628287803993,0.111730358129944,"CORA","GARD"
"204","CUEV_GARD",0.0897077764861441,0.0929347602742649,"CUEV","GARD"
"205","DAPH_GARD",0.234702365138946,0.163692679733022,"DAPH","GARD"
"206","EGAS_GARD",0.220180294978032,0.0942776268030309,"EGAS","GARD"
"207","ELI_GARD",0.0549225688680496,0.135958693197174,"ELI","GARD"
"208","PCAL_GARD",0.29797613722265,0.11569967864508,"PCAL","GARD"
"209","PESP_GARD",0.0545937662683109,0.132802853622557,"PESP","GARD"
"210","PIN_GARD",0.290286091440778,0.133009522141237,"PIN","GARD"
"211","PLAZ_GARD",0.279350841273971,0.149311433065037,"PLAZ","GARD"
"212","PMAN_GARD",0.0573247336024649,0.137144682984659,"PMAN","GARD"
"213","PMOR_GARD",0.0644980678375211,0.14152938834196,"PMOR","GARD"
"214","PROJ_GARD",0.226795234328255,0.100039257877914,"PROJ","GARD"
"215","PVIC_GARD",0.19528063119679,0.12938407180683,"PVIC","GARD"
"216","RED_GARD",0.242743168504674,0.102977896237459,"RED","GARD"
"217","SOMB_GARD",0.204588928036844,0.168167710763651,"SOMB","GARD"
"218","STAFE_GARD",0.345471658362279,0.111034628395077,"STAFE","GARD"
"219","SUAR_GARD",0.101900294754954,0.147540017715865,"SUAR","GARD"
"220","TOR_GARD",0.127904173993953,0.0998779181260844,"TOR","GARD"
"221","BAR_PCAL",-0.173719336941446,0.118665683807287,"BAR","PCAL"
"222","CDOU_PCAL",0.146573440633343,0.152793969215304,"CDOU","PCAL"
"223","CHAM_PCAL",0.12266939989058,0.162171057274077,"CHAM","PCAL"
"224","CMAR_PCAL",0.145371110352383,0.0608403860508577,"CMAR","PCAL"
"225","CORA_PCAL",-0.15131449775464,0.0651117238450608,"CORA","PCAL"
"226","CUEV_PCAL",-0.25665373913009,0.16078150462063,"CUEV","PCAL"
"227","DAPH_PCAL",-0.256797439103247,0.0869393111984631,"DAPH","PCAL"
"228","EGAS_PCAL",-0.117242464860839,0.103082719496808,"EGAS","PCAL"
"229","ELI_PCAL",0.0769617524360499,0.177240551875766,"ELI","PCAL"
"230","GARD_PCAL",-0.295986171010989,0.116648046074519,"GARD","PCAL"
"231","PESP_PCAL",0.131739057943166,0.170187476232453,"PESP","PCAL"
"232","PIN_PCAL",0.236346780233526,0.0920355790628125,"PIN","PCAL"
"233","PLAZ_PCAL",-0.282294155810301,0.0925049214129377,"PLAZ","PCAL"
"234","PMAN_PCAL",0.107594454048613,0.172778175430623,"PMAN","PCAL"
"235","PMOR_PCAL",0.0931875088016512,0.165495068315193,"PMOR","PCAL"
"236","PROJ_PCAL",-0.191081545331989,0.138726907887376,"PROJ","PCAL"
"237","PVIC_PCAL",0.170943359202046,0.155460358556911,"PVIC","PCAL"
"238","RED_PCAL",0.296813124906848,0.10386947211376,"RED","PCAL"
"239","SOMB_PCAL",-0.238554437567279,0.115625761814889,"SOMB","PCAL"
"240","STAFE_PCAL",-0.24554044899932,0.112127948746678,"STAFE","PCAL"
"241","SUAR_PCAL",-0.294691659092932,0.121529821559236,"SUAR","PCAL"
"242","TOR_PCAL",-0.183022840493101,0.128840601525901,"TOR","PCAL"
"243","BAR_PESP",-0.0456244884846381,0.0911606502224631,"BAR","PESP"
"244","CDOU_PESP",0.0389791447714254,0.0195058250171606,"CDOU","PESP"
"245","CHAM_PESP",-0.0137594105929082,0.077985055100819,"CHAM","PESP"
"246","CMAR_PESP",-0.0255115061806632,0.161943601253918,"CMAR","PESP"
"247","CORA_PESP",-0.136977237967573,0.151778598521523,"CORA","PESP"
"248","CUEV_PESP",-0.0391604506758634,0.139646056436294,"CUEV","PESP"
"249","DAPH_PESP",-0.145215497723412,0.182790919424429,"DAPH","PESP"
"250","EGAS_PESP",-0.117836881118701,0.185755962964582,"EGAS","PESP"
"251","ELI_PESP",-0.0788307137333834,0.0376219457653527,"ELI","PESP"
"252","GARD_PESP",-0.0540172321767332,0.130606295595934,"GARD","PESP"
"253","PCAL_PESP",-0.131739878362346,0.168970977113557,"PCAL","PESP"
"254","PIN_PESP",-0.00420144185260839,0.12309984901116,"PIN","PESP"
"255","PLAZ_PESP",-0.133539526524589,0.175478999304136,"PLAZ","PESP"
"256","PMAN_PESP",-0.0292773518729858,0.0474002144753415,"PMAN","PESP"
"257","PMOR_PESP",-0.0132277769588527,0.0382615309933539,"PMOR","PESP"
"258","PROJ_PESP",-0.122191284895276,0.173190220434503,"PROJ","PESP"
"259","PVIC_PESP",0.0890061739426472,0.050429584559514,"PVIC","PESP"
"260","RED_PESP",0.105604849362294,0.142480257909672,"RED","PESP"
"261","SOMB_PESP",-0.111084555937568,0.168993236438092,"SOMB","PESP"
"262","STAFE_PESP",0.0291445059013551,0.103792555629823,"STAFE","PESP"
"263","SUAR_PESP",-0.0528868604642078,0.133451166632453,"SUAR","PESP"
"264","TOR_PESP",-0.000862437187743577,0.128649829115637,"TOR","PESP"
"265","BAR_PIN",-0.184264394623459,0.12047701607307,"BAR","PIN"
"266","CDOU_PIN",0.0212836057077168,0.115835099575781,"CDOU","PIN"
"267","CHAM_PIN",0.00911534523377501,0.115812792527737,"CHAM","PIN"
"268","CMAR_PIN",-0.0681483513514282,0.0626744628124144,"CMAR","PIN"
"269","CORA_PIN",-0.196936692910895,0.0953822862881624,"CORA","PIN"
"270","CUEV_PIN",-0.281191921683646,0.160820849453728,"CUEV","PIN"
"271","DAPH_PIN",-0.312730470640049,0.109439403434924,"DAPH","PIN"
"272","EGAS_PIN",-0.238192376500033,0.132237804009079,"EGAS","PIN"
"273","ELI_PIN",-0.0208347352944367,0.116585772087735,"ELI","PIN"
"274","GARD_PIN",-0.290005039666497,0.133110595454023,"GARD","PIN"
"275","PCAL_PIN",-0.232631404952868,0.0979839640212197,"PCAL","PIN"
"276","PESP_PIN",0.00542249177657899,0.123802935008905,"PESP","PIN"
"277","PLAZ_PIN",-0.29836621110904,0.118946471783807,"PLAZ","PIN"
"278","PMAN_PIN",-0.00365734852515101,0.120110434240495,"PMAN","PIN"
"279","PMOR_PIN",-0.00330447059485142,0.111597979298617,"PMOR","PIN"
"280","PROJ_PIN",-0.217569496144053,0.123358453137137,"PROJ","PIN"
"281","PVIC_PIN",0.022691056927381,0.128383986314511,"PVIC","PIN"
"282","RED_PIN",0.0885835707056142,0.121370537489484,"RED","PIN"
"283","SOMB_PIN",-0.299962866481431,0.126395711178172,"SOMB","PIN"
"284","STAFE_PIN",-0.264820104418248,0.134920721475553,"STAFE","PIN"
"285","SUAR_PIN",-0.288419077116568,0.136155311178271,"SUAR","PIN"
"286","TOR_PIN",-0.19201171341757,0.131576106267635,"TOR","PIN"
"287","BAR_PLAZ",-0.123861129040187,0.0728979948763443,"BAR","PLAZ"
"288","CDOU_PLAZ",0.146995062161909,0.161363636127155,"CDOU","PLAZ"
"289","CHAM_PLAZ",-0.0302385818495314,0.133028892573634,"CHAM","PLAZ"
"290","CMAR_PLAZ",0.134350256630093,0.0923245616562668,"CMAR","PLAZ"
"291","CORA_PLAZ",0.167317142432811,0.0897643329659639,"CORA","PLAZ"
"292","CUEV_PLAZ",-0.20774999652823,0.0991571927166485,"CUEV","PLAZ"
"293","DAPH_PLAZ",0.0469140081811049,0.0230850113817252,"DAPH","PLAZ"
"294","EGAS_PLAZ",0.0644510535604533,0.0600624598626061,"EGAS","PLAZ"
"295","ELI_PLAZ",-0.0490872695309085,0.120741649281339,"ELI","PLAZ"
"296","GARD_PLAZ",-0.281432820316647,0.147493263342633,"GARD","PLAZ"
"297","PCAL_PLAZ",0.287176741226582,0.0896940743755487,"PCAL","PLAZ"
"298","PESP_PLAZ",0.13567028316143,0.173816569269576,"PESP","PLAZ"
"299","PIN_PLAZ",0.299992948585129,0.118616011361624,"PIN","PLAZ"
"300","PMAN_PLAZ",-0.0493624700077728,0.122568311921322,"PMAN","PLAZ"
"301","PMOR_PLAZ",-0.054081089482174,0.129655342832556,"PMOR","PLAZ"
"302","PROJ_PLAZ",0.0373766648450614,0.0256947663531748,"PROJ","PLAZ"
"303","PVIC_PLAZ",0.165725019789545,0.164330521858458,"PVIC","PLAZ"
"304","RED_PLAZ",0.233571230485122,0.147134280892426,"RED","PLAZ"
"305","SOMB_PLAZ",0.0368417519651553,0.0259501576296652,"SOMB","PLAZ"
"306","STAFE_PLAZ",-0.100027143132246,0.0628574317301405,"STAFE","PLAZ"
"307","SUAR_PLAZ",-0.277163203135543,0.155253331990617,"SUAR","PLAZ"
"308","TOR_PLAZ",-0.115171478240416,0.0672907876693872,"TOR","PLAZ"
"309","BAR_PMAN",-0.0503684234162428,0.0985257607141276,"BAR","PMAN"
"310","CDOU_PMAN",0.066988803347269,0.0526297171960033,"CDOU","PMAN"
"311","CHAM_PMAN",0.0551661228412887,0.025801271954213,"CHAM","PMAN"
"312","CMAR_PMAN",-0.0094080506236823,0.152284712262657,"CMAR","PMAN"
"313","CORA_PMAN",-0.119437326776492,0.15666990198774,"CORA","PMAN"
"314","CUEV_PMAN",-0.0415403033562099,0.147500900599543,"CUEV","PMAN"
"315","DAPH_PMAN",0.0368937044911521,0.137968108997677,"DAPH","PMAN"
"316","EGAS_PMAN",-0.0928569900952553,0.184960266714886,"EGAS","PMAN"
"317","ELI_PMAN",-0.061986361699128,0.0143756644847442,"ELI","PMAN"
"318","GARD_PMAN",-0.0569808786972856,0.135214858091957,"GARD","PMAN"
"319","PCAL_PMAN",-0.108010717753679,0.172538216161286,"PCAL","PMAN"
"320","PESP_PMAN",0.0280384514623896,0.0486635815421548,"PESP","PMAN"
"321","PIN_PMAN",0.00449277192718975,0.120137600438497,"PIN","PMAN"
"322","PLAZ_PMAN",0.0489279261893712,0.121715532182245,"PLAZ","PMAN"
"323","PMOR_PMAN",-0.0059046725919336,0.0342709069956601,"PMOR","PMAN"
"324","PROJ_PMAN",-0.0996630677276407,0.175234986746932,"PROJ","PMAN"
"325","PVIC_PMAN",0.0692515236247789,0.0665765135923883,"PVIC","PMAN"
"326","RED_PMAN",0.0922583354996328,0.130552074533811,"RED","PMAN"
"327","SOMB_PMAN",-0.0915284001259312,0.169990282539091,"SOMB","PMAN"
"328","STAFE_PMAN",0.0345064598460193,0.106210592669448,"STAFE","PMAN"
"329","SUAR_PMAN",-0.0556035300976494,0.138278396883753,"SUAR","PMAN"
"330","TOR_PMAN",0.00314376109232139,0.138701704869076,"TOR","PMAN"
"331","BAR_PMOR",-0.073540825489982,0.102882548168214,"BAR","PMOR"
"332","CDOU_PMOR",0.0830469949389298,0.0447824742131301,"CDOU","PMOR"
"333","CHAM_PMOR",0.0831671723619418,0.0248289572721633,"CHAM","PMOR"
"334","CMAR_PMOR",-0.00676112461804446,0.136439588092514,"CMAR","PMOR"
"335","CORA_PMOR",-0.106156363886799,0.153288747146627,"CORA","PMOR"
"336","CUEV_PMOR",-0.0494663679803143,0.15556198385323,"CUEV","PMOR"
"337","DAPH_PMOR",0.0394192039631857,0.146147029523878,"DAPH","PMOR"
"338","EGAS_PMOR",0.0569237977141663,0.141923117836977,"EGAS","PMOR"
"339","ELI_PMOR",-0.0195614569357206,0.0150306774625883,"ELI","PMOR"
"340","GARD_PMOR",-0.0640340061772668,0.139389952105985,"GARD","PMOR"
"341","PCAL_PMOR",-0.0919984381435374,0.165230427576038,"PCAL","PMOR"
"342","PESP_PMOR",0.0152431856842106,0.0403638828731623,"PESP","PMOR"
"343","PIN_PMOR",0.00440416019883634,0.1115130902319,"PIN","PMOR"
"344","PLAZ_PMOR",0.0528011950880563,0.128658510190483,"PLAZ","PMOR"
"345","PMAN_PMOR",0.00659626086871548,0.0353124238996517,"PMAN","PMOR"
"346","PROJ_PMOR",0.0514076849137608,0.147848137911298,"PROJ","PMOR"
"347","PVIC_PMOR",0.0455683327611831,0.0637229863011634,"PVIC","PMOR"
"348","RED_PMOR",0.0703769459597254,0.119983706720153,"RED","PMOR"
"349","SOMB_PMOR",0.0488996273298969,0.142876325339248,"SOMB","PMOR"
"350","STAFE_PMOR",0.036583579198574,0.112045819786974,"STAFE","PMOR"
"351","SUAR_PMOR",-0.0627878068611756,0.142968220413717,"SUAR","PMOR"
"352","TOR_PMOR",-0.000273204015441045,0.15274180960934,"TOR","PMOR"
"353","BAR_PROJ",-0.144106427619641,0.0986612361910239,"BAR","PROJ"
"354","CDOU_PROJ",0.140905708328511,0.155633433613485,"CDOU","PROJ"
"355","CHAM_PROJ",0.115818280113743,0.163858105403116,"CHAM","PROJ"
"356","CMAR_PROJ",0.21376346100228,0.0611991824388304,"CMAR","PROJ"
"357","CORA_PROJ",0.0505399122670218,0.0422306297462352,"CORA","PROJ"
"358","CUEV_PROJ",-0.298985278903413,0.152992790207606,"CUEV","PROJ"
"359","DAPH_PROJ",-0.0143830313598109,0.0362886939533386,"DAPH","PROJ"
"360","EGAS_PROJ",0.150268798294045,0.0575676489375539,"EGAS","PROJ"
"361","ELI_PROJ",-0.046800696009291,0.136878935853259,"ELI","PROJ"
"362","GARD_PROJ",-0.227113796163446,0.0999956399460911,"GARD","PROJ"
"363","PCAL_PROJ",0.19337315593742,0.139285606912208,"PCAL","PROJ"
"364","PESP_PROJ",0.125661101223428,0.171529564256309,"PESP","PROJ"
"365","PIN_PROJ",0.219964067135993,0.123715390707362,"PIN","PROJ"
"366","PLAZ_PROJ",-0.0374329716276728,0.0242659878983876,"PLAZ","PROJ"
"367","PMAN_PROJ",0.102331809966593,0.173750293059703,"PMAN","PROJ"
"368","PMOR_PROJ",-0.0518975867510936,0.148623285682285,"PMOR","PROJ"
"369","PVIC_PROJ",0.162895403553992,0.159602468329455,"PVIC","PROJ"
"370","RED_PROJ",0.268186728228623,0.11460156698857,"RED","PROJ"
"371","SOMB_PROJ",0.0114271225799238,0.0166828457156366,"SOMB","PROJ"
"372","STAFE_PROJ",-0.0505850099352186,0.0716359678726816,"STAFE","PROJ"
"373","SUAR_PROJ",-0.219266814656235,0.107093187174229,"SUAR","PROJ"
"374","TOR_PROJ",-0.157428591114696,0.125807810005653,"TOR","PROJ"
"375","BAR_PVIC",-0.0724163965542667,0.074017372634965,"BAR","PVIC"
"376","CDOU_PVIC",0.00994068660941125,0.0180383684475583,"CDOU","PVIC"
"377","CHAM_PVIC",-0.0243435319406914,0.0651967276855223,"CHAM","PVIC"
"378","CMAR_PVIC",-0.0665986438108326,0.172462171239369,"CMAR","PVIC"
"379","CORA_PVIC",-0.166737075228556,0.136879373331825,"CORA","PVIC"
"380","CUEV_PVIC",-0.184720654208591,0.164982451748141,"CUEV","PVIC"
"381","DAPH_PVIC",-0.178760585031567,0.171352871067448,"DAPH","PVIC"
"382","EGAS_PVIC",-0.161825340848119,0.177362523713981,"EGAS","PVIC"
"383","ELI_PVIC",-0.0883423972717798,0.046421537446374,"ELI","PVIC"
"384","GARD_PVIC",-0.193899374907884,0.132000729567562,"GARD","PVIC"
"385","PCAL_PVIC",-0.170722323305112,0.154448311777921,"PCAL","PVIC"
"386","PESP_PVIC",-0.0937094852980865,0.047490622414899,"PESP","PVIC"
"387","PIN_PVIC",-0.0214460948277895,0.128203203456866,"PIN","PVIC"
"388","PLAZ_PVIC",-0.161698179000572,0.167027801881733,"PLAZ","PVIC"
"389","PMAN_PVIC",-0.0702879780006936,0.0649610826678186,"PMAN","PVIC"
"390","PMOR_PVIC",-0.0455448606067257,0.0630397202740969,"PMOR","PVIC"
"391","PROJ_PVIC",-0.160131195906087,0.162417975592595,"PROJ","PVIC"
"392","RED_PVIC",0.112472281185874,0.171724007518352,"RED","PVIC"
"393","SOMB_PVIC",-0.14319172983176,0.161304478789284,"SOMB","PVIC"
"394","STAFE_PVIC",-0.153290190013852,0.158900452913948,"STAFE","PVIC"
"395","SUAR_PVIC",-0.188878901179382,0.134026370405332,"SUAR","PVIC"
"396","TOR_PVIC",-0.0286636311876834,0.123414742642916,"TOR","PVIC"
"397","BAR_RED",-0.0842622436193644,0.101010771692048,"BAR","RED"
"398","CDOU_RED",-0.0630938972624563,0.139637122874661,"CDOU","RED"
"399","CHAM_RED",-0.0724641317156233,0.134515027319116,"CHAM","RED"
"400","CMAR_RED",-0.29552644021977,0.133424955607983,"CMAR","RED"
"401","CORA_RED",-0.25260997594898,0.108673483630025,"CORA","RED"
"402","CUEV_RED",-0.246101298668265,0.138850363710949,"CUEV","RED"
"403","DAPH_RED",-0.260999680738645,0.134652364818264,"DAPH","RED"
"404","EGAS_RED",-0.2932419506015,0.105675234895846,"EGAS","RED"
"405","ELI_RED",-0.0921675957107302,0.0978999825716056,"ELI","RED"
"406","GARD_RED",-0.242064842905299,0.102194080203203,"GARD","RED"
"407","PCAL_RED",-0.297269150984528,0.105249675359167,"PCAL","RED"
"408","PESP_RED",-0.0961979470439022,0.128762098068212,"PESP","RED"
"409","PIN_RED",-0.08884239311386,0.118148095392391,"PIN","RED"
"410","PLAZ_RED",-0.232870128929848,0.145740888463768,"PLAZ","RED"
"411","PMAN_RED",-0.0856672247243279,0.119868011597757,"PMAN","RED"
"412","PMOR_RED",-0.0642185015414911,0.10962908996825,"PMOR","RED"
"413","PROJ_RED",-0.266189017952208,0.113494307810509,"PROJ","RED"
"414","PVIC_RED",-0.101183649295755,0.160019343174425,"PVIC","RED"
"415","SOMB_RED",-0.237478328644731,0.134886160803066,"SOMB","RED"
"416","STAFE_RED",-0.214147337701153,0.144591515282707,"STAFE","RED"
"417","SUAR_RED",-0.238143460885747,0.106900549040436,"SUAR","RED"
"418","TOR_RED",-0.186029075262455,0.137016925291611,"TOR","RED"
"419","BAR_SOMB",-0.132223118613112,0.099682733272819,"BAR","SOMB"
"420","CDOU_SOMB",0.128256224186592,0.153812202247656,"CDOU","SOMB"
"421","CHAM_SOMB",0.107495081059172,0.15956776111262,"CHAM","SOMB"
"422","CMAR_SOMB",0.176083672517132,0.0998729497188792,"CMAR","SOMB"
"423","CORA_SOMB",0.056969796510942,0.0419582690503384,"CORA","SOMB"
"424","CUEV_SOMB",-0.264870549346481,0.186140936594053,"CUEV","SOMB"
"425","DAPH_SOMB",-0.0389346785681198,0.0248528722802104,"DAPH","SOMB"
"426","EGAS_SOMB",0.0897285139494131,0.0812259554084669,"EGAS","SOMB"
"427","ELI_SOMB",-0.0451731088015388,0.132995824133332,"ELI","SOMB"
"428","GARD_SOMB",-0.206927150636605,0.167583777641676,"GARD","SOMB"
"429","PCAL_SOMB",0.240825044529078,0.116697171869316,"PCAL","SOMB"
"430","PESP_SOMB",0.113811991069214,0.167675211601114,"PESP","SOMB"
"431","PIN_SOMB",0.300218872778201,0.127237578104978,"PIN","SOMB"
"432","PLAZ_SOMB",-0.0385389035330047,0.0227520967280006,"PLAZ","SOMB"
"433","PMAN_SOMB",0.0940989611659361,0.168995583694596,"PMAN","SOMB"
"434","PMOR_SOMB",-0.0500167126031679,0.1441098517332,"PMOR","SOMB"
"435","PROJ_SOMB",-0.0101100683902313,0.0164766350368077,"PROJ","SOMB"
"436","PVIC_SOMB",0.147138890649364,0.15869673566022,"PVIC","SOMB"
"437","RED_SOMB",0.239209104019802,0.13641965589648,"RED","SOMB"
"438","STAFE_SOMB",-0.0605756558291564,0.0527791586735437,"STAFE","SOMB"
"439","SUAR_SOMB",-0.199876839918599,0.170648123450859,"SUAR","SOMB"
"440","TOR_SOMB",-0.135594922583642,0.122259498801967,"TOR","SOMB"
"441","BAR_STAFE",-0.096698632184116,0.0554884980765934,"BAR","STAFE"
"442","CDOU_STAFE",-0.00797461605043433,0.114236219852013,"CDOU","STAFE"
"443","CHAM_STAFE",-0.015271459611469,0.115714647705258,"CHAM","STAFE"
"444","CMAR_STAFE",0.122341127218556,0.102681825958039,"CMAR","STAFE"
"445","CORA_STAFE",0.1949789203455,0.0655641398978505,"CORA","STAFE"
"446","CUEV_STAFE",-0.202593445847807,0.106172546739999,"CUEV","STAFE"
"447","DAPH_STAFE",0.071233716450987,0.0551595902618348,"DAPH","STAFE"
"448","EGAS_STAFE",0.0699187322552997,0.0671129292161918,"EGAS","STAFE"
"449","ELI_STAFE",-0.0348836142964359,0.104249884633299,"ELI","STAFE"
"450","GARD_STAFE",-0.346237550969364,0.110711076381469,"GARD","STAFE"
"451","PCAL_STAFE",0.247623407661158,0.112379390302582,"PCAL","STAFE"
"452","PESP_STAFE",-0.029602762668661,0.103151578795671,"PESP","STAFE"
"453","PIN_STAFE",0.26557311984172,0.135576685763922,"PIN","STAFE"
"454","PLAZ_STAFE",0.0927127659694579,0.0640015751272318,"PLAZ","STAFE"
"455","PMAN_STAFE",-0.035161778027381,0.106820021179634,"PMAN","STAFE"
"456","PMOR_STAFE",-0.0372332535747173,0.112224230992995,"PMOR","STAFE"
"457","PROJ_STAFE",0.0488301243197406,0.071667647497542,"PROJ","STAFE"
"458","PVIC_STAFE",0.155656576113547,0.15778701854731,"PVIC","STAFE"
"459","RED_STAFE",0.215659448687859,0.145823937396994,"RED","STAFE"
"460","SOMB_STAFE",0.0582121816748579,0.0525842538545132,"SOMB","STAFE"
"461","SUAR_STAFE",-0.346643352749561,0.121445703480984,"SUAR","STAFE"
"462","TOR_STAFE",-0.0747937300053139,0.0699400706493406,"TOR","STAFE"
"463","BAR_SUAR",0.0578565843682382,0.120776770195483,"BAR","SUAR"
"464","CDOU_SUAR",0.0733336871405262,0.129899823596136,"CDOU","SUAR"
"465","CHAM_SUAR",0.0733608293296814,0.134663260565803,"CHAM","SUAR"
"466","CMAR_SUAR",0.219551756229932,0.089512442624508,"CMAR","SUAR"
"467","CORA_SUAR",0.264232893716204,0.115924784532115,"CORA","SUAR"
"468","CUEV_SUAR",0.0893888717460178,0.0965766003506375,"CUEV","SUAR"
"469","DAPH_SUAR",0.231177353018021,0.167779643232113,"DAPH","SUAR"
"470","EGAS_SUAR",0.212236016304353,0.101760808699047,"EGAS","SUAR"
"471","ELI_SUAR",0.0536592284736756,0.137444646161222,"ELI","SUAR"
"472","GARD_SUAR",-0.0613594465899415,0.158466395721542,"GARD","SUAR"
"473","PCAL_SUAR",0.296325409195273,0.121243822230223,"PCAL","SUAR"
"474","PESP_SUAR",0.0536089230284969,0.134148542462493,"PESP","SUAR"
"475","PIN_SUAR",0.288934613944879,0.135782187569889,"PIN","SUAR"
"476","PLAZ_SUAR",0.275358200850446,0.156521906395017,"PLAZ","SUAR"
"477","PMAN_SUAR",0.0564389004599504,0.138947237081244,"PMAN","SUAR"
"478","PMOR_SUAR",0.0635734663333942,0.143405341470437,"PMOR","SUAR"
"479","PROJ_SUAR",0.219012575597232,0.106086468813779,"PROJ","SUAR"
"480","PVIC_SUAR",0.190191712921167,0.131640174069406,"PVIC","SUAR"
"481","RED_SUAR",0.23976280675999,0.106564730061927,"RED","SUAR"
"482","SOMB_SUAR",0.199077237007793,0.17114411668828,"SOMB","SUAR"
"483","STAFE_SUAR",0.347129432272506,0.119982587715679,"STAFE","SUAR"
"484","TOR_SUAR",0.130492333339686,0.101624273426195,"TOR","SUAR"
"485","BAR_TOR",-0.157923377186893,0.100768165025531,"BAR","TOR"
"486","CDOU_TOR",0.0394540191892442,0.129772282769645,"CDOU","TOR"
"487","CHAM_TOR",0.0342650413319286,0.138203756317329,"CHAM","TOR"
"488","CMAR_TOR",0.13066578057155,0.0956439862611255,"CMAR","TOR"
"489","CORA_TOR",0.124144982745234,0.103662555875425,"CORA","TOR"
"490","CUEV_TOR",-0.178438453133533,0.073780015901122,"CUEV","TOR"
"491","DAPH_TOR",0.117947414026241,0.145933032335088,"DAPH","TOR"
"492","EGAS_TOR",0.138186927672982,0.113460102187561,"EGAS","TOR"
"493","ELI_TOR",-0.00302662360121846,0.13252923869877,"ELI","TOR"
"494","GARD_TOR",-0.127959024427912,0.0958202726002687,"GARD","TOR"
"495","PCAL_TOR",0.183163214511554,0.131201073934456,"PCAL","TOR"
"496","PESP_TOR",0.00267654454090154,0.126555617158271,"PESP","TOR"
"497","PIN_TOR",0.190208575156886,0.131399862103228,"PIN","TOR"
"498","PLAZ_TOR",0.107982193620027,0.0674637587333597,"PLAZ","TOR"
"499","PMAN_TOR",-0.00116254833231049,0.136517168786169,"PMAN","TOR"
"500","PMOR_TOR",0.0038234371814297,0.1485232078252,"PMOR","TOR"
"501","PROJ_TOR",0.145856939813263,0.118708566621043,"PROJ","TOR"
"502","PVIC_TOR",0.0305956563308693,0.120965295729263,"PVIC","TOR"
"503","RED_TOR",0.187381698006564,0.137478583537994,"RED","TOR"
"504","SOMB_TOR",0.129109336580407,0.116222124519532,"SOMB","TOR"
"505","STAFE_TOR",0.0733969309972477,0.0679593754457004,"STAFE","TOR"
"506","SUAR_TOR",-0.130147280186198,0.102613908742257,"SUAR","TOR"
